"AICc"	"Delta_AICc"	"AICcWt"	"K_rates"
"pt_1_eq"	56.8101533473411	0	0.669244385982898	1
"pt_1_ard"	58.659665586847	1.84951223950588	0.265441154042743	2
"pt_2_eq"	61.6357762558021	4.82562290846097	0.059939627038065	4
"pt_2_ard"	66.5067818334502	9.6966284861091	0.00524793701991083	2
"pt_3_eq"	74.013630365769	17.2034770184279	0.000122997750134212	9
"pt_3_ard"	80.9169499926698	24.1067966453286	3.89816624964965e-06	2
