"AICc"	"Delta_AICc"	"AICcWt"	"K_rates"
"pt_1_eq"	56.4766199127118	0	0.645696708018951	1
"pt_1_ard"	58.4149907691203	1.93837085640845	0.244972135911074	2
"pt_2_eq"	60.131183851813	3.65456393910116	0.103860425135073	4
"pt_2_ard"	66.1015408780948	9.62492096538293	0.00524811738318514	2
"pt_3_eq"	72.4390404237802	15.9624205110684	0.000220715584506309	9
"pt_3_ard"	81.9512234249992	25.4746035122873	1.89796721035291e-06	2
