"AICc"	"Delta_AICc"	"AICcWt"	"K_rates"
"pt_1_eq"	56.8101533745736	0	0.665333854499642	1
"pt_1_ard"	58.6596655986414	1.84951222406784	0.263890129262641	2
"pt_2_eq"	61.6345793883755	4.82442601380193	0.0596250593513279	4
"pt_2_ard"	65.0086361100733	8.19848273549974	0.0110347301320078	2
"pt_3_eq"	74.188566319454	17.3784129448805	0.000112037961749784	9
"pt_3_ard"	80.7614167604943	23.9512633859207	4.18879263110066e-06	2
