"AICc"	"Delta_AICc"	"AICcWt"	"K_rates"
"pt_1_eq"	57.0485176761092	0	0.654292044524518	1
"pt_1_ard"	58.8415279835574	1.79301030744817	0.266946602915569	2
"pt_2_eq"	61.59218128045	4.54366360434084	0.0674726277535669	4
"pt_2_ard"	65.2146744585088	8.16615678239961	0.0110284181751559	2
"pt_3_eq"	72.7462621298842	15.697744453775	0.000255299369637199	9
"pt_3_ard"	80.6093575013019	23.5608398251927	5.00726155289152e-06	2
