"AICc"	"Delta_AICc"	"AICcWt"	"K_rates"
"pt_1_eq"	56.3224513659985	0	0.677690748678485	1
"pt_1_ard"	58.3201401460781	1.99768878007966	0.249596763821326	2
"pt_2_eq"	61.0844770373612	4.76202567136275	0.0626571765906152	4
"pt_2_ard"	64.7931421371347	8.47069077113619	0.00980944478782385	2
"pt_3_eq"	72.1805912353427	15.8581398693442	0.000244050801209779	9
"pt_3_ard"	81.9828199295878	25.6603685635894	1.81532053999032e-06	2
