"AICc"	"Delta_AICc"	"AICcWt"	"K_rates"
"pt_1_eq"	57.4787965631262	0	0.618865157215575	1
"pt_1_ard"	59.4216792686429	1.94288270551672	0.23426338434063	2
"pt_2_eq"	60.6231268273392	3.14433026421299	0.128473451147232	4
"pt_2_ard"	64.5567457775874	7.07794921446119	0.0179737579416549	2
"pt_3_eq"	72.0825127194772	14.603716156351	0.000417291329617142	9
"pt_3_ard"	80.2702905165202	22.791493953394	6.95802529093645e-06	2
