"AICc"	"Delta_AICc"	"AICcWt"	"K_rates"
"pt_1_eq"	55.2716976532045	0	0.655539742264765	1
"pt_1_ard"	57.1307227963882	1.8590251431837	0.258771739568362	2
"pt_2_eq"	59.642623623183	4.37092596997849	0.0736994948702674	4
"pt_2_ard"	63.3240137799881	8.05231612678358	0.0116966311787864	2
"pt_3_eq"	70.7454643674559	15.4737667142514	0.000286096982261162	9
"pt_3_ard"	78.3785716689059	23.1068740157014	6.29513555756652e-06	2
