"AICc"	"Delta_AICc"	"AICcWt"	"K_rates"
"pt_1_eq"	55.9932268140363	0	0.665304190018526	1
"pt_1_ard"	57.9950248332256	2.00179801918933	0.244531798352964	2
"pt_2_eq"	60.2616900722567	4.26846325822041	0.0787290913319261	4
"pt_2_ard"	64.1670526948148	8.1738258807785	0.0111711149467029	6
"pt_3_eq"	71.6925770060317	15.6993501919954	0.000259387880017545	9
"pt_3_ard"	79.8380918953137	23.8448650812773	4.4174698630269e-06	12
