"AICc"	"Delta_AICc"	"AICcWt"	"K_rates"
"pt_1_eq"	58.0968388516556	0	0.675205908732798	1
"pt_1_ard"	60.0185591663066	1.92172031465103	0.258309256837513	2
"pt_2_eq"	63.0506383119777	4.95379946032212	0.0567194941701097	4
"pt_2_ard"	66.5910633935299	8.49422454187435	0.00965914778570858	2
"pt_3_eq"	75.705724639581	17.6088857879255	0.000101324686585419	9
"pt_3_ard"	81.7771058429787	23.6802669913231	4.86778728533466e-06	2
