"AICc"	"Delta_AICc"	"AICcWt"	"K_rates"
"pt_1_eq"	55.462374417435	0	0.696119687376706	1
"pt_1_ard"	57.3341735913529	1.87179917391787	0.273041015332395	2
"pt_2_eq"	62.0758245919993	6.61345017456435	0.0255030109812472	4
"pt_2_ard"	65.2316273670183	9.76925294958333	0.00526402074734531	2
"pt_3_eq"	73.8608026256865	18.3984282082515	7.03908149384828e-05	9
"pt_3_ard"	81.1119803692561	25.6496059518211	1.87474736793561e-06	2
