"AICc"	"Delta_AICc"	"AICcWt"	"K_rates"
"pt_1_eq"	55.2539251680218	0	0.697923270446442	1
"pt_1_ard"	57.219320012417	1.96539484439526	0.261232743313537	2
"pt_2_eq"	61.8570997638666	6.60317459584483	0.0257007936068995	4
"pt_2_ard"	62.9561301484352	7.70220498041336	0.0148352585027688	2
"pt_3_eq"	70.7389411114225	15.4850159434007	0.000302885993695129	9
"pt_3_ard"	78.9276156712219	23.6736905032001	5.04813665694371e-06	2
