"AICc"	"Delta_AICc"	"AICcWt"	"K_rates"
"pt_1_eq"	56.8304470564658	0	0.678788562780054	1
"pt_1_ard"	58.7658924031653	1.93544534669953	0.257903893753592	2
"pt_2_eq"	61.9644707907109	5.13402373424505	0.0521069228911114	4
"pt_2_ard"	65.0789523303861	8.24850527392026	0.0109797980906548	2
"pt_3_eq"	72.9278964706253	16.0974494141595	0.000216879143489473	9
"pt_3_ard"	80.9425202657442	24.1120732092784	3.94334109801651e-06	2
