"AICc"	"Delta_AICc"	"AICcWt"	"K_rates"
"pt_1_eq"	56.0972972167237	0	0.656679018673665	1
"pt_1_ard"	58.1257535100791	2.02845629335532	0.238165830148323	2
"pt_2_eq"	59.837977078379	3.74067986165525	0.101175376519457	4
"pt_2_ard"	66.4878749098046	10.3905776930809	0.00363971905693596	2
"pt_3_eq"	71.2569144409125	15.1596172241887	0.000335339016592773	9
"pt_3_ard"	79.7850284081229	23.6877311913992	4.71658502617186e-06	2
