"AICc"	"Delta_AICc"	"AICcWt"	"K_rates"
"pt_1_eq"	56.7948042256103	0	0.692011306218331	1
"pt_1_ard"	58.6642983652901	1.86949413967982	0.271742580812337	2
"pt_2_eq"	63.4082541979738	6.61344997236345	0.025352499068657	4
"pt_2_ard"	65.1447470172233	8.34994279161302	0.010640110807984	2
"pt_3_eq"	72.6550739109883	15.860269685378	0.000248942695205892	9
"pt_3_ard"	80.6546997964944	23.8598955708841	4.56039748499787e-06	2
