"AICc"	"Delta_AICc"	"AICcWt"	"K_rates"
"pt_1_eq"	57.7215559553746	0	0.638963830771642	1
"pt_1_ard"	59.7035284264211	1.98197247104646	0.237190025301572	2
"pt_2_eq"	61.3165410123575	3.5949850569829	0.105885182324307	4
"pt_2_ard"	64.9104078841567	7.18885192878205	0.0175564584580547	2
"pt_3_eq"	72.4930700974889	14.7715141421143	0.000396171048178193	9
"pt_3_ard"	80.2165320637382	22.4949761083636	8.33209624611974e-06	2
