"AICc"	"Delta_AICc"	"AICcWt"	"K_rates"
"pt_1_eq"	56.1489024695384	0	0.659337564604412	1
"pt_1_ard"	58.1320962352447	1.98319376570636	0.244603555259152	2
"pt_2_eq"	60.2940908568421	4.1451883873037	0.0829834713281867	4
"pt_2_ard"	64.0150240474835	7.86612157794515	0.0129122290672761	2
"pt_3_eq"	72.7952296577576	16.6463271882193	0.000160104595874614	9
"pt_3_ard"	80.7001801358523	24.551277666314	3.07514509901943e-06	2
