"AICc"	"Delta_AICc"	"AICcWt"	"K_rates"
"pt_1_eq"	57.4835287827604	0	0.671820003477092	1
"pt_1_ard"	59.5000594986661	2.0165307159057	0.245114413330471	2
"pt_2_eq"	61.7865281359903	4.30299935322996	0.0781391159629448	4
"pt_2_ard"	67.4383998245223	9.95487104176192	0.00462999103492435	2
"pt_3_eq"	72.9710478635467	15.4875190807863	0.000291192974867923	9
"pt_3_ard"	80.9899488386821	23.5064200559217	5.28321970084334e-06	2
