"AICc"	"Delta_AICc"	"AICcWt"	"K_rates"
"pt_1_eq"	58.6993942865486	0	0.656813121407135	1
"pt_1_ard"	60.5789369327249	1.87954264617636	0.256628166077413	2
"pt_2_eq"	63.0908762900486	4.39148200350005	0.0730875862775588	4
"pt_2_ard"	66.5142212024764	7.8148269159279	0.0131969544271676	2
"pt_3_eq"	74.297655281349	15.5982609948005	0.000269353412194793	9
"pt_3_ard"	82.3448206804379	23.6454263938893	4.81839853043953e-06	2
