"AICc"	"Delta_AICc"	"AICcWt"	"K_rates"
"pt_1_eq"	56.993588416693	0	0.657860179535638	1
"pt_1_ard"	58.7958589719787	1.80227055528569	0.267162513490037	2
"pt_2_eq"	61.738382984156	4.74479456746294	0.0613499975920209	4
"pt_2_ard"	64.786860917331	7.79327250063794	0.0133612157780551	2
"pt_3_eq"	72.6304605921489	15.6368721754558	0.00026462443831755	9
"pt_3_ard"	83.0176941133486	26.0241056966555	1.46916593160033e-06	2
