"AICc"	"Delta_AICc"	"AICcWt"	"K_rates"
"pt_1_eq"	55.7552231554313	0	0.657778641387238	1
"pt_1_ard"	57.6813438278859	1.92612067245456	0.251089168048303	2
"pt_2_eq"	60.0310849095964	4.2758617541651	0.0775511397417766	4
"pt_2_ard"	63.541004509113	7.78578135368167	0.0134096927713856	2
"pt_3_eq"	72.3294909902581	16.5742678348268	0.000165585855561872	9
"pt_3_ard"	79.0423655372048	23.2871423817735	5.77219573555897e-06	2
