"AICc"	"Delta_AICc"	"AICcWt"	"K_rates"
"pt_1_eq"	57.8910037841375	0	0.636272197662417	1
"pt_1_ard"	59.7751700694999	1.88416628536233	0.248028414164513	2
"pt_2_eq"	61.6245357821908	3.73353199805324	0.0983822554004691	4
"pt_2_ard"	65.1414233813219	7.25041959718442	0.0169525227394049	2
"pt_3_eq"	72.8534966645944	14.9624928804569	0.000358574086029551	9
"pt_3_ard"	81.0223016777991	23.1312978936616	6.03594716575241e-06	2
