"AICc"	"Delta_AICc"	"AICcWt"	"K_rates"
"pt_1_eq"	59.4255463006583	0	0.621439681166727	1
"pt_1_ard"	61.4294389799891	2.00389267933085	0.228170353158209	2
"pt_2_eq"	62.5240280345128	3.09848173385451	0.131999480329371	4
"pt_2_ard"	66.5160479623026	7.09050166164433	0.0179356082005238	2
"pt_3_eq"	73.8948330483719	14.4692867477136	0.000448160199978308	9
"pt_3_ard"	82.2958676309019	22.8703213302436	6.71694519073134e-06	2
