"AICc"	"Delta_AICc"	"AICcWt"	"K_rates"
"pt_1_eq"	57.2150886186329	0	0.654112454216035	1
"pt_1_ard"	59.1928714964963	1.97778287786335	0.243322529722173	2
"pt_2_eq"	61.2301160492504	4.01502743061751	0.0878618390311351	4
"pt_2_ard"	64.8469623519646	7.63187373333166	0.0144016447434187	2
"pt_3_eq"	72.6039739243265	15.3888853056936	0.00029785056802401	9
"pt_3_ard"	81.3903981049346	24.1753094863017	3.68171921416533e-06	2
