"AICc"	"Delta_AICc"	"AICcWt"	"K_rates"
"pt_1_eq"	55.3253260564802	0	0.695406769484951	1
"pt_1_ard"	57.2765960254573	1.95126996897713	0.262135611160372	2
"pt_2_eq"	61.9285006515769	6.60317459509672	0.025608124300865	4
"pt_2_ard"	62.8070247418804	7.48169868540019	0.0165047399853243	2
"pt_3_eq"	70.5886131334769	15.2632870769967	0.000337177229162552	9
"pt_3_ard"	78.1793743035213	22.8540482470411	7.57783932578613e-06	2
