"AICc"	"Delta_AICc"	"AICcWt"	"K_rates"
"pt_1_eq"	58.9531690217672	0	0.699330885373293	1
"pt_1_ard"	60.90072325596	1.94755423419284	0.264105034708567	2
"pt_2_eq"	65.5666189916481	6.61344996988088	0.0256206589152511	4
"pt_2_ard"	67.2943495595889	8.34118053782171	0.0107998660465027	2
"pt_3_eq"	76.0004867747803	17.0473177530131	0.000138964763686764	9
"pt_3_ard"	82.8210835683429	23.8679145465757	4.59019269905807e-06	2
