"AICc"	"Delta_AICc"	"AICcWt"	"K_rates"
"pt_1_eq"	57.7335936804863	0	0.689924767935431	1
"pt_1_ard"	59.583946369738	1.85035268925166	0.273528607731169	2
"pt_2_eq"	64.3470436514236	6.6134499709373	0.0252760567519984	4
"pt_2_ard"	66.0042131444826	8.27061946399625	0.0110372159176227	2
"pt_3_eq"	73.7361734822216	16.0025798017352	0.000231145628382185	9
"pt_3_ard"	83.0398754252217	25.3062817447354	2.20603539655197e-06	2
