"AICc"	"Delta_AICc"	"AICcWt"	"K_rates"
"pt_1_eq"	55.1545788070841	0	0.690208919636437	1
"pt_1_ard"	57.0413199284074	1.88674112132332	0.268707592913851	2
"pt_2_eq"	61.7577534100885	6.60317460300442	0.0254167150987362	4
"pt_2_ard"	62.7649369052358	7.61035809815168	0.0153607458543729	6
"pt_3_eq"	70.6089493109008	15.4543705038167	0.000304163188275824	9
"pt_3_ard"	80.7993708763168	25.6447920692327	1.86330832702879e-06	12
