"AICc"	"Delta_AICc"	"AICcWt"	"K_rates"
"pt_1_eq"	56.1225885073604	0	0.662262800251264	1
"pt_1_ard"	57.9780952563252	1.85550674896477	0.261885944308176	2
"pt_2_eq"	60.7787286654676	4.65614015810716	0.0645598291342996	4
"pt_2_ard"	64.3069789618945	8.18439045453411	0.011061462594032	2
"pt_3_eq"	72.0924967155702	15.9699082082098	0.00022553235533087	9
"pt_3_ard"	79.9520123089431	23.8294238015827	4.4313568975987e-06	2
