"AICc"	"Delta_AICc"	"AICcWt"	"K_rates"
"pt_1_eq"	58.5649606336577	0	0.655372953186762	1
"pt_1_ard"	60.5128133879249	1.9478527542672	0.247467210557591	2
"pt_2_eq"	62.7378649418838	4.17290430822612	0.0813493069003061	4
"pt_2_ard"	66.054193539439	7.48923290578136	0.0154960943519413	2
"pt_3_eq"	73.885089775832	15.3201291421743	0.000308862185461031	9
"pt_3_ard"	81.915078447869	23.3501178142113	5.57281793896703e-06	2
