"AICc"	"Delta_AICc"	"AICcWt"	"K_rates"
"pt_1_eq"	56.6031284534838	0	0.69963415247583	1
"pt_1_ard"	58.5753894933685	1.97226103988474	0.260975632046434	2
"pt_2_eq"	63.2063030339879	6.60317458050409	0.0257637964694019	4
"pt_2_ard"	64.5266240024704	7.92349554898664	0.0133139157416563	2
"pt_3_eq"	72.0767472775435	15.4736188240597	0.000305363669720955	9
"pt_3_ard"	79.5884414772271	22.9853130237433	7.13959695736651e-06	2
