"AICc"	"Delta_AICc"	"AICcWt"	"K_rates"
"pt_1_eq"	59.5215787098216	0	0.700461200305548	1
"pt_1_ard"	61.4365490565637	1.9149703467421	0.268876939862807	2
"pt_2_eq"	66.1350286351059	6.61344992528424	0.0256620696610421	4
"pt_2_ard"	69.5278856200159	10.0063069101942	0.00470481061597292	2
"pt_3_eq"	75.1012872301602	15.5797085203386	0.000289930139152154	9
"pt_3_ard"	83.2020222400552	23.6804435302335	5.04941547739096e-06	2
