"AICc"	"Delta_AICc"	"AICcWt"	"K_rates"
"pt_1_eq"	58.4809341090752	0	0.666664689728839	1
"pt_1_ard"	60.3727214791239	1.89178737004864	0.258887478262834	2
"pt_2_eq"	63.1603650098872	4.67943090081195	0.0642365109260296	4
"pt_2_ard"	66.8852879716644	8.40435386258913	0.00997528241013629	2
"pt_3_eq"	74.4110095723995	15.9300754633243	0.000231598380446314	9
"pt_3_ard"	82.3195789264076	23.8386448173323	4.44029171462856e-06	2
