"AICc"	"Delta_AICc"	"AICcWt"	"K_rates"
"pt_1_eq"	56.4207132422914	0	0.675931270432033	1
"pt_1_ard"	58.2481799730767	1.82746673078531	0.271064834651674	2
"pt_2_eq"	61.898562091495	5.47784884920353	0.0436920854761646	4
"pt_2_ard"	65.0105080692478	8.58979482695636	0.00921833085967575	2
"pt_3_eq"	74.2752376259637	17.8545243836723	8.97102010843279e-05	9
"pt_3_ard"	80.6151165335435	24.194403291252	3.76837936836543e-06	2
