"AICc"	"Delta_AICc"	"AICcWt"	"K_rates"
"pt_1_eq"	58.0448374956629	0	0.658679933333103	1
"pt_1_ard"	59.8948146138746	1.84997711821168	0.261190276914016	2
"pt_2_eq"	62.5804178964504	4.53558040078749	0.0682002022742541	4
"pt_2_ard"	66.107243026118	8.0624055304551	0.0116935214463591	2
"pt_3_eq"	73.9550658714845	15.9102283758216	0.000231106541361418	9
"pt_3_ard"	81.6382173246521	23.5933798289892	4.95949090637107e-06	2
