"AICc"	"Delta_AICc"	"AICcWt"	"K_rates"
"pt_1_eq"	59.2849044132782	0	0.587388440393997	1
"pt_1_ard"	61.2514973331108	1.96659291983263	0.219727881696689	2
"pt_2_eq"	61.803158972498	2.51825455921981	0.166760568097858	4
"pt_2_ard"	65.5554649826302	6.270560569352	0.025544091938325	2
"pt_3_eq"	73.1635496483779	13.8786452350998	0.000569135760589885	9
"pt_3_ard"	81.2703350321852	21.985430618907	9.88211254082131e-06	2
