"AICc"	"Delta_AICc"	"AICcWt"	"K_rates"
"pt_1_eq"	56.6468930127954	0	0.691525936538876	1
"pt_1_ard"	58.5820886453214	1.93519563252595	0.262776232175212	2
"pt_2_eq"	63.2500676096649	6.60317459686951	0.0254652138885253	4
"pt_2_ard"	63.7516048995178	7.10471188672238	0.0198170903558881	2
"pt_3_eq"	71.5186602713825	14.8717672585871	0.000407798144350307	9
"pt_3_ard"	79.4502725252852	22.8033795124898	7.72889714827154e-06	2
