"AICc"	"Delta_AICc"	"AICcWt"	"K_rates"
"pt_1_eq"	58.2816437885485	0	0.697761130725642	1
"pt_1_ard"	60.2381877938724	1.95654400532393	0.262330411530743	2
"pt_2_eq"	64.8950937407567	6.61344995220823	0.0255631496713704	4
"pt_2_ard"	66.0724784504241	7.79083466187564	0.0141888932585143	2
"pt_3_eq"	75.164615598147	16.8829718095985	0.000150527561269914	9
"pt_3_ard"	81.6473291688817	23.3656853803333	5.88725245981524e-06	2
