"AICc"	"Delta_AICc"	"AICcWt"	"K_rates"
"pt_1_eq"	55.2946154517558	0	0.649083728918955	1
"pt_1_ard"	57.1282949399128	1.83367948815695	0.259490988733539	2
"pt_2_eq"	59.3219010125408	4.02728556078504	0.0866536327933823	4
"pt_2_ard"	65.2574801486489	9.96286469689304	0.00445545581978113	2
"pt_3_eq"	70.597220271539	15.3026048197832	0.000308590325463266	9
"pt_3_ard"	78.0040560839392	22.7094406321834	7.60340887926349e-06	2
