"AICc"	"Delta_AICc"	"AICcWt"	"K_rates"
"pt_1_eq"	56.8644634657685	0	0.693787455705865	1
"pt_1_ard"	58.7156184524901	1.85115498672166	0.274949696866479	2
"pt_2_eq"	63.4779139203975	6.613450454629	0.0254175638825997	4
"pt_2_ard"	66.503128941797	9.63866547602858	0.00560037139342002	2
"pt_3_eq"	72.7992159749632	15.9347525091948	0.000240457817269815	9
"pt_3_ard"	80.7765500571439	23.9120865913754	4.45433436662075e-06	2
