"AICc"	"Delta_AICc"	"AICcWt"	"K_rates"
"pt_1_eq"	56.4121647911622	0	0.694955735920558	1
"pt_1_ard"	58.2948813212224	1.88271653006021	0.271100578169861	2
"pt_2_eq"	63.0256147450389	6.61344995387665	0.0254603713150652	4
"pt_2_ard"	65.2659065303654	8.85374173920317	0.0083059928518882	2
"pt_3_eq"	72.9739798172603	16.5618150260981	0.000176037302771664	9
"pt_3_ard"	82.8147262299046	26.4025614387424	1.28443985630986e-06	2
