"AICc"	"Delta_AICc"	"AICcWt"	"K_rates"
"pt_1_eq"	53.8935830636644	0	0.707077714343149	1
"pt_1_ard"	55.8861139122759	1.99253084861144	0.261092606045728	2
"pt_2_eq"	60.4967576619066	6.60317459824216	0.0260379029444948	4
"pt_2_ard"	63.5901703596875	9.69658729602305	0.00554472448865507	2
"pt_3_eq"	69.8424192529039	15.9488361892395	0.000243344410123929	9
"pt_3_ard"	78.2105147085603	24.3169316448959	3.70776784925294e-06	2
