"AICc"	"Delta_AICc"	"AICcWt"	"K_rates"
"pt_1_eq"	55.6968332273869	0	0.709840045302893	1
"pt_1_ard"	57.7864898820202	2.08965665463334	0.249687797895116	2
"pt_2_eq"	62.2998636702646	6.6030304428777	0.0261415090198439	4
"pt_2_ard"	63.5470472862932	7.8502140589063	0.0140122595265016	2
"pt_3_eq"	71.1629188818948	15.466085654508	0.000310987310182949	9
"pt_3_ard"	78.6392075834476	22.9423743560607	7.40094546285946e-06	2
