"AICc"	"Delta_AICc"	"AICcWt"	"K_rates"
"pt_1_eq"	58.2569070626386	0	0.635997787611722	1
"pt_1_ard"	60.0900535301196	1.83314646748105	0.254327256970384	2
"pt_2_eq"	62.03504286518	3.77813580254148	0.0961709352328911	4
"pt_2_ard"	65.9878438612961	7.73093679865755	0.0133261288799277	2
"pt_3_eq"	74.6892413279041	16.4323342652655	0.000171877709229345	9
"pt_3_ard"	81.3947620297225	23.1378549670839	6.01359584637904e-06	2
