"AICc"	"Delta_AICc"	"AICcWt"	"K_rates"
"pt_1_eq"	57.094083051561	0	0.648113310796019	1
"pt_1_ard"	59.2090707037989	2.11498765223796	0.22510607088784	2
"pt_2_eq"	60.4180841991911	3.32400114763007	0.122985316425302	4
"pt_2_ard"	67.5780154129983	10.4839323614373	0.00342841948243187	6
"pt_3_eq"	72.0793707319813	14.9852876804203	0.000361107963748851	9
"pt_3_ard"	80.35084051924	23.256757467679	5.77444465731178e-06	12
