"AICc"	"Delta_AICc"	"AICcWt"	"K_rates"
"pt_1_eq"	55.5828288589954	0	0.694921844127586	1
"pt_1_ard"	57.5299586612587	1.94712980226337	0.262495642952293	2
"pt_2_eq"	62.1860040125277	6.60317515353236	0.0255902599396974	4
"pt_2_ard"	63.0467305443609	7.46390168536553	0.0166406507477596	6
"pt_3_eq"	70.7972557195207	15.2144268605254	0.000345275011222852	9
"pt_3_ard"	78.796215808505	23.2133869495096	6.3272214413535e-06	12
