"AICc"	"Delta_AICc"	"AICcWt"	"K_rates"
"pt_1_eq"	56.8358001777243	0	0.649267574276027	1
"pt_1_ard"	58.7853911261776	1.94959094845327	0.244948857665112	2
"pt_2_eq"	60.7940109740493	3.95821079632501	0.0897241102519266	4
"pt_2_ard"	64.2763298065669	7.44052962884253	0.0157301633925391	6
"pt_3_eq"	72.0477299252225	15.2119297474981	0.000322994509294619	9
"pt_3_ard"	79.9219314334101	23.0861312556857	6.29990510065857e-06	12
