"AICc"	"Delta_AICc"	"AICcWt"	"K_rates"
"pt_1_eq"	58.6747414547572	0	0.654534446370119	1
"pt_1_ard"	60.6213923914185	1.94665093666123	0.247299152049499	2
"pt_2_eq"	62.7489122633567	4.07417080859945	0.0853566883288892	4
"pt_2_ard"	66.5833623285205	7.90862087376325	0.0125486586217592	2
"pt_3_eq"	74.3642464527799	15.6895049980227	0.000256448276701336	9
"pt_3_ard"	82.403227551347	23.7284860965898	4.60635303260281e-06	2
