"AICc"	"Delta_AICc"	"AICcWt"	"K_rates"
"pt_1_eq"	54.1591802910841	0	0.673858809637889	1
"pt_1_ard"	56.0946821581525	1.93550186706842	0.256023611893283	2
"pt_2_eq"	59.0252569577712	4.86607666668711	0.0591444214687587	4
"pt_2_ard"	62.4357252962308	8.27654500514669	0.0107483054022244	2
"pt_3_eq"	70.2158923015596	16.0567120104755	0.000219734474089776	9
"pt_3_ard"	77.7355470352248	23.5763667441406	5.11712375515636e-06	2
