"AICc"	"Delta_AICc"	"AICcWt"	"K_rates"
"pt_1_eq"	58.1782011362284	0	0.704139418712869	1
"pt_1_ard"	60.1895523999476	2.01135126371915	0.257572373470845	2
"pt_2_eq"	64.7916510956333	6.61344995940486	0.0257968242893952	4
"pt_2_ard"	66.2828989587846	8.10469782255619	0.0122389986392342	2
"pt_3_eq"	74.0810310746371	15.9028299384087	0.000247972210207989	9
"pt_3_ard"	82.1387011704559	23.9605000342275	4.41267744830412e-06	2
