"AICc"	"Delta_AICc"	"AICcWt"	"K_rates"
"pt_1_eq"	55.2385473403327	0	0.685887239254172	1
"pt_1_ard"	57.2525903266483	2.01404298631566	0.250558329770009	2
"pt_2_eq"	60.1287924735652	4.89024513323258	0.0594770588903108	4
"pt_2_ard"	65.5973096381285	10.3587622977958	0.00386256739668669	2
"pt_3_eq"	71.4158936423586	16.177346302026	0.000210565205061652	9
"pt_3_ard"	79.2266013643297	23.988054023997	4.23948375923419e-06	2
