"AICc"	"Delta_AICc"	"AICcWt"	"K_rates"
"pt_1_eq"	55.8787771390753	0	0.65215948424274	1
"pt_1_ard"	57.7231745874545	1.84439744837923	0.259327156099721	2
"pt_2_eq"	60.1680715526201	4.28929441354482	0.0763739701271224	4
"pt_2_ard"	63.8766904063117	7.99791326723643	0.0119571868319003	6
"pt_3_eq"	72.3179025348558	16.4391253957806	0.000175647952306952	9
"pt_3_ard"	78.8944871778071	23.0157100387318	6.55474620940558e-06	12
