"AICc"	"Delta_AICc"	"AICcWt"	"K_rates"
"pt_1_eq"	58.3990621080869	0	0.647361839161759	1
"pt_1_ard"	60.2657950439843	1.8667329358974	0.254560601387435	2
"pt_2_eq"	62.4909808572196	4.09191874913265	0.083675483084796	4
"pt_2_ard"	66.0333399463834	7.63427783829651	0.0142358933471017	2
"pt_3_eq"	74.9962390299701	16.5971769218832	0.000161107559448729	9
"pt_3_ard"	81.91154934666	23.5124872385731	5.07545945933735e-06	2
