"AICc"	"Delta_AICc"	"AICcWt"	"K_rates"
"pt_1_eq"	54.3968802156467	0	0.676573977608329	1
"pt_1_ard"	56.2017505154948	1.80487029984811	0.274405419262949	2
"pt_2_eq"	59.9928554870069	5.59597527136025	0.0412253830214207	4
"pt_2_ard"	63.3635689561735	8.96668874052683	0.00764229098075117	2
"pt_3_eq"	71.2060936336244	16.8092134179777	0.000151440129961855	9
"pt_3_ard"	80.4502694390252	26.0533892233785	1.48899658821698e-06	2
