"AICc"	"Delta_AICc"	"AICcWt"	"K_rates"
"pt_1_eq"	58.5381567962292	0	0.653075422974791	1
"pt_1_ard"	60.5573756186121	2.01921882238299	0.237955388702041	2
"pt_2_eq"	62.1925046902224	3.65434789399324	0.105058640778507	4
"pt_2_ard"	68.8842579012533	10.3461011050242	0.00370114441194737	2
"pt_3_eq"	74.6972849589326	16.1591281627035	0.000202326721209095	9
"pt_3_ard"	81.4035187448014	22.8653619485723	7.07641150445762e-06	2
