"AICc"	"Delta_AICc"	"AICcWt"	"K_rates"
"pt_1_eq"	56.8057609555399	0	0.63364065030684	1
"pt_1_ard"	58.6764326210473	1.87067166550743	0.248674835956929	2
"pt_2_eq"	60.4789563290323	3.67319537349241	0.100976145863508	4
"pt_2_ard"	64.121094565636	7.31533361009613	0.0163432536447475	2
"pt_3_eq"	71.7689941233804	14.9632331678405	0.000356958915022124	9
"pt_3_ard"	79.3268962838311	22.5211353282913	8.15531295320803e-06	2
