"AICc"	"Delta_AICc"	"AICcWt"	"K_rates"
"pt_1_eq"	57.6505271114542	0	0.662947937459258	1
"pt_1_ard"	59.5584644375664	1.90793732611221	0.255373658060557	2
"pt_2_eq"	62.1600680095642	4.50954089810994	0.0695416610359632	4
"pt_2_ard"	65.6796258342315	8.02909872277728	0.0119669310513715	2
"pt_3_eq"	74.2422381726281	16.5917110611739	0.000165437951613222	9
"pt_3_ard"	81.5078730034118	23.8573458919575	4.37444123703308e-06	2
