"AICc"	"Delta_AICc"	"AICcWt"	"K_rates"
"pt_1_eq"	59.10772570212	0	0.659222221780765	1
"pt_1_ard"	61.1172891172399	2.00956341511996	0.241357438180414	2
"pt_2_eq"	62.9863374362666	3.87861173414662	0.0947986170599584	4
"pt_2_ard"	69.1702789259223	10.0625532238024	0.00430502987022505	2
"pt_3_eq"	74.4243116531667	15.3165859510467	0.00031122713763873	9
"pt_3_ard"	82.50827407333	23.4005483712101	5.46597099815867e-06	2
