"AICc"	"Delta_AICc"	"AICcWt"	"K_rates"
"pt_1_eq"	55.7202968525036	0	0.665948112643596	1
"pt_1_ard"	57.587324099937	1.86702724743343	0.261830706063064	2
"pt_2_eq"	60.4914642539859	4.77116740148237	0.061290696278149	4
"pt_2_ard"	63.9801252092222	8.25982835671864	0.0107112820181299	2
"pt_3_eq"	71.7944480516008	16.0741511990972	0.000215269652078534	9
"pt_3_ard"	79.7992505186099	24.0789536661063	3.93334498265385e-06	2
