"AICc"	"Delta_AICc"	"AICcWt"	"K_rates"
"pt_1_eq"	57.7793887835572	0	0.657458191003808	1
"pt_1_ard"	59.6439121176288	1.86452333407154	0.25881654937625	2
"pt_2_eq"	62.1784431136545	4.39905433009726	0.0728828974896625	4
"pt_2_ard"	66.0142270238818	8.23483824032457	0.0107076887056483	2
"pt_3_eq"	74.8339688644035	17.0545800808463	0.000130170667029739	9
"pt_3_ard"	81.5622816710504	23.7828928874932	4.50275760156585e-06	2
