"AICc"	"Delta_AICc"	"AICcWt"	"K_rates"
"pt_1_eq"	55.8094296110739	0	0.668164791487587	1
"pt_1_ard"	57.6320163868996	1.82258677582568	0.268604879151076	2
"pt_2_eq"	60.8826670826136	5.07323747153968	0.0528742314050759	4
"pt_2_ard"	64.1837122105995	8.37428259952558	0.0101491863244301	2
"pt_3_eq"	71.9888792736806	16.1794496626067	0.000204908857893544	9
"pt_3_ard"	81.2449434661878	25.4355138551139	2.00277393754877e-06	2
