"AICc"	"Delta_AICc"	"AICcWt"	"K_rates"
"pt_1_eq"	58.5909476400733	0	0.68956481477389	1
"pt_1_ard"	60.489134852847	1.89818721277368	0.266924831553536	2
"pt_2_eq"	65.2043976127072	6.61344997263387	0.0252628695006528	4
"pt_2_ard"	65.8955151303358	7.30456749026249	0.0178816840268456	2
"pt_3_eq"	73.7118756969207	15.1209280568474	0.000359010611284345	9
"pt_3_ard"	81.6478150323221	23.0568673922488	6.78953379203069e-06	2
