"AICc"	"Delta_AICc"	"AICcWt"	"K_rates"
"pt_1_eq"	55.5263345490033	0	0.62509894490548	1
"pt_1_ard"	57.3601517791798	1.83381723017646	0.249885130424298	2
"pt_2_eq"	59.0855142496563	3.55917970065299	0.105458772940634	4
"pt_2_ard"	62.4960435070266	6.9697089580233	0.0191644206740151	2
"pt_3_eq"	70.3184663308357	14.7921317818324	0.000383599614141498	9
"pt_3_ard"	77.7942178835723	22.267883334569	9.13144143168605e-06	2
