"AICc"	"Delta_AICc"	"AICcWt"	"K_rates"
"pt_1_eq"	56.5395415045044	0	0.658497903264249	1
"pt_1_ard"	58.3751084984908	1.83556699398648	0.263006261551791	2
"pt_2_eq"	61.1597915506637	4.62025004615935	0.0653551546139124	4
"pt_2_ard"	64.40908781041	7.86954630590562	0.012873722059598	2
"pt_3_eq"	72.2060924574585	15.6665509529541	0.000260979311937654	9
"pt_3_ard"	79.7584016746482	23.2188601701438	5.97919851255722e-06	2
