"AICc"	"Delta_AICc"	"AICcWt"	"K_rates"
"pt_1_eq"	59.0612264655656	0	0.634139780094653	1
"pt_1_ard"	61.0719130589655	2.0106865933999	0.232043790676813	2
"pt_2_eq"	62.4355609509889	3.37433448542336	0.117343104536259	4
"pt_2_ard"	66.3924559180772	7.33122945251162	0.0162266455357462	2
"pt_3_eq"	74.7973418408102	15.7361153752447	0.000242734194494117	9
"pt_3_ard"	83.0363971690867	23.9751707035212	3.94496203506364e-06	2
