"AICc"	"Delta_AICc"	"AICcWt"	"K_rates"
"pt_1_eq"	55.4948197866514	0	0.643312735124766	1
"pt_1_ard"	57.3826511448664	1.88783135821507	0.250313791217143	2
"pt_2_eq"	59.4390049923644	3.94418520571304	0.0895268313453934	4
"pt_2_ard"	62.821489441008	7.32666965435669	0.0164989401844657	2
"pt_3_eq"	70.5526735276783	15.0578537410269	0.000345661296322073	9
"pt_3_ard"	80.8168772472972	25.3220574606458	2.04083190936403e-06	2
