"AICc"	"Delta_AICc"	"AICcWt"	"K_rates"
"pt_1_eq"	57.1333748971169	0	0.668492918019975	1
"pt_1_ard"	58.9427365820787	1.80936168496184	0.27051970985697	2
"pt_2_eq"	62.1044326363591	4.97105773924223	0.0556730914872733	4
"pt_2_ard"	66.8856468157882	9.75227191867132	0.00509821176185576	2
"pt_3_eq"	73.2254831996999	16.092108302583	0.000214160756227586	9
"pt_3_ard"	82.6667025446243	25.5333276475074	1.9081176983262e-06	2
