"AICc"	"Delta_AICc"	"AICcWt"	"K_rates"
"pt_1_eq"	56.2403582548374	0	0.670907615869018	1
"pt_1_ard"	58.3643053795726	2.12394712473517	0.231981559561129	2
"pt_2_eq"	60.3475088278342	4.10715057299677	0.0860609838707114	4
"pt_2_ard"	64.5055294484947	8.26517119365727	0.0107622630085067	2
"pt_3_eq"	71.7781033060665	15.5377450512291	0.000283585651602307	9
"pt_3_ard"	80.3045274331103	24.0641691782729	3.99203903245383e-06	2
