"AICc"	"Delta_AICc"	"AICcWt"	"K_rates"
"pt_1_eq"	55.1743962971877	0	0.652016395737673	1
"pt_1_ard"	57.2574337740113	2.08303747682354	0.230108507643266	2
"pt_2_eq"	58.8344853212555	3.66008902406774	0.104587620776858	4
"pt_2_ard"	63.0051942939422	7.83079799675451	0.0129963780885534	2
"pt_3_eq"	70.6360285762402	15.4616322790525	0.000286291020570138	9
"pt_3_ard"	78.8100109521022	23.6356146549145	4.80673307979861e-06	2
