"AICc"	"Delta_AICc"	"AICcWt"	"K_rates"
"pt_1_eq"	58.3214898096735	0	0.676395407721033	1
"pt_1_ard"	60.223594165762	1.90210435608849	0.261314757892328	2
"pt_2_eq"	63.2685582398199	4.94706843014643	0.0570109647080038	4
"pt_2_ard"	68.1174644463628	9.79597463668929	0.00504698234564435	2
"pt_3_eq"	74.303912514785	15.9824227051115	0.000228908361222945	9
"pt_3_ard"	82.9873996291414	24.665909819468	2.97897176881698e-06	2
