"AICc"	"Delta_AICc"	"AICcWt"	"K_rates"
"pt_1_eq"	57.9735779122052	0	0.591266026865162	1
"pt_1_ard"	59.9743648126928	2.00078690048753	0.217429051202066	2
"pt_2_eq"	60.5082313704369	2.53465345823171	0.166490677534904	4
"pt_2_ard"	64.3467296610992	6.37315174889394	0.0244270267194303	2
"pt_3_eq"	72.668029105223	14.6944511930178	0.000380998610698986	9
"pt_3_ard"	80.8983805340125	22.9248026218073	6.21906773861366e-06	2
