"AICc"	"Delta_AICc"	"AICcWt"	"K_rates"
"pt_1_eq"	58.7628560389437	0	0.652888268664964	1
"pt_1_ard"	60.7053667972901	1.94251075834647	0.24718835844742	2
"pt_2_eq"	62.8310610719974	4.06820503305377	0.0853963614112875	4
"pt_2_ard"	66.4224225718785	7.6595665329348	0.0141770256658604	2
"pt_3_eq"	73.8622897812767	15.0994337423331	0.000343588396031613	9
"pt_3_ard"	81.8293907877938	23.0665347488501	6.39741443716873e-06	2
