"AICc"	"Delta_AICc"	"AICcWt"	"K_rates"
"pt_1_eq"	55.2186606846754	0	0.669484577856576	1
"pt_1_ard"	57.0182248080416	1.79956412336625	0.272251444577216	2
"pt_2_eq"	60.3244707955165	5.10581011084117	0.0521228313329548	4
"pt_2_ard"	64.6747415336045	9.45608084892913	0.00592077708764473	2
"pt_3_eq"	71.3036163427375	16.0849556580621	0.000215246865163607	9
"pt_3_ard"	78.7799880232212	23.5613273385458	5.12228044477203e-06	2
