"AICc"	"Delta_AICc"	"AICcWt"	"K_rates"
"pt_1_eq"	55.0807041943534	0	0.695878358307521	1
"pt_1_ard"	56.9481541811061	1.86744998675275	0.273540551370613	2
"pt_2_eq"	61.6941541668089	6.61344997245553	0.0254941722361276	4
"pt_2_ard"	64.9852555893254	9.90455139497198	0.00491798638322403	2
"pt_3_eq"	71.76083181701	16.6801276226566	0.000166145903683137	9
"pt_3_ard"	79.9374951660191	24.8567909716657	2.78579883105281e-06	2
