"AICc"	"Delta_AICc"	"AICcWt"	"K_rates"
"pt_1_eq"	57.2383256742527	0	0.679786720281767	1
"pt_1_ard"	59.1459113760841	1.90758570183139	0.261906154695847	2
"pt_2_eq"	62.5077416676037	5.26941599335093	0.0487678412891254	4
"pt_2_ard"	65.8105952870401	8.57226961278739	0.00935250569281642	2
"pt_3_eq"	73.6760365352587	16.4377108610059	0.000183218412262741	9
"pt_3_ard"	81.5580822448484	24.3197565705957	3.55962818150754e-06	2
