"AICc"	"Delta_AICc"	"AICcWt"	"K_rates"
"pt_1_eq"	54.6999191121332	0	0.673886392543938	1
"pt_1_ard"	56.5489434110931	1.84902429895992	0.267347521349165	2
"pt_2_eq"	59.9240908633457	5.22417175121258	0.0494506728199661	4
"pt_2_ard"	63.2820729163497	8.58215380421654	0.00922562222521938	2
"pt_3_eq"	72.5797552307927	17.8798361186596	8.83140100556404e-05	9
"pt_3_ard"	80.7614567963278	26.0615376841946	1.47705165600075e-06	2
