"AICc"	"Delta_AICc"	"AICcWt"	"K_rates"
"pt_1_eq"	57.0277349362703	0	0.591456664071302	1
"pt_1_ard"	59.0867080306014	2.05897309433107	0.211262591481659	2
"pt_2_eq"	59.4714680014087	2.44373306513834	0.174290227478347	4
"pt_2_ard"	63.5652459818886	6.5375110456183	0.0225071467805055	2
"pt_3_eq"	71.2801933634127	14.2524584271424	0.000475379998801656	9
"pt_3_ard"	79.4519934023807	22.4242584661104	7.99018938459782e-06	2
