"AICc"	"Delta_AICc"	"AICcWt"	"K_rates"
"pt_1_eq"	54.1894273910891	0	0.684092138764081	1
"pt_1_ard"	56.2006167644563	2.01118937336717	0.250259386920182	2
"pt_2_eq"	59.1659758075142	4.97654841642507	0.0568160244270623	4
"pt_2_ard"	62.9335093241759	8.7440819330868	0.00863696845345337	2
"pt_3_eq"	70.5290220302992	16.3395946392101	0.000193649645187495	9
"pt_3_ard"	79.8505358789572	25.6611084878681	1.83179003394944e-06	2
