"AICc"	"Delta_AICc"	"AICcWt"	"K_rates"
"pt_1_eq"	54.5410152241458	0	0.66784271127201	1
"pt_1_ard"	56.4072479414031	1.86623271725732	0.262679937926621	2
"pt_2_eq"	59.2420121778991	4.70099695375323	0.0636598589877091	4
"pt_2_ard"	64.1048440180865	9.56382879394071	0.00559648256315698	2
"pt_3_eq"	70.6101325180002	16.0691172938543	0.000216426135930492	9
"pt_3_ard"	78.3198735401856	23.7788583160397	4.58311457220983e-06	2
