"AICc"	"Delta_AICc"	"AICcWt"	"K_rates"
"pt_1_eq"	55.9182343672042	0	0.640122254283246	1
"pt_1_ard"	57.7820759823754	1.86384161517117	0.252077951957701	2
"pt_2_eq"	59.831498232507	3.91326386530282	0.0904708091437569	4
"pt_2_ard"	63.1771145962249	7.25888022902066	0.0169831056718815	2
"pt_3_eq"	70.9768527827581	15.0586184155539	0.000343815525906567	9
"pt_3_ard"	81.2083361007479	25.2901017335437	2.06341750793046e-06	2
