"AICc"	"Delta_AICc"	"AICcWt"	"K_rates"
"pt_1_eq"	57.4725627142991	0	0.689372007240236	1
"pt_1_ard"	59.2775471901191	1.80498447582001	0.279580093318244	2
"pt_2_eq"	64.0860123049024	6.61344959060329	0.0252558106356597	4
"pt_2_ard"	67.12626283492	9.65370012062093	0.00552305411187707	2
"pt_3_eq"	73.2126280226531	15.740065308354	0.000263355195317017	9
"pt_3_ard"	80.8859094379153	23.4133467236162	5.67949866655423e-06	2
