"AICc"	"Delta_AICc"	"AICcWt"	"K_rates"
"pt_1_eq"	55.6292863826806	0	0.650520191605958	1
"pt_1_ard"	57.4678834523973	1.83859706971672	0.259426597869199	2
"pt_2_eq"	59.9229958463055	4.29370946362492	0.07601400546864	4
"pt_2_ard"	63.3232252805303	7.69393889784967	0.0138849134678301	2
"pt_3_eq"	72.3928187213732	16.7635323386926	0.000148972458598419	9
"pt_3_ard"	79.0577221881651	23.4284358054845	5.3191297749849e-06	2
