"AICc"	"Delta_AICc"	"AICcWt"	"K_rates"
"pt_1_eq"	58.3188897834653	0	0.678380549597657	1
"pt_1_ard"	60.2506997533381	1.9318099698728	0.258217803432426	2
"pt_2_eq"	63.2215104877325	4.90262070426724	0.0584632330008154	4
"pt_2_ard"	68.2086273967621	9.88973761329678	0.00482996686032343	2
"pt_3_eq"	75.8770256925097	17.5581359090444	0.000104417338321152	9
"pt_3_ard"	82.3863983355346	24.0675085520693	4.02977045798544e-06	2
