"AICc"	"Delta_AICc"	"AICcWt"	"K_rates"
"pt_1_eq"	55.6208083265427	0	0.667644571274257	1
"pt_1_ard"	57.493457379428	1.8726490528853	0.261760882955828	2
"pt_2_eq"	60.2511135738976	4.63030524735491	0.0659306432293379	4
"pt_2_ard"	65.6541784134834	10.0333700869407	0.00442411788042768	2
"pt_3_eq"	71.5186285518329	15.8978202252902	0.000235709736825893	9
"pt_3_ard"	79.6341269302454	24.0133186037027	4.07492332323792e-06	2
