"AICc"	"Delta_AICc"	"AICcWt"	"K_rates"
"pt_1_eq"	56.2865291269898	0	0.704164862351481	1
"pt_1_ard"	58.3831234637125	2.09659433672268	0.246833825721342	2
"pt_2_eq"	62.8897037259139	6.60317459892413	0.0259306381245687	4
"pt_2_ard"	63.1670076761755	6.88047854918575	0.0225734228374354	2
"pt_3_eq"	70.8402503263435	14.5537211993537	0.000486826203401963	9
"pt_3_ard"	78.5276968699265	22.2411677429367	1.042476177112e-05	2
