"AICc"	"Delta_AICc"	"AICcWt"	"K_rates"
"pt_1_eq"	55.5377254033543	0	0.698050475603863	1
"pt_1_ard"	57.4783384203935	1.94061301703925	0.264537999463227	2
"pt_2_eq"	62.1408999839016	6.60317458054733	0.0257054780913651	4
"pt_2_ard"	63.7612533132588	8.22352790990454	0.0114332692417959	2
"pt_3_eq"	71.2709654056534	15.7332400022991	0.000267582168892826	9
"pt_3_ard"	79.1542596752862	23.6165342719319	5.19543085600364e-06	2
