"AICc"	"Delta_AICc"	"AICcWt"	"K_rates"
"pt_1_eq"	57.8956644939741	0	0.666176872128386	1
"pt_1_ard"	59.7585969493389	1.86293245536477	0.262457452023848	2
"pt_2_eq"	62.5271847018712	4.63152020789702	0.0657457549252988	4
"pt_2_ard"	67.5475816617174	9.65191716774323	0.00534198135906412	2
"pt_3_eq"	73.4718917244176	15.5762272304434	0.000276219785421036	9
"pt_3_ard"	83.6298950652952	25.7342305713211	1.7197779821868e-06	2
