"AICc"	"Delta_AICc"	"AICcWt"	"K_rates"
"pt_1_eq"	57.4746821191928	0	0.612677443532404	1
"pt_1_ard"	59.325449297534	1.85076717834122	0.242852682591012	2
"pt_2_eq"	60.6812625454062	3.20658042621341	0.123291120366234	4
"pt_2_ard"	64.2477485504311	6.77306643123828	0.0207242681623691	2
"pt_3_eq"	71.9316047433109	14.4569226241181	0.000444581135836469	9
"pt_3_ard"	79.5399496138066	22.0652674946138	9.90421214518159e-06	2
