"AICc"	"Delta_AICc"	"AICcWt"	"K_rates"
"pt_1_eq"	57.8831092145782	0	0.658655689362934	1
"pt_1_ard"	59.8032954751522	1.92018626057403	0.25217109190433	2
"pt_2_eq"	62.0089758601553	4.12586664557713	0.0837023958019758	4
"pt_2_ard"	67.5771254636591	9.69401624908087	0.00517165523616436	2
"pt_3_eq"	73.3097458947206	15.4266366801424	0.000294311244601239	9
"pt_3_ard"	81.5184061852493	23.6352969706711	4.85644999452912e-06	2
