"AICc"	"Delta_AICc"	"AICcWt"	"K_rates"
"pt_1_eq"	55.9612146441188	0	0.691085257791727	1
"pt_1_ard"	57.8019987016706	1.84078405755176	0.275302686509689	2
"pt_2_eq"	62.5746645884128	6.61344994429393	0.0253185727501667	4
"pt_2_ard"	64.8302775365901	8.8690628924713	0.00819670097439263	2
"pt_3_eq"	73.7680312650951	17.8068166209762	9.39356682683764e-05	9
"pt_3_ard"	80.7612077456803	24.7999931015614	2.84630575620116e-06	2
