"AICc"	"Delta_AICc"	"AICcWt"	"K_rates"
"pt_1_eq"	55.8680425446784	0	0.653641791782635	1
"pt_1_ard"	57.8983170738548	2.03027452917634	0.236848860389406	2
"pt_2_eq"	59.7486156899428	3.88057314526436	0.0939039930482311	4
"pt_2_ard"	63.3812232154045	7.51318067072609	0.015271206802557	6
"pt_3_eq"	71.0686386380225	15.2005960933441	0.000327018490355292	9
"pt_3_ard"	78.7201935546181	22.8521510099397	7.12948681535521e-06	12
