"AICc"	"Delta_AICc"	"AICcWt"	"K_rates"
"pt_1_eq"	56.5608989604327	0	0.662914086669003	1
"pt_1_ard"	58.4568677910426	1.89596883060987	0.256893341152797	2
"pt_2_eq"	61.0782297865011	4.51733082606837	0.0692677885226151	4
"pt_2_ard"	64.8133274809863	8.25242852055354	0.0107020053394653	2
"pt_3_eq"	72.5952029818274	16.0343040213947	0.000218601113033217	9
"pt_3_ard"	80.5104165074707	23.949517547038	4.17720308665046e-06	2
