"AICc"	"Delta_AICc"	"AICcWt"	"K_rates"
"pt_1_eq"	57.38963803031	0	0.620110819556993	1
"pt_1_ard"	59.2450432464655	1.85540521615549	0.245229766916169	2
"pt_2_eq"	60.8159531868008	3.42631515649083	0.111803249438351	4
"pt_2_ard"	64.0314246604099	6.64178663009992	0.0223987440532522	6
"pt_3_eq"	71.8519919327477	14.4623539024377	0.000448754752847967	9
"pt_3_ard"	79.746295970873	22.356657940563	8.66528238673404e-06	12
