"AICc"	"Delta_AICc"	"AICcWt"	"K_rates"
"pt_1_eq"	57.0509773219131	0	0.645238194019007	1
"pt_1_ard"	59.0426568563317	1.99167953441852	0.238359437134634	2
"pt_2_eq"	60.764868847924	3.7138915260109	0.100753181518052	4
"pt_2_ard"	64.5186408466745	7.46766352476137	0.0154218876956336	2
"pt_3_eq"	73.0063206890709	15.9553433671578	0.000221340698603973	9
"pt_3_ard"	80.2359437274672	23.184966405554	5.95893407068521e-06	2
