"AICc"	"Delta_AICc"	"AICcWt"	"K_rates"
"pt_1_eq"	55.8787771360194	0	0.651026204319855	1
"pt_1_ard"	57.7231746429776	1.84439750695821	0.258876506816109	2
"pt_2_eq"	60.1680720372656	4.28929490124629	0.0762412338660088	4
"pt_2_ard"	63.5994827955536	7.72070565953425	0.0137109812662385	2
"pt_3_eq"	72.7742123086946	16.8954351726753	0.000139572975515315	9
"pt_3_ard"	79.2416163077988	23.3628391717794	5.50075627264213e-06	2
