"AICc"	"Delta_AICc"	"AICcWt"	"K_rates"
"pt_1_eq"	58.020653105751	0	0.691228014254371	1
"pt_1_ard"	59.9074024061084	1.88674930035743	0.269103239617218	2
"pt_2_eq"	64.6341030669326	6.61344996118158	0.0253238025565758	4
"pt_2_ard"	65.8123261902151	7.79167308446413	0.0140501518607882	2
"pt_3_eq"	73.5742817002527	15.5536285945017	0.000289863675589362	9
"pt_3_ard"	81.7232223140599	23.7025692083089	4.92803545781148e-06	2
