"AICc"	"Delta_AICc"	"AICcWt"	"K_rates"
"pt_1_eq"	56.1457394888595	0	0.67676086876417	1
"pt_1_ard"	58.001750107779	1.85601061891954	0.267551662663488	2
"pt_2_eq"	61.363346933226	5.21760744436649	0.0498248704710397	4
"pt_2_ard"	65.711009365391	9.56526987653152	0.0056671313237479	2
"pt_3_eq"	72.4849009532443	16.3391614643849	0.000191615840198692	9
"pt_3_ard"	80.29925284824	24.1535133593805	3.85093735652266e-06	2
