"AICc"	"Delta_AICc"	"AICcWt"	"K_rates"
"pt_1_eq"	55.0165482074789	0	0.685363175622128	1
"pt_1_ard"	56.9656997305161	1.94915152303722	0.258623444005554	2
"pt_2_eq"	60.4136310960404	5.39708288856153	0.0461274139925874	4
"pt_2_ard"	63.535268149132	8.51871994165314	0.00968510279199381	2
"pt_3_eq"	71.3032584505189	16.28671024304	0.000199207907095413	9
"pt_3_ard"	80.8835321522738	25.8669839447949	1.65568064101959e-06	2
