"AICc"	"Delta_AICc"	"AICcWt"	"K_rates"
"pt_1_eq"	54.062536922868	0	0.665408883148448	1
"pt_1_ard"	55.9141518547848	1.85161493191681	0.263642560336522	2
"pt_2_eq"	58.842550671594	4.78001374872596	0.0609707864754179	4
"pt_2_ard"	62.5075528384494	8.44501591558134	0.00975611000380069	2
"pt_3_eq"	70.1187432651769	16.0562063423089	0.000217033956184316	9
"pt_3_ard"	77.8154313544233	23.7528944315553	4.6260796279232e-06	2
