"AICc"	"Delta_AICc"	"AICcWt"	"K_rates"
"pt_1_eq"	55.6360261120112	0	0.66844906644097	1
"pt_1_ard"	57.6329108919982	1.99688477998701	0.246291997277886	2
"pt_2_eq"	60.0698723386863	4.43384622667518	0.0728233823302024	4
"pt_2_ard"	63.6457097687204	8.0096836567092	0.0121839361423377	2
"pt_3_eq"	71.4507560269127	15.8147299149015	0.000246004671196787	9
"pt_3_ard"	79.0112374438708	23.3752113318596	5.61313740746041e-06	2
