"AICc"	"Delta_AICc"	"AICcWt"	"K_rates"
"pt_1_eq"	57.6795790771314	0	0.668260781142665	1
"pt_1_ard"	59.6282718436908	1.94869276655939	0.252227663185176	2
"pt_2_eq"	62.2305012262921	4.55092214916068	0.0686634760469142	4
"pt_2_ard"	65.9508154673817	8.27123639025033	0.0106873445931025	2
"pt_3_eq"	74.4120335902909	16.7324545131595	0.000155431716142203	9
"pt_3_ard"	81.1677820410056	23.4882029638742	5.30331600020957e-06	2
