"AICc"	"Delta_AICc"	"AICcWt"	"K_rates"
"pt_1_eq"	55.4083907622563	0	0.696342476060706	1
"pt_1_ard"	57.3176346509196	1.90924388866326	0.26806236489864	2
"pt_2_eq"	62.0115653607851	6.60317459852882	0.0256425813420558	4
"pt_2_ard"	63.9528084144657	8.54441765220935	0.00971462786125322	2
"pt_3_eq"	71.409022092625	16.0006313303687	0.000233523150175345	9
"pt_3_ard"	79.3402815514998	23.9318907892435	4.42668716924926e-06	2
