"AICc"	"Delta_AICc"	"AICcWt"	"K_rates"
"pt_1_eq"	58.1789132711397	0	0.699560625294971	1
"pt_1_ard"	60.0850153662272	1.90610209508753	0.269724592942071	2
"pt_2_eq"	64.7923632097898	6.61344993865009	0.0256290760582281	4
"pt_2_ard"	68.1213795977412	9.94246632660152	0.00485116700949913	2
"pt_3_eq"	74.2169085887583	16.0379953176186	0.000230260224445651	9
"pt_3_ard"	82.1881374436095	24.0092241724698	4.278470785185e-06	2
