"AICc"	"Delta_AICc"	"AICcWt"	"K_rates"
"pt_1_eq"	55.3870860021156	0	0.670442519845845	1
"pt_1_ard"	57.2136964113121	1.82661040919652	0.268978854081475	2
"pt_2_eq"	60.3608036547042	4.97371765258859	0.055761247867065	4
"pt_2_ard"	65.3599765284084	9.97289052629284	0.00457905529142133	6
"pt_3_eq"	71.3048086287597	15.9177226266441	0.000234353799556496	9
"pt_3_ard"	79.4613863906244	24.0743003885088	3.96911463699047e-06	12
