"AICc"	"Delta_AICc"	"AICcWt"	"K_rates"
"pt_1_eq"	56.8066383872586	0	0.676206917965709	1
"pt_1_ard"	58.6877284921051	1.88109010484651	0.264001310843021	2
"pt_2_eq"	61.9513024876343	5.14466410037566	0.051633313295947	4
"pt_2_ard"	65.6902487223529	8.8836103350943	0.00796210930902952	2
"pt_3_eq"	73.1360525043356	16.3294141170769	0.000192394382595326	9
"pt_3_ard"	80.905588706451	24.0989503191923	3.95420369757037e-06	2
