"AICc"	"Delta_AICc"	"AICcWt"	"K_rates"
"pt_1_eq"	57.5912185455682	0	0.689324712278876	1
"pt_1_ard"	59.4475255740872	1.85630702851897	0.272478285927138	2
"pt_2_eq"	64.2046537926357	6.6134352470675	0.0252542590560147	4
"pt_2_ard"	65.5904987389948	7.99928019342657	0.0126299672560229	2
"pt_3_eq"	73.0304750272573	15.4392564816891	0.000306077849171888	9
"pt_3_ard"	80.6746456906865	23.0834271451183	6.69763277592578e-06	2
