"AICc"	"Delta_AICc"	"AICcWt"	"K_rates"
"pt_1_eq"	58.6142294800633	0	0.609855583396629	1
"pt_1_ard"	60.5484344225436	1.93420494248031	0.231856746592397	2
"pt_2_eq"	61.5661774779066	2.9519479978433	0.139386155947841	4
"pt_2_ard"	65.6041616435156	6.9899321634523	0.0185089814652291	2
"pt_3_eq"	73.3384578591491	14.7242283790858	0.000387169766530839	9
"pt_3_ard"	81.8972002458599	23.2829707657966	5.3628313721846e-06	2
