"AICc"	"Delta_AICc"	"AICcWt"	"K_rates"
"pt_1_eq"	56.5078939714528	0	0.684477582956747	1
"pt_1_ard"	58.3441606233203	1.83626665186755	0.273287011947248	2
"pt_2_eq"	63.1110685399068	6.60317456845397	0.0252056609572462	4
"pt_2_ard"	63.9385750098059	7.43068103835313	0.0166650777214186	2
"pt_3_eq"	71.6072536583514	15.0993596868986	0.000360225898398924	9
"pt_3_ard"	80.3991738220924	23.8912798506396	4.44051894153832e-06	2
