"AICc"	"Delta_AICc"	"AICcWt"	"K_rates"
"pt_1_eq"	59.3010801571884	0	0.628653993771854	1
"pt_1_ard"	61.0390311690483	1.73795101185998	0.263645529600727	2
"pt_2_eq"	62.9186174106773	3.61753725348893	0.10300859065904	4
"pt_2_ard"	69.1785434302088	9.87746327302041	0.00450347526324754	2
"pt_3_eq"	75.5674552730697	16.2663751158813	0.000184592138962641	9
"pt_3_ard"	83.3240027397849	24.0229225825966	3.8185661686502e-06	2
