"AICc"	"Delta_AICc"	"AICcWt"	"K_rates"
"pt_1_eq"	57.6243546375487	0	0.679992350065174	1
"pt_1_ard"	59.512221295686	1.88786665813729	0.264581205455641	2
"pt_2_eq"	62.8302080530382	5.20585341548954	0.0503578663565515	4
"pt_2_ard"	67.4991703515817	9.87481571403306	0.00487769948246973	2
"pt_3_eq"	74.0054499959232	16.3810953583745	0.000188536033542784	9
"pt_3_ard"	82.7814997911085	25.1571451535598	2.34260662195696e-06	2
