"AICc"	"Delta_AICc"	"AICcWt"	"K_rates"
"pt_1_eq"	55.3457983212749	0	0.69365011043351	1
"pt_1_ard"	57.2128204749316	1.86702215365672	0.272722990411677	2
"pt_2_eq"	61.9592482938455	6.61344997257066	0.0254125382329651	4
"pt_2_ard"	64.2567216085168	8.91092328724195	0.00805671597414004	2
"pt_3_eq"	72.1462489228984	16.8004506016235	0.000155944105957693	9
"pt_3_ard"	81.182997667119	25.8371993458441	1.70084175036917e-06	2
