"AICc"	"Delta_AICc"	"AICcWt"	"K_rates"
"pt_1_eq"	56.9186241549768	0	0.645455225123247	1
"pt_1_ard"	58.8203691000979	1.9017449451211	0.249406319235559	2
"pt_2_eq"	60.8941174235441	3.97549326856732	0.0884298169825455	4
"pt_2_ard"	64.2507226959136	7.33209854093678	0.0165090146273801	2
"pt_3_eq"	73.1449351318659	16.2263109768891	0.00019336036687788	9
"pt_3_ard"	80.0045156398025	23.0858914848257	6.26366439088097e-06	2
