"AICc"	"Delta_AICc"	"AICcWt"	"K_rates"
"pt_1_eq"	56.3574895377312	0	0.667624389376347	1
"pt_1_ard"	58.286147234735	1.92865769700386	0.254524443238272	2
"pt_2_eq"	60.9493033775854	4.5918138398542	0.0672097821142591	4
"pt_2_ard"	64.6841721637039	8.32668262597274	0.0103852279919301	2
"pt_3_eq"	72.1297289714637	15.7722394337325	0.000250976996156946	9
"pt_3_ard"	79.8907321542368	23.5332426165056	5.18028303514531e-06	2
