"AICc"	"Delta_AICc"	"AICcWt"	"K_rates"
"pt_1_eq"	57.5536542257317	0	0.660404109906392	1
"pt_1_ard"	59.4235653464718	1.86991112074006	0.259276840999029	2
"pt_2_eq"	62.0997509422596	4.54609671652789	0.0680201222689695	4
"pt_2_ard"	65.5282187860692	7.97456456033747	0.012250535559979	2
"pt_3_eq"	76.8224714054468	19.2688171797151	4.32154739547179e-05	9
"pt_3_ard"	81.0668840378513	23.5132298121196	5.1757916759352e-06	2
