"AICc"	"Delta_AICc"	"AICcWt"	"K_rates"
"pt_1_eq"	57.7638761579127	0	0.645434888221081	1
"pt_1_ard"	59.7029881077619	1.93911194984916	0.244782083581063	2
"pt_2_eq"	61.6659584436582	3.90208228574543	0.0917330925001426	4
"pt_2_ard"	64.96051865039	7.19664249247727	0.0176653145784497	2
"pt_3_eq"	72.6247367623973	14.8608606044846	0.000382699203681238	9
"pt_3_ard"	83.2125906101304	25.4487144522176	1.921915582278e-06	2
