"AICc"	"Delta_AICc"	"AICcWt"	"K_rates"
"pt_1_eq"	55.5261199062216	0	0.669040396513257	1
"pt_1_ard"	57.3710002654763	1.84488035925476	0.265975516711013	2
"pt_2_eq"	60.5243904526523	4.99827054643074	0.0549656897868765	4
"pt_2_ard"	63.968816199685	8.44269629346339	0.00982073822302284	2
"pt_3_eq"	71.8195194649641	16.2933995587426	0.000193814194797579	9
"pt_3_ard"	79.659995283924	24.1338753777024	3.84457103307589e-06	2
