"AICc"	"Delta_AICc"	"AICcWt"	"K_rates"
"pt_1_eq"	58.1192330529879	0	0.66695472002475	1
"pt_1_ard"	60.0318206142539	1.91258756126604	0.256320439096628	2
"pt_2_eq"	62.8184311384486	4.69919808546066	0.0636324216522104	4
"pt_2_ard"	66.0214189302845	7.90218587729655	0.0128279863652827	2
"pt_3_eq"	73.7976790379191	15.6784459849312	0.000262763514723247	9
"pt_3_ard"	83.9153235746216	25.7960905216337	1.66934640531121e-06	2
