"AICc"	"Delta_AICc"	"AICcWt"	"K_rates"
"pt_1_eq"	55.0686669732237	0	0.674509223382377	1
"pt_1_ard"	56.8787051504293	1.81003817720563	0.272862024141965	2
"pt_2_eq"	60.3627662084398	5.29409923521611	0.0477957026313301	4
"pt_2_ard"	65.0197980682898	9.95113109506619	0.00465722511746446	2
"pt_3_eq"	71.5979311965457	16.529264223322	0.00017366158945514	9
"pt_3_ard"	80.3690288873961	25.3003619141724	2.16313740867701e-06	2
