"AICc"	"Delta_AICc"	"AICcWt"	"K_rates"
"pt_1_eq"	55.4830785148838	0	0.697391476977656	1
"pt_1_ard"	57.4409585049402	1.95787999005637	0.262016353040835	2
"pt_2_eq"	62.0862531068456	6.60317459196174	0.0256812105381551	4
"pt_2_ard"	63.1955692420553	7.71249072717144	0.0147479125309074	6
"pt_3_eq"	72.2218688660627	16.7387903511788	0.000161694219302057	9
"pt_3_ard"	81.7890878437429	26.306009328859	1.35269314516611e-06	12
