"AICc"	"Delta_AICc"	"AICcWt"	"K_rates"
"pt_1_eq"	56.6853286662805	0	0.66956311818374	1
"pt_1_ard"	58.507377310752	1.82204864447147	0.269239445341746	2
"pt_2_eq"	61.8358501539075	5.15052148762701	0.0509764975152595	4
"pt_2_ard"	65.0889789049121	8.40365023863163	0.0100221768040129	2
"pt_3_eq"	72.9694815921872	16.2841529259066	0.000194864462602148	9
"pt_3_ard"	80.7933206045619	24.1079919382814	3.89769263939646e-06	2
