"AICc"	"Delta_AICc"	"AICcWt"	"K_rates"
"pt_1_eq"	56.0056836703085	0	0.613688239682118	1
"pt_1_ard"	57.8504838952322	1.84480022492368	0.243980165675604	2
"pt_2_eq"	59.2482331253209	3.24254945501233	0.121293389667346	4
"pt_2_ard"	62.7803026365637	6.77461896625523	0.0207423512260376	2
"pt_3_eq"	71.3227868494638	15.3171031791553	0.000289655050989153	9
"pt_3_ard"	79.0114898114369	23.0058061411284	6.19869790488866e-06	2
