"AICc"	"Delta_AICc"	"AICcWt"	"K_rates"
"pt_1_eq"	54.4903649142466	0	0.665725595973298	1
"pt_1_ard"	56.5018798355844	2.01151492133784	0.243500770529685	2
"pt_2_eq"	58.6019457844166	4.11158087016995	0.0852073018386443	4
"pt_2_ard"	64.1212048103066	9.63083989606002	0.00539491918803387	6
"pt_3_eq"	71.0778437100055	16.5874787957588	0.000166483041050818	9
"pt_3_ard"	78.1171841710982	23.6268192568516	4.92942928733681e-06	12
