"AICc"	"Delta_AICc"	"AICcWt"	"K_rates"
"pt_1_eq"	56.5987216499777	0	0.632784525353124	1
"pt_1_ard"	58.4891874008991	1.89046575092144	0.245893148639214	2
"pt_2_eq"	60.2422740963821	3.64355244640443	0.102345438014071	4
"pt_2_ard"	63.6411324135217	7.04241076354406	0.0187075012564709	2
"pt_3_eq"	72.1584276327068	15.5597059827291	0.000264550523856046	9
"pt_3_ard"	80.1622280697773	23.5635064197996	4.83621326378231e-06	2
