"AICc"	"Delta_AICc"	"AICcWt"	"K_rates"
"pt_1_eq"	55.4791059571138	0	0.691377386456763	1
"pt_1_ard"	57.3323209851803	1.85321502806652	0.273712505634168	2
"pt_2_eq"	62.082280559527	6.6031746024132	0.0254597435103146	4
"pt_2_ard"	64.0941584145677	8.61505245745396	0.00931065637857861	6
"pt_3_eq"	72.546372376868	17.0672664197542	0.000136020810058763	9
"pt_3_ard"	79.7622479427926	24.2831419856788	3.68721011688673e-06	12
