"AICc"	"Delta_AICc"	"AICcWt"	"K_rates"
"pt_1_eq"	57.9628624466131	0	0.644988819721612	1
"pt_1_ard"	60.0291621784706	2.06629973185748	0.229541333791801	2
"pt_2_eq"	61.5117428218039	3.54888037519078	0.10937614304116	4
"pt_2_ard"	65.3824423899908	7.41957994337765	0.0157910450629558	2
"pt_3_eq"	73.3410322417504	15.3781697951373	0.000295273889412624	9
"pt_3_ard"	80.7180744326182	22.7552119860051	7.38449305839582e-06	2
