"AICc"	"Delta_AICc"	"AICcWt"	"K_rates"
"pt_1_eq"	58.9925143468114	0	0.622585374556863	1
"pt_1_ard"	60.7943776419861	1.80186329517474	0.2528886110451	2
"pt_2_eq"	62.5422416454754	3.54972729866405	0.105532305307181	4
"pt_2_ard"	66.0116834923402	7.01916914552882	0.0186211157848707	2
"pt_3_eq"	73.8450019876371	14.8524876408257	0.000370699672015927	9
"pt_3_ard"	84.3987910022979	25.4062766554865	1.89363396928966e-06	2
