"AICc"	"Delta_AICc"	"AICcWt"	"K_rates"
"pt_1_eq"	54.3453727434694	0	0.704105404514415	1
"pt_1_ard"	56.3058354998726	1.96046275640316	0.264197436475235	2
"pt_2_eq"	60.9485473464611	6.60317460299171	0.025928448556654	4
"pt_2_ard"	64.0168354849976	9.67146274152818	0.00559121545033814	2
"pt_3_eq"	70.9635717422619	16.6181989987925	0.000173397014513253	9
"pt_3_ard"	78.4537467807259	24.1083740372565	4.09798884447878e-06	2
