"AICc"	"Delta_AICc"	"AICcWt"	"K_rates"
"pt_1_eq"	56.4523030247933	0	0.6593314087922	1
"pt_1_ard"	58.3562721011713	1.90396907637798	0.254484967233568	2
"pt_2_eq"	60.8102287168748	4.35792569208151	0.0746091727338524	4
"pt_2_ard"	64.5857438003619	8.13344077556858	0.0112966465569836	6
"pt_3_eq"	72.04334435021	15.5910413254167	0.000271363953272022	9
"pt_3_ard"	79.5249823780118	23.0726793532185	6.44073012388039e-06	12
