"AICc"	"Delta_AICc"	"AICcWt"	"K_rates"
"pt_1_eq"	56.6119831345371	0	0.680876421399576	1
"pt_1_ard"	58.4943899954247	1.88240686088761	0.265649399623214	2
"pt_2_eq"	61.9005879524697	5.2886048179326	0.0483796085667788	4
"pt_2_ard"	66.4436025140426	9.8316193795055	0.00499067481234998	2
"pt_3_eq"	74.2360733469049	17.6240902123678	0.000101401815578187	9
"pt_3_ard"	81.6466540679335	25.0346709333964	2.49378250359174e-06	2
