"AICc"	"Delta_AICc"	"AICcWt"	"K_rates"
"pt_1_eq"	58.0648338480277	0	0.655341661501882	1
"pt_1_ard"	59.9402273231152	1.87539347508748	0.256584997171784	2
"pt_2_eq"	62.2060256812118	4.14119183318411	0.0826455353174236	4
"pt_2_ard"	67.7692705382979	9.70443669027018	0.00511889387215716	2
"pt_3_eq"	73.4172032113697	15.352369363342	0.000303908697025377	9
"pt_3_ard"	81.6304066035695	23.5655727555418	5.00343972777632e-06	2
