"AICc"	"Delta_AICc"	"AICcWt"	"K_rates"
"pt_1_eq"	56.3126680710701	0	0.639177534010929	1
"pt_1_ard"	58.1851810235589	1.87251295248883	0.250616973233199	2
"pt_2_eq"	60.1575638689156	3.84489579784551	0.0934787696429632	4
"pt_2_ard"	63.6399532570216	7.32728518595147	0.0163878409410122	6
"pt_3_eq"	71.4344883542657	15.1218202831956	0.000332628876726766	9
"pt_3_ard"	79.3823260185466	23.0696579474765	6.25329517014794e-06	12
