"AICc"	"Delta_AICc"	"AICcWt"	"K_rates"
"pt_1_eq"	58.0522915904984	0	0.667683142811195	1
"pt_1_ard"	59.9537205392794	1.90142894878098	0.258036035978602	2
"pt_2_eq"	62.8079867019545	4.75569511145611	0.0619276128436879	4
"pt_2_ard"	66.0528809885558	8.0005893980574	0.0122254399796108	2
"pt_3_eq"	75.2023529320334	17.1500613415351	0.000126032313712673	9
"pt_3_ard"	83.7721780434695	25.7198864529711	1.73607319156784e-06	2
