"AICc"	"Delta_AICc"	"AICcWt"	"K_rates"
"pt_1_eq"	55.3403725298827	0	0.694215873350411	1
"pt_1_ard"	57.2809241825705	1.94055165268778	0.263092884411871	2
"pt_2_eq"	61.9435471226841	6.60317459280132	0.0255642699739047	4
"pt_2_ard"	62.7815941140265	7.44122158414379	0.016813332565621	2
"pt_3_eq"	70.7583865351486	15.4180140052658	0.000311541091728525	9
"pt_3_ard"	80.7589019536765	25.4185294237938	2.0986064640823e-06	2
