"AICc"	"Delta_AICc"	"AICcWt"	"K_rates"
"pt_1_eq"	56.0808647547053	0	0.6883290651308	1
"pt_1_ard"	57.875970393816	1.79510563911067	0.280539404998419	2
"pt_2_eq"	62.6943147273554	6.61344997265007	0.0252175966250059	4
"pt_2_ard"	65.6604792814093	9.57961452670397	0.00572280890735784	2
"pt_3_eq"	72.4762265040527	16.3953617493474	0.000189490979202755	9
"pt_3_ard"	81.9836318215162	25.9027670668109	1.63335921379897e-06	2
