"AICc"	"Delta_AICc"	"AICcWt"	"K_rates"
"pt_1_eq"	57.6839618446533	0	0.683429578493677	1
"pt_1_ard"	59.5982421689539	1.91428032430055	0.262429758084029	2
"pt_2_eq"	63.0885444898132	5.40458264515988	0.0458251147375486	4
"pt_2_ard"	66.5417117730082	8.85774992835487	0.00815188065579455	2
"pt_3_eq"	74.3991884973951	16.7152266527418	0.000160335031480132	9
"pt_3_ard"	82.1459755620852	24.4620137174319	3.33299747046426e-06	2
