"AICc"	"Delta_AICc"	"AICcWt"	"K_rates"
"pt_1_eq"	57.0953493627698	0	0.694861439863641	1
"pt_1_ard"	59.0011868429482	1.90583748017846	0.267948210784792	2
"pt_2_eq"	63.7087993350912	6.61344997232145	0.0254569164536172	4
"pt_2_ard"	65.2771801001748	8.18183073740509	0.011620805740834	2
"pt_3_eq"	74.6395623118407	17.544212949071	0.00010770125782166	9
"pt_3_ard"	80.8092711260413	23.7139217632715	4.92589929503749e-06	2
