"AICc"	"Delta_AICc"	"AICcWt"	"K_rates"
"pt_1_eq"	57.1347241525718	0	0.661057348868046	1
"pt_1_ard"	58.9988346106013	1.86411045802951	0.260287130003723	2
"pt_2_eq"	61.7467387891019	4.61201463653008	0.0658798928319259	4
"pt_2_ard"	65.0674394507758	7.932715298204	0.0125219480392132	6
"pt_3_eq"	72.9127983377518	15.77807418518	0.000247784343017207	9
"pt_3_ard"	80.3893967415917	23.2546725890199	5.8959140749278e-06	12
