"AICc"	"Delta_AICc"	"AICcWt"	"K_rates"
"pt_1_eq"	57.8331556576235	0	0.7073162145228	1
"pt_1_ard"	59.8293093012963	1.99615364367283	0.260707999842279	2
"pt_2_eq"	64.4363302090763	6.60317455145277	0.0260466862440739	4
"pt_2_ard"	67.5677761204695	9.73462046284597	0.00544211404662583	2
"pt_3_eq"	72.4353974876893	14.6022418300658	0.000477284234206307	9
"pt_3_ard"	80.2271412453219	22.3939855876984	9.70111001449275e-06	2
