"AICc"	"Delta_AICc"	"AICcWt"	"K_rates"
"pt_1_eq"	54.9373301782573	0	0.664654305117566	1
"pt_1_ard"	56.8562938266784	1.91896364842111	0.254623310519129	2
"pt_2_eq"	59.266532118331	4.32920194007372	0.0762994777462523	4
"pt_2_ard"	65.0523363316356	10.1150061533783	0.00422814763954126	2
"pt_3_eq"	71.2289811913288	16.2916510130715	0.000192711997988958	9
"pt_3_ard"	80.3186442568464	25.3813140785891	2.04697952308355e-06	2
