"AICc"	"Delta_AICc"	"AICcWt"	"K_rates"
"pt_1_eq"	54.564922904563	0	0.702525178412935	1
"pt_1_ard"	56.4990114467099	1.93408854214693	0.267103699503103	2
"pt_2_eq"	61.1680887677727	6.60316586320973	0.0258703703037612	4
"pt_2_ard"	64.7230271253908	10.1581042208278	0.00437378659360988	6
"pt_3_eq"	71.8860778365726	17.3211549320097	0.000121736522136844	9
"pt_3_ard"	78.181484180037	23.616561275474	5.22866445413376e-06	12
