"AICc"	"Delta_AICc"	"AICcWt"	"K_rates"
"pt_1_eq"	54.340194283128	0	0.671235156040779	1
"pt_1_ard"	56.2029903661059	1.86279608297795	0.264468325081964	2
"pt_2_eq"	59.3445828218317	5.00438853870367	0.0549775688152768	4
"pt_2_ard"	62.9191019603601	8.5789076772321	0.00920425330569877	6
"pt_3_eq"	71.7818011926515	17.4416069095235	0.000109516076506753	9
"pt_3_ard"	77.8840713480162	23.5438770648882	5.18067977424611e-06	12
