"AICc"	"Delta_AICc"	"AICcWt"	"K_rates"
"pt_1_eq"	56.7056767687985	0	0.674903312916032	1
"pt_1_ard"	58.5255385613783	1.81986179257976	0.271683706032648	2
"pt_2_eq"	62.1826948035747	5.47701803477626	0.0436437646419546	4
"pt_2_ard"	65.2171303802454	8.51145361144689	0.00957200444828857	2
"pt_3_eq"	73.0164385812223	16.3107618124238	0.000193822697983896	9
"pt_3_ard"	81.1091011654596	24.4034243966611	3.38926309324876e-06	2
