"AICc"	"Delta_AICc"	"AICcWt"	"K_rates"
"pt_1_eq"	54.7010033871645	0	0.654654366020509	1
"pt_1_ard"	56.5867943180118	1.88579093084726	0.25498684241937	2
"pt_2_eq"	58.9715213113698	4.27051792420531	0.0773892938589703	4
"pt_2_ard"	62.5849769306965	7.88397354353204	0.0127065885083465	6
"pt_3_eq"	70.3509419025528	15.6499385153883	0.000261620094948009	9
"pt_3_ard"	80.9768434917205	26.275840104556	1.28909785639943e-06	12
