"AICc"	"Delta_AICc"	"AICcWt"	"K_rates"
"pt_1_eq"	56.9212235416402	0	0.632999851561028	1
"pt_1_ard"	58.9305820750127	2.00935853337253	0.231780527311895	2
"pt_2_eq"	60.2636318530974	3.34240831145718	0.119016963326528	4
"pt_2_ard"	64.2808744552673	7.35965091362712	0.0159689263506805	2
"pt_3_eq"	72.795784338204	15.8745607965638	0.00022609269461442	9
"pt_3_ard"	79.5712051451259	22.6499816034857	7.63875525283186e-06	2
