"AICc"	"Delta_AICc"	"AICcWt"	"K_rates"
"pt_1_eq"	57.4835652734888	0	0.568535942566993	1
"pt_1_ard"	59.4612445282788	1.97767925478995	0.211499980716172	2
"pt_2_eq"	59.6339509630719	2.15038568958304	0.194002625002652	4
"pt_2_ard"	63.6979215712886	6.21435629779976	0.0254289016097339	2
"pt_3_eq"	71.4543140385363	13.9707487650475	0.000526075864362192	9
"pt_3_ard"	80.2495424216804	22.7659771481916	6.4742400868316e-06	2
