"AICc"	"Delta_AICc"	"AICcWt"	"K_rates"
"pt_1_eq"	58.8962650715616	0	0.641033289052972	1
"pt_1_ard"	60.7747066779172	1.87844160635553	0.250600637259675	2
"pt_2_eq"	62.7718143565076	3.87554928494596	0.0923242415865275	4
"pt_2_ard"	66.3124216398122	7.41615656825056	0.0157210897080157	2
"pt_3_eq"	74.1237644929437	15.227499421382	0.000316425224720293	9
"pt_3_ard"	82.7127391016775	23.8164740301159	4.31716808965191e-06	2
