"AICc"	"Delta_AICc"	"AICcWt"	"K_rates"
"pt_1_eq"	58.9246162830539	0	0.648274672672364	1
"pt_1_ard"	60.7710756312111	1.84645934815721	0.257516761205028	2
"pt_2_eq"	63.0981082016856	4.17349191863165	0.0804445819850169	4
"pt_2_ard"	66.6531400013162	7.72852371826229	0.0135997665205934	2
"pt_3_eq"	75.5473128342699	16.622696551216	0.000159289211068843	9
"pt_3_ard"	82.4987246198885	23.5741083368345	4.92840592846881e-06	2
