"AICc"	"Delta_AICc"	"AICcWt"	"K_rates"
"pt_1_eq"	57.3790377629246	0	0.647476663930743	1
"pt_1_ard"	59.4480800217631	2.06904225883846	0.23011095905011	2
"pt_2_eq"	60.9479738207688	3.56893605784422	0.108702492477569	4
"pt_2_ard"	65.1259476429335	7.74690988000891	0.0134587279345399	2
"pt_3_eq"	73.1278437695148	15.7488060065902	0.00024627160896636	9
"pt_3_ard"	80.9683760445624	23.5893382816378	4.88499807204386e-06	2
