"AICc"	"Delta_AICc"	"AICcWt"	"K_rates"
"pt_1_eq"	57.857168069496	0	0.679261214684922	1
"pt_1_ard"	59.686732797729	1.82956472823302	0.272114625402928	2
"pt_2_eq"	63.3547016710558	5.49753360155983	0.0434772997815339	4
"pt_2_ard"	67.6955190176177	9.83835094812169	0.00496210618413231	2
"pt_3_eq"	74.2939473814736	16.4367793119776	0.000183162068578288	9
"pt_3_ard"	83.7848613602914	25.9276932907954	1.59187790580602e-06	2
