"AICc"	"Delta_AICc"	"AICcWt"	"K_rates"
"pt_1_eq"	57.3729573755288	0	0.686733263965316	1
"pt_1_ard"	59.1562370897965	1.78327971426767	0.281548886735323	2
"pt_2_eq"	63.9864073205608	6.61344994503197	0.0251591332635388	4
"pt_2_ard"	66.7412800412548	9.36832266572605	0.00634574571291612	2
"pt_3_eq"	73.5695467300369	16.1965893545081	0.000208806201554302	9
"pt_3_ard"	81.3993492561415	24.0263918806127	4.16412135194166e-06	2
