"AICc"	"Delta_AICc"	"AICcWt"	"K_rates"
"pt_1_eq"	57.212691016902	0	0.678425888853328	1
"pt_1_ard"	59.086107514819	1.87341649791707	0.265885827423049	2
"pt_2_eq"	62.4263828468592	5.21369182995727	0.0500453367907289	4
"pt_2_ard"	66.8706189521325	9.65792793523059	0.00542387919330597	2
"pt_3_eq"	73.3234472910369	16.1107562741349	0.000215325833874423	9
"pt_3_ard"	81.4285620040801	24.2158709871781	3.74190571373677e-06	2
