"AICc"	"Delta_AICc"	"AICcWt"	"K_rates"
"pt_1_eq"	57.4414435380737	0	0.671000443013047	1
"pt_1_ard"	59.3609503920675	1.91950685399382	0.25698465378221	2
"pt_2_eq"	62.2592756162843	4.81783207821055	0.06033146396392	4
"pt_2_ard"	65.5828556230832	8.14141208500945	0.0114508476141247	2
"pt_3_eq"	73.411586945423	15.9701434073493	0.000228481072340456	9
"pt_3_ard"	81.4473778907903	24.0059343527166	4.11055435848833e-06	2
