"AICc"	"Delta_AICc"	"AICcWt"	"K_rates"
"pt_1_eq"	56.0561372694249	0	0.688403198661746	1
"pt_1_ard"	57.8468765111438	1.79073924171895	0.281182827653521	2
"pt_2_eq"	62.6695872278015	6.61344995837657	0.0252203127581282	4
"pt_2_ard"	65.9565437772351	9.90040650781026	0.00487525034980621	2
"pt_3_eq"	71.42386661624	15.3677293468152	0.000316798307176456	9
"pt_3_ard"	81.9851114698104	25.9289742003856	1.61226962236883e-06	2
