"AICc"	"Delta_AICc"	"AICcWt"	"K_rates"
"pt_1_eq"	55.9365421179454	0	0.629708037505702	1
"pt_1_ard"	57.7663620293064	1.82981991136102	0.252231249572764	2
"pt_2_eq"	59.594978647849	3.65843652990363	0.101092709786028	4
"pt_2_ard"	63.2060229962421	7.26948087829667	0.0166184884940504	2
"pt_3_eq"	70.978305578688	15.0417634607426	0.000341084357043065	9
"pt_3_ard"	78.3789042156661	22.4423620977207	8.43028441230158e-06	2
