"AICc"	"Delta_AICc"	"AICcWt"	"K_rates"
"pt_1_eq"	56.4406738361019	0	0.682406019785738	1
"pt_1_ard"	58.3470859054053	1.90641206930341	0.263069638678573	2
"pt_2_eq"	61.9083721954876	5.4676983593857	0.044335053428369	4
"pt_2_ard"	64.870515192366	8.42984135626406	0.010081520953431	2
"pt_3_eq"	73.9657258076581	17.5250519715562	0.000106788913059596	9
"pt_3_ard"	83.3514328143268	26.9107589782248	9.78240829332034e-07	2
