"AICc"	"Delta_AICc"	"AICcWt"	"K_rates"
"pt_1_eq"	55.0747970261233	0	0.689355692035554	1
"pt_1_ard"	56.9231531184418	1.84835609231842	0.273575965235899	2
"pt_2_eq"	61.6779716224675	6.6031745963442	0.0253852953591737	4
"pt_2_ard"	63.2807210021667	8.20592397604335	0.0113906790488513	6
"pt_3_eq"	70.6422560349835	15.5674590088602	0.000287086382915536	9
"pt_3_ard"	78.6332363448096	23.5584393186863	5.2819376064949e-06	12
