"AICc"	"Delta_AICc"	"AICcWt"	"K_rates"
"pt_1_eq"	58.0358438817829	0	0.67555636707691	1
"pt_1_ard"	59.8028241293511	1.76698024756823	0.279232976644437	2
"pt_2_eq"	64.6390184777579	6.60317459597501	0.0248771397862034	4
"pt_2_ard"	65.0995734796491	7.06372959786624	0.0197602392483277	2
"pt_3_eq"	72.2039841112934	14.1681402295105	0.000566355381182298	9
"pt_3_ard"	81.0130577489243	22.9772138671414	6.92186293943508e-06	2
