"AICc"	"Delta_AICc"	"AICcWt"	"K_rates"
"pt_1_eq"	57.7693171471599	0	0.650530045625171	1
"pt_1_ard"	59.6359662391226	1.86664909196276	0.255817152033798	2
"pt_2_eq"	61.959724916227	4.19040776906718	0.0800445697057601	4
"pt_2_ard"	65.5436400262774	7.77432287911759	0.0133381192639421	2
"pt_3_eq"	73.3792846771946	15.6099675300348	0.000265219822066693	9
"pt_3_ard"	81.3645669542999	23.59524980714	4.89354926273752e-06	2
