"AICc"	"Delta_AICc"	"AICcWt"	"K_rates"
"pt_1_eq"	53.7771294581933	0	0.690180144447772	1
"pt_1_ard"	55.5974666928656	1.82033723467227	0.277767386741508	2
"pt_2_eq"	60.3905793905168	6.61344993232343	0.0252854132040771	4
"pt_2_ard"	63.049827808801	9.2726983506077	0.00668993037741163	2
"pt_3_eq"	72.0494363113316	18.2723068531383	7.43329625630799e-05	9
"pt_3_ard"	78.6128379170704	24.8357084588771	2.79226666847194e-06	2
