"AICc"	"Delta_AICc"	"AICcWt"	"K_rates"
"pt_1_eq"	57.6144590923496	0	0.69640441844516	1
"pt_1_ard"	59.6248271156657	2.01036802331605	0.25486819799075	2
"pt_2_eq"	64.217633692527	6.60317460017741	0.0256448623287348	4
"pt_2_ard"	64.4506880933187	6.83622900096903	0.0228240784729855	6
"pt_3_eq"	73.4782423520168	15.8637832596672	0.000250083334849956	9
"pt_3_ard"	80.2750508628915	22.6605917705418	8.35942751997107e-06	12
