"AICc"	"Delta_AICc"	"AICcWt"	"K_rates"
"pt_1_eq"	57.4696154013994	0	0.656721091554796	1
"pt_1_ard"	59.3571172707344	1.88750186933505	0.255573100282106	2
"pt_2_eq"	61.8277374171752	4.35812201577588	0.0743064978605883	4
"pt_2_ard"	65.2928607058357	7.82324530443633	0.013139681291788	2
"pt_3_eq"	73.1683389626755	15.6987235612761	0.000256121747733834	9
"pt_3_ard"	81.7499728640456	24.2803574626463	3.50726298811459e-06	2
