"AICc"	"Delta_AICc"	"AICcWt"	"K_rates"
"pt_1_eq"	56.2397461869411	0	0.688698517194448	1
"pt_1_ard"	58.0696560884821	1.82990990154095	0.275847632943897	2
"pt_2_eq"	62.8531961543113	6.61344996737013	0.0252311319229245	4
"pt_2_ard"	64.6997463690715	8.46000018213034	0.0100222088796545	2
"pt_3_eq"	72.568455455879	16.3287092689379	0.000196017561363764	9
"pt_3_ard"	80.1204915394221	23.880745352481	4.49149771181855e-06	2
