"AICc"	"Delta_AICc"	"AICcWt"	"K_rates"
"pt_1_eq"	58.1143791270618	0	0.692396612804478	1
"pt_1_ard"	60.0092070061342	1.89482787907237	0.268471561406605	2
"pt_2_eq"	64.7278290995179	6.61344997245612	0.0253666151444571	4
"pt_2_ard"	65.9915978577532	7.87721873069143	0.0134846171580478	2
"pt_3_eq"	73.7724961970826	15.6581170700208	0.000275573856765411	9
"pt_3_ard"	81.783495236854	23.6691161097922	5.0196296466414e-06	2
