"AICc"	"Delta_AICc"	"AICcWt"	"K_rates"
"pt_1_eq"	57.0252140200138	0	0.667555188388725	1
"pt_1_ard"	58.9044515198383	1.87923749982442	0.260865074098866	2
"pt_2_eq"	61.8588159516588	4.83360193164492	0.0595502861066936	4
"pt_2_ard"	65.0736674114463	8.04845339143246	0.0119340465579018	2
"pt_3_eq"	74.8423726978374	17.8171586778236	9.02693524821627e-05	9
"pt_3_ard"	80.5756161092424	23.5504020892286	5.13549533098437e-06	2
