"AICc"	"Delta_AICc"	"AICcWt"	"K_rates"
"pt_1_eq"	56.2740480260875	0	0.688751123729862	1
"pt_1_ard"	58.0920774397706	1.81802941368306	0.277512307949465	2
"pt_2_eq"	62.8874979822125	6.61344995612499	0.0252330593557717	4
"pt_2_ard"	65.1023680283931	8.82832000230554	0.00833713799044936	2
"pt_3_eq"	72.9756743942974	16.7016263682099	0.000162686020223666	9
"pt_3_ard"	80.5508023587853	24.2767543326978	3.68495422892668e-06	2
