"AICc"	"Delta_AICc"	"AICcWt"	"K_rates"
"pt_1_eq"	55.9702379547256	0	0.691948162072661	1
"pt_1_ard"	57.8344456922759	1.8642077375503	0.272436939797798	2
"pt_2_eq"	62.583687919248	6.61344996452241	0.0253501858215992	4
"pt_2_ard"	64.4166159837161	8.44637802899047	0.0101383172023691	2
"pt_3_eq"	73.2448187120928	17.2745807573672	0.000122728664975022	9
"pt_3_ard"	80.2663279437605	24.2960899890349	3.66644059740692e-06	2
