"AICc"	"Delta_AICc"	"AICcWt"	"K_rates"
"pt_1_eq"	56.707763538033	0	0.704044712190106	1
"pt_1_ard"	58.6987138502157	1.99095031218264	0.2601781814809	2
"pt_2_eq"	63.3109381165002	6.60317457846717	0.0259262138998065	4
"pt_2_ard"	65.2918457909164	8.58408225288333	0.00962920568798921	6
"pt_3_eq"	72.8720462779906	16.1642827399576	0.000217555888203482	9
"pt_3_ard"	80.7999899836407	24.0922264456077	4.13085299494367e-06	12
