"AICc"	"Delta_AICc"	"AICcWt"	"K_rates"
"pt_1_eq"	57.5241101560732	0	0.703391913635085	1
"pt_1_ard"	59.5272783159763	2.00316815990313	0.258353846647623	2
"pt_2_eq"	64.1375601200392	6.61344996396598	0.0257694386637421	4
"pt_2_ard"	65.6346957456454	8.11058558957216	0.0121900668694392	2
"pt_3_eq"	73.1161620387721	15.5920518826989	0.000289351890467168	9
"pt_3_ard"	81.0852199396245	23.5611097835513	5.38229364327798e-06	2
