"AICc"	"Delta_AICc"	"AICcWt"	"K_rates"
"pt_1_eq"	57.0857307409132	0	0.649603968391853	1
"pt_1_ard"	58.8541813162228	1.76845057530958	0.268308546220898	2
"pt_2_eq"	61.3416109037593	4.2558801628461	0.0773563614764059	4
"pt_2_ard"	66.996030049625	9.91029930871181	0.00457777578384127	2
"pt_3_eq"	73.8088369025342	16.723106161621	0.000151800186868424	9
"pt_3_ard"	82.9801168927036	25.8943861517904	1.54794013338125e-06	2
