"AICc"	"Delta_AICc"	"AICcWt"	"K_rates"
"pt_1_eq"	56.8131175682331	0	0.675092825654737	1
"pt_1_ard"	58.6557671256101	1.84264955737699	0.268681166562443	2
"pt_2_eq"	62.1690623034866	5.35594473525352	0.0463804406794347	4
"pt_2_ard"	65.3082657513425	8.49514818310944	0.00965307106067522	2
"pt_3_eq"	73.1772123291906	16.3640947609575	0.000188775428466875	9
"pt_3_ard"	81.0305509806625	24.2174334124295	3.720614242751e-06	2
