"AICc"	"Delta_AICc"	"AICcWt"	"K_rates"
"pt_1_eq"	56.2221245383391	0	0.665958275435482	1
"pt_1_ard"	58.0546808318649	1.83255629352577	0.266386662658888	2
"pt_2_eq"	61.1791931953386	4.95706865699946	0.0558512937839557	4
"pt_2_ard"	64.3272278567893	8.10510331845024	0.0115730064923448	2
"pt_3_eq"	72.1972542516143	15.9751297132752	0.000226199519946222	9
"pt_3_ard"	80.0045189333169	23.7823943949778	4.5621093830742e-06	2
