"AICc"	"Delta_AICc"	"AICcWt"	"K_rates"
"pt_1_eq"	55.1545788339868	0	0.696734142758034	1
"pt_1_ard"	57.0413201976521	1.88674136366527	0.271247916956312	2
"pt_2_eq"	61.7577534100881	6.60317457610124	0.0256570046263401	4
"pt_2_ard"	64.6239005751057	9.46932174111887	0.00612110745390896	2
"pt_3_eq"	71.1559860077344	16.0014071737476	0.000233563876176892	9
"pt_3_ard"	78.3931541741973	23.2385753402105	6.26432922834589e-06	2
