"AICc"	"Delta_AICc"	"AICcWt"	"K_rates"
"pt_1_eq"	56.4676167541609	0	0.618651388331657	1
"pt_1_ard"	58.4255314188107	1.95791466464983	0.232428952216577	2
"pt_2_eq"	59.5772344465241	3.10961769236321	0.130677581903189	4
"pt_2_ard"	63.5576781063425	7.09006135218166	0.0178590655401195	6
"pt_3_eq"	71.2766203919981	14.8090036378372	0.000376453821949064	9
"pt_3_ard"	79.3767829340027	22.9091661798418	6.55818650841606e-06	12
