"AICc"	"Delta_AICc"	"AICcWt"	"K_rates"
"pt_1_eq"	58.2784595747206	0	0.627043274502286	1
"pt_1_ard"	60.2064479618055	1.92798838708489	0.239133354047948	2
"pt_2_eq"	61.658763771019	3.38030419629843	0.115684129853945	4
"pt_2_ard"	65.4051381253576	7.126678550637	0.0177729258778556	2
"pt_3_eq"	73.2056909971399	14.9272314224193	0.000359658555475869	9
"pt_3_ard"	81.1846145636891	22.9061549889684	6.65716248920489e-06	2
