"AICc"	"Delta_AICc"	"AICcWt"	"K_rates"
"pt_1_eq"	58.6902719335193	0	0.689667700823782	1
"pt_1_ard"	60.5524808301816	1.86220889666227	0.271810583698769	2
"pt_2_eq"	65.3037218721001	6.61344993858081	0.0252666392601433	4
"pt_2_ard"	66.6327865816257	7.94251464810645	0.0130000416919037	2
"pt_3_eq"	74.5081413855591	15.8178694520398	0.00025341550187816	9
"pt_3_ard"	84.6145558603927	25.9242839268734	1.61902352331654e-06	2
