"AICc"	"Delta_AICc"	"AICcWt"	"K_rates"
"pt_1_eq"	56.4646054948582	0	0.675416926733528	1
"pt_1_ard"	58.3366774786388	1.87207198378064	0.264884578304671	2
"pt_2_eq"	61.4766873307704	5.01208183591221	0.0551076889321882	4
"pt_2_ard"	66.4935997857639	10.0289942909057	0.00448542398020265	2
"pt_3_eq"	74.0642348883108	17.5996293934526	0.000101826537380689	9
"pt_3_ard"	80.7737782239507	24.3091727290925	3.55551203013534e-06	2
