"AICc"	"Delta_AICc"	"AICcWt"	"K_rates"
"pt_1_eq"	56.9354430820835	0	0.675792835763693	1
"pt_1_ard"	58.810519612957	1.87507653087351	0.264634150417838	2
"pt_2_eq"	62.1057397206705	5.170296638587	0.0509445738155325	4
"pt_2_ard"	65.7047111903665	8.76926810828297	0.00842541319508982	2
"pt_3_eq"	73.1928615107223	16.2574184286388	0.000199324198591337	9
"pt_3_ard"	81.1646512357808	24.2292081536973	3.7026092552727e-06	2
