"AICc"	"Delta_AICc"	"AICcWt"	"K_rates"
"pt_1_eq"	57.8191253866137	0	0.632329911969813	1
"pt_1_ard"	59.8148717861712	1.99574639955751	0.233116439895587	2
"pt_2_eq"	61.1827488379096	3.36362345129588	0.11763652158043	4
"pt_2_ard"	65.1088935047425	7.28976811812876	0.0165192639413485	6
"pt_3_eq"	72.5698939584834	14.7507685718696	0.000396145775555066	9
"pt_3_ard"	83.4524908866089	25.6333654999952	1.71683726637496e-06	12
