"AICc"	"Delta_AICc"	"AICcWt"	"K_rates"
"pt_1_eq"	54.98000813676	0	0.6953609379038	1
"pt_1_ard"	56.8691103731455	1.88910223638546	0.270393938648724	2
"pt_2_eq"	61.5934580748383	6.61344993807828	0.0254752164803989	4
"pt_2_ard"	63.7655709381813	8.78556280142129	0.00859903205481829	2
"pt_3_eq"	71.6439950201373	16.6639868833773	0.000167367648909588	9
"pt_3_ard"	79.3747086644628	24.3947005277028	3.5072633499669e-06	2
