"AICc"	"Delta_AICc"	"AICcWt"	"K_rates"
"pt_1_eq"	55.8005787677748	0	0.690466856233857	1
"pt_1_ard"	57.65181078668	1.85123201890522	0.27362319592528	2
"pt_2_eq"	62.414028733077	6.61344996530221	0.0252959167489212	4
"pt_2_ard"	64.1904480839411	8.3898693161664	0.0104065281291888	2
"pt_3_eq"	72.0662383270472	16.2656595592725	0.00020281484543537	9
"pt_3_ard"	79.6007631155618	23.8001843477871	4.68811731796417e-06	2
