"AICc"	"Delta_AICc"	"AICcWt"	"K_rates"
"pt_1_eq"	57.3582335079367	0	0.693575469291341	1
"pt_1_ard"	59.2890142622371	1.93078075430038	0.264137468190093	2
"pt_2_eq"	63.961408110005	6.60317460206831	0.0255406871878547	4
"pt_2_ard"	64.8323252628431	7.47409175490643	0.0165240051327872	2
"pt_3_eq"	73.5056001874171	16.1473666794804	0.000216141221406437	9
"pt_3_ard"	80.5990401082597	23.2408066003229	6.22897651772669e-06	2
