"AICc"	"Delta_AICc"	"AICcWt"	"K_rates"
"pt_1_eq"	57.3110325662567	0	0.646317472514026	1
"pt_1_ard"	59.0790839775191	1.76805141126234	0.267004395537706	2
"pt_2_eq"	61.6402236387767	4.32919107252002	0.0741948907750872	4
"pt_2_ard"	65.23175373354	7.92072116728328	0.0123163819605536	2
"pt_3_eq"	73.9044751539751	16.5934425877184	0.000161148260144628	9
"pt_3_ard"	80.5843531388755	23.2733205726188	5.71095248224467e-06	2
