"AICc"	"Delta_AICc"	"AICcWt"	"K_rates"
"pt_1_eq"	59.0633912431204	0	0.706346481418851	1
"pt_1_ard"	61.041658865522	1.9782676224016	0.262689328317314	2
"pt_2_eq"	65.676841215564	6.61344997244365	0.0258776819839307	4
"pt_2_ard"	69.0422553780714	9.97886413495099	0.00480988808412496	2
"pt_3_eq"	74.7864238093093	15.723032566189	0.000272147685373069	9
"pt_3_ard"	83.0032138427223	23.939822599602	4.47251040648739e-06	2
