"AICc"	"Delta_AICc"	"AICcWt"	"K_rates"
"pt_1_eq"	59.3079757013797	0	0.696843253701951	1
"pt_1_ard"	61.1827293965481	1.87475369516841	0.272921347915222	2
"pt_2_eq"	65.9214256349432	6.61344993356352	0.025529522602393	4
"pt_2_ard"	69.4083911375193	10.1004154361396	0.00446537313772094	2
"pt_3_eq"	75.2759514433982	15.9679757420185	0.000237538070235656	9
"pt_3_ard"	84.0431415916725	24.7351658902928	2.96457247714613e-06	2
