"AICc"	"Delta_AICc"	"AICcWt"	"K_rates"
"pt_1_eq"	56.3787952168807	0	0.702658641603373	1
"pt_1_ard"	58.4002085602493	2.02141334336855	0.255740824760928	2
"pt_2_eq"	62.9819698161045	6.6031745992238	0.0258751720398873	4
"pt_2_ard"	64.0242472711003	7.64545205421951	0.0153658140188161	2
"pt_3_eq"	71.5796206283184	15.2008254114376	0.000351501427821371	9
"pt_3_ard"	79.1336609479595	22.7548657310788	8.04614917402169e-06	2
