"AICc"	"Delta_AICc"	"AICcWt"	"K_rates"
"pt_1_eq"	56.2081143790467	0	0.673842161565085	1
"pt_1_ard"	58.0500606564386	1.84194627739189	0.268277733554873	2
"pt_2_eq"	61.3115317476935	5.10341736864678	0.0525248934152684	4
"pt_2_ard"	65.9582393957011	9.75012501665446	0.00514452680637384	2
"pt_3_eq"	72.3916913738965	16.1835769948499	0.000206223943644783	9
"pt_3_ard"	80.0589987167516	23.850884337705	4.46071475411899e-06	2
