"AICc"	"Delta_AICc"	"AICcWt"	"K_rates"
"pt_1_eq"	55.2918988180025	0	0.694018528770321	1
"pt_1_ard"	57.2186522600908	1.92675344208829	0.264838958536208	2
"pt_2_eq"	61.8950734190211	6.60317460101857	0.0255570027199964	4
"pt_2_ard"	62.9273998049821	7.63550098697957	0.0152525723143035	2
"pt_3_eq"	70.6197288995168	15.3278300815143	0.000325817984892191	9
"pt_3_ard"	78.266682739318	22.9747839213156	7.11967427860909e-06	2
