"AICc"	"Delta_AICc"	"AICcWt"	"K_rates"
"pt_1_eq"	55.956110489639	0	0.682476050427472	1
"pt_1_ard"	57.7126439028148	1.75653341317581	0.283570488488548	2
"pt_2_eq"	62.5695604449304	6.61344995529139	0.0250031660249763	4
"pt_2_ard"	64.6688715543374	8.71276106469836	0.00875256590043577	2
"pt_3_eq"	72.2738125402089	16.3177020505699	0.000195318525339249	9
"pt_3_ard"	81.0632969914352	25.1071865017962	2.41063322891954e-06	2
