"AICc"	"Delta_AICc"	"AICcWt"	"K_rates"
"pt_1_eq"	55.7341445864529	0	0.690526997930628	1
"pt_1_ard"	57.5968718865238	1.86272730007087	0.272078715908854	2
"pt_2_eq"	62.0671623595702	6.33301777311734	0.0291060537337481	4
"pt_2_ard"	64.6268178422938	8.89267325584095	0.0080939627418971	2
"pt_3_eq"	72.1292510769824	16.3951064905295	0.000190120314298963	9
"pt_3_ard"	79.778651978945	24.0445073924921	4.14937057441511e-06	2
