"AICc"	"Delta_AICc"	"AICcWt"	"K_rates"
"pt_1_eq"	57.735789117763	0	0.644446549987944	1
"pt_1_ard"	59.6754874865466	1.93969836878356	0.244335602908637	2
"pt_2_eq"	61.5165303713735	3.78074125361045	0.0973216293154038	4
"pt_2_ard"	65.4491280213603	7.7133389035973	0.0136224945120661	2
"pt_3_eq"	73.3025128864922	15.5667237687292	0.000268482378140412	9
"pt_3_ard"	81.1750978063261	23.4393086885631	5.24089780828968e-06	2
