"AICc"	"Delta_AICc"	"AICcWt"	"K_rates"
"pt_1_eq"	58.5260135493813	0	0.665513683130961	1
"pt_1_ard"	60.4499375246271	1.92392397524577	0.254320990343335	2
"pt_2_eq"	62.8956067998549	4.36959325047358	0.0748706960563019	4
"pt_2_ard"	68.3020822035121	9.77606865413075	0.00501545864182912	2
"pt_3_eq"	74.0884062437173	15.5623926943359	0.000277860205726201	9
"pt_3_ard"	84.8001136597979	26.2741001104166	1.31162184630553e-06	2
