"AICc"	"Delta_AICc"	"AICcWt"	"K_rates"
"pt_1_eq"	56.1292900066115	0	0.648529555059768	1
"pt_1_ard"	58.0732308914796	1.94394088486818	0.24536260450349	2
"pt_2_eq"	60.0386719163748	3.9093819097633	0.0918371245125507	4
"pt_2_ard"	63.8036209023142	7.67433089570273	0.0139788032591532	2
"pt_3_eq"	71.5773688820749	15.4480788754634	0.000286696285990052	9
"pt_3_ard"	79.59060873449	23.4613187278786	5.2163790481361e-06	2
