"AICc"	"Delta_AICc"	"AICcWt"	"K_rates"
"pt_1_eq"	58.1232660864993	0	0.664612873247913	1
"pt_1_ard"	60.070216037426	1.94694995092669	0.251069489192398	2
"pt_2_eq"	62.5257321083149	4.40246602181556	0.0735504609905067	4
"pt_2_ard"	66.4167831228694	8.29351703637005	0.0105112510017381	2
"pt_3_eq"	73.8825422497578	15.7592761632585	0.000251469553609412	9
"pt_3_ard"	81.9486768811689	23.8254107946696	4.45601383444827e-06	2
