"AICc"	"Delta_AICc"	"AICcWt"	"K_rates"
"pt_1_eq"	58.0024339873243	0	0.644451979102663	1
"pt_1_ard"	59.9143863306886	1.91195234336423	0.247750982565754	2
"pt_2_eq"	61.6797298260175	3.67729583869315	0.102488683898584	4
"pt_2_ard"	67.6988504011789	9.69641641385455	0.00505406112823532	2
"pt_3_eq"	73.7132673905183	15.7108334031939	0.000249819557741143	9
"pt_3_ard"	81.7582925316535	23.7558585443292	4.47374702299072e-06	2
