"AICc"	"Delta_AICc"	"AICcWt"	"K_rates"
"pt_1_eq"	56.3315217780098	0	0.696149636839111	1
"pt_1_ard"	58.2007485978724	1.86922681986253	0.273404182631938	2
"pt_2_eq"	62.9449717140926	6.61344993608276	0.0255041112495964	4
"pt_2_ard"	66.258799841788	9.92727806377816	0.00486431352472904	2
"pt_3_eq"	74.5749416122139	18.243419834204	7.6066654937564e-05	9
"pt_3_ard"	82.1897702849195	25.8582485069097	1.68909968837432e-06	2
