"AICc"	"Delta_AICc"	"AICcWt"	"K_rates"
"pt_1_eq"	58.7872748618523	0	0.655147837050361	1
"pt_1_ard"	60.6304360738258	1.84316121197351	0.260676535100202	2
"pt_2_eq"	63.2104460159633	4.42317115411106	0.0717562772438799	4
"pt_2_ard"	66.7593513318048	7.97207646995253	0.0121681597140152	2
"pt_3_eq"	74.5582235825781	15.7709487207258	0.000246445736712089	9
"pt_3_ard"	82.4582591275062	23.6709842656539	4.74515483036372e-06	2
