"AICc"	"Delta_AICc"	"AICcWt"	"K_rates"
"pt_1_eq"	56.1044234826918	0	0.697762338720201	1
"pt_1_ard"	57.9903877488884	1.8859642661966	0.271753776466339	2
"pt_2_eq"	62.7178734297829	6.61344994709106	0.0255631939928178	4
"pt_2_ard"	66.079313522773	9.97489004008116	0.00476088481180913	2
"pt_3_eq"	72.8923705293002	16.7879470466084	0.000157852383003235	9
"pt_3_ard"	81.6763170602127	25.5718935775208	1.95362583006577e-06	2
