"AICc"	"Delta_AICc"	"AICcWt"	"K_rates"
"pt_1_eq"	56.800303678432	0	0.677209949075526	1
"pt_1_ard"	58.6275918472595	1.8272881688275	0.271601863600808	2
"pt_2_eq"	62.3106346881275	5.5103310096955	0.0430695321643599	4
"pt_2_ard"	65.6953289301488	8.89502525171689	0.00792853847815768	2
"pt_3_eq"	73.1978091822185	16.3975055037865	0.000186230260682011	9
"pt_3_ard"	80.9367998286892	24.1364961502572	3.88642046671696e-06	2
