"AICc"	"Delta_AICc"	"AICcWt"	"K_rates"
"pt_1_eq"	55.4542645632773	0	0.70807392683064	1
"pt_1_ard"	57.4348105243006	1.98054596102334	0.26303195433199	2
"pt_2_eq"	62.0574391626077	6.60317459933039	0.0260745881256332	4
"pt_2_ard"	66.6895354628565	11.2352708995792	0.00257258969474609	6
"pt_3_eq"	71.4146375024158	15.9603729391385	0.000242285628707145	9
"pt_3_ard"	79.3188214918023	23.864556928525	4.65538828350871e-06	12
