"AICc"	"Delta_AICc"	"AICcWt"	"K_rates"
"pt_1_eq"	56.9216236429573	0	0.635151945638831	1
"pt_1_ard"	58.9156726047605	1.99404896180314	0.234355636060843	2
"pt_2_eq"	60.350713110669	3.42908946771166	0.114356358084177	4
"pt_2_ard"	64.3134313816638	7.39180773870648	0.0157676501992466	6
"pt_3_eq"	71.8511357840007	14.9295121410434	0.000363894308132385	9
"pt_3_ard"	80.62973839868	23.7081147557226	4.51570877062129e-06	12
