"AICc"	"Delta_AICc"	"AICcWt"	"K_rates"
"pt_1_eq"	59.0177336162295	0	0.666839889212036	1
"pt_1_ard"	61.0233948023291	2.00566118609964	0.244623275931887	2
"pt_2_eq"	63.3839913202	4.36625770397046	0.0751451156159149	4
"pt_2_ard"	66.8774025225339	7.85966890630441	0.0131013531372009	2
"pt_3_eq"	74.5279630508286	15.5102294345991	0.000285770926224057	9
"pt_3_ard"	82.7883296796284	23.770596063399	4.59517673820073e-06	2
