"AICc"	"Delta_AICc"	"AICcWt"	"K_rates"
"pt_1_eq"	56.2870204252875	0	0.651348859475764	1
"pt_1_ard"	58.2083479488068	1.92132752351929	0.249231359420301	2
"pt_2_eq"	60.3524004029335	4.065379977646	0.0853154353911865	4
"pt_2_ard"	63.9948377160742	7.7078172907867	0.0138064618936893	2
"pt_3_eq"	71.7116029018331	15.4245824765456	0.000291345375801264	9
"pt_3_ard"	79.3052235390801	23.0182031137926	6.53844325814602e-06	2
