"AICc"	"Delta_AICc"	"AICcWt"	"K_rates"
"pt_1_eq"	57.2234960556617	0	0.695408446478263	1
"pt_1_ard"	59.1102371335446	1.88674107788291	0.270731844355523	2
"pt_2_eq"	63.8369460283195	6.61344997265788	0.0254769565622076	4
"pt_2_ard"	66.1198625077675	8.89636645210584	0.00813614222597834	2
"pt_3_eq"	73.1467455048845	15.9232494492229	0.000242409857612421	9
"pt_3_ard"	81.2575884928936	24.0340924372319	4.20052041556716e-06	2
