"AICc"	"Delta_AICc"	"AICcWt"	"K_rates"
"pt_1_eq"	57.0715558384644	0	0.692219282683692	1
"pt_1_ard"	58.9413747157433	1.86981887727893	0.271780117892777	2
"pt_2_eq"	63.6850057634955	6.6134499250311	0.0253601190864606	4
"pt_2_ard"	65.4631023804993	8.39154654203494	0.0104241946916155	2
"pt_3_eq"	73.2308981285467	16.1593422900823	0.000214430767032865	9
"pt_3_ard"	82.7312336650585	25.6596778265941	1.85487842271651e-06	2
