"AICc"	"Delta_AICc"	"AICcWt"	"K_rates"
"pt_1_eq"	56.8813407919551	0	0.655028212223811	1
"pt_1_ard"	58.7230764270522	1.84173563509718	0.260814777139032	2
"pt_2_eq"	61.2915109633651	4.41017017141007	0.0722110600965771	4
"pt_2_ard"	64.912431782592	8.03109099063693	0.0118121990055861	2
"pt_3_eq"	73.946965510211	17.065624718256	0.000128975340433643	9
"pt_3_ard"	80.5389197391992	23.6575789472441	4.77619455945642e-06	2
