"AICc"	"Delta_AICc"	"AICcWt"	"K_rates"
"pt_1_eq"	56.5354066335359	0	0.654481540879882	1
"pt_1_ard"	58.3709289208684	1.83552228733242	0.261407956275459	2
"pt_2_eq"	61.0121198305164	4.47671319698048	0.0697897243328954	4
"pt_2_ard"	64.2221107644973	7.68670413096134	0.0140200902116022	6
"pt_3_eq"	71.9461480620289	15.410741428493	0.000294779596413201	9
"pt_3_ard"	79.7657510038532	23.2303443703172	5.90870374801269e-06	12
