"AICc"	"Delta_AICc"	"AICcWt"	"K_rates"
"pt_1_eq"	58.7915344185293	0	0.616516434622549	1
"pt_1_ard"	60.6907034102807	1.89916899175136	0.238531287048385	2
"pt_2_eq"	61.9551910503692	3.1636566318399	0.12675507286491	4
"pt_2_ard"	65.8781686739936	7.08663425546435	0.0178279571660836	2
"pt_3_eq"	73.6739619137494	14.8824274952201	0.000361631779906321	9
"pt_3_ard"	81.394576273355	22.6030418548257	7.61651816665256e-06	2
