"AICc"	"Delta_AICc"	"AICcWt"	"K_rates"
"pt_1_eq"	58.2152207475588	0	0.597663250624813	1
"pt_1_ard"	60.2431795896245	2.02795884206569	0.216815778994565	2
"pt_2_eq"	60.8115722045707	2.59635145701191	0.163179649943954	4
"pt_2_ard"	64.8338547546816	6.61863400712281	0.0218392861680344	2
"pt_3_eq"	72.409494152742	14.1942734051832	0.000494548905806777	9
"pt_3_ard"	80.7908872629077	22.5756665153489	7.48536282714955e-06	2
