"AICc"	"Delta_AICc"	"AICcWt"	"K_rates"
"pt_1_eq"	56.039814187249	0	0.670752521891867	1
"pt_1_ard"	57.9086646488689	1.86885046161995	0.263479355667079	2
"pt_2_eq"	60.8510079011291	4.81119371388014	0.0605096824161156	4
"pt_2_ard"	65.8124720132569	9.7726578260079	0.0050635678124334	2
"pt_3_eq"	72.3518888309777	16.3120746437287	0.000192504245152591	9
"pt_3_ard"	81.1480613835599	25.108247196311	2.36796735240193e-06	2
