"AICc"	"Delta_AICc"	"AICcWt"	"K_rates"
"pt_1_eq"	55.5530939897056	0	0.658589922673442	1
"pt_1_ard"	57.3987988123016	1.84570482259596	0.261713045509468	2
"pt_2_eq"	59.9195942974702	4.36650030776461	0.0742064382152924	4
"pt_2_ard"	65.2121718607263	9.65907787102067	0.00526226810869371	2
"pt_3_eq"	71.5282764682187	15.9751824785131	0.000223690882156186	9
"pt_3_ard"	79.2817021699587	23.7286081802531	4.63461094761291e-06	2
