"AICc"	"Delta_AICc"	"AICcWt"	"K_rates"
"pt_1_eq"	55.7158321230495	0	0.694291521271242	1
"pt_1_ard"	57.6417359951936	1.92590387214416	0.265055700828079	2
"pt_2_eq"	62.3190066760596	6.60317455301011	0.0255670561922463	4
"pt_2_ard"	63.4153040921253	7.69947196907587	0.0147782417533698	2
"pt_3_eq"	71.2058555586669	15.4900234356174	0.000300556420857522	9
"pt_3_ard"	78.7472738193042	23.0314416962548	6.92353420575601e-06	2
