"AICc"	"Delta_AICc"	"AICcWt"	"K_rates"
"pt_1_eq"	55.2889954228272	0	0.704425165239726	1
"pt_1_ard"	57.2547895305339	1.96579410770673	0.263613772216256	2
"pt_2_eq"	61.8921700231502	6.60317460032305	0.0259402236741783	4
"pt_2_ard"	64.9275358617758	9.63854043894857	0.00568659631674917	6
"pt_3_eq"	70.6276818396646	15.3386864168374	0.00032891329412143	9
"pt_3_ard"	78.8728457878237	23.5838503649965	5.32925896869319e-06	12
