"AICc"	"Delta_AICc"	"AICcWt"	"K_rates"
"pt_1_eq"	55.7380905427704	0	0.679553391125071	1
"pt_1_ard"	57.5610754977235	1.82298495495316	0.273128758584605	2
"pt_2_eq"	61.4092294962591	5.67113895348874	0.0398796563476207	4
"pt_2_ard"	64.787866934979	9.04977639220867	0.00736359016919782	2
"pt_3_eq"	74.0646984215948	18.3266078788244	7.12280815326569e-05	9
"pt_3_ard"	80.1632720458375	24.4251815030672	3.37569197213079e-06	2
