"AICc"	"Delta_AICc"	"AICcWt"	"K_rates"
"pt_1_eq"	55.2084192818131	0	0.658307587986019	1
"pt_1_ard"	57.1786340790151	1.97021479720204	0.24581147551775	2
"pt_2_eq"	59.3447519853668	4.13633270355376	0.0832215167577463	4
"pt_2_ard"	63.1572935637908	7.94887428197767	0.0123695170061111	6
"pt_3_eq"	70.6740550216563	15.4656357398432	0.000288475364351526	9
"pt_3_ard"	81.2916099921991	26.0831907103861	1.42736802271569e-06	12
