"AICc"	"Delta_AICc"	"AICcWt"	"K_rates"
"pt_1_eq"	53.1986695044997	0	0.685775391332016	1
"pt_1_ard"	55.11709285177	1.91842334727025	0.262785597899248	2
"pt_2_eq"	58.5655508128212	5.36688130832147	0.0468574260035309	4
"pt_2_ard"	63.2923979335118	10.0937284290121	0.00440916770103751	2
"pt_3_eq"	69.7985139376073	16.5998444331076	0.000170439981256069	9
"pt_3_ard"	78.7120354122986	25.5133659077989	1.97708291143229e-06	2
