"AICc"	"Delta_AICc"	"AICcWt"	"K_rates"
"pt_1_eq"	57.4081029797151	0	0.647337615235089	1
"pt_1_ard"	59.3301258408205	1.9220228611054	0.24761040027919	2
"pt_2_eq"	61.3725276077516	3.96442462803648	0.0891798984795095	4
"pt_2_ard"	64.8535308129176	7.44542783320244	0.0156450419461398	6
"pt_3_eq"	73.3709669543816	15.9628639746665	0.000221227429801642	9
"pt_3_ard"	80.6479072821811	23.239804302466	5.81663026961952e-06	12
