"AICc"	"Delta_AICc"	"AICcWt"	"K_rates"
"pt_1_eq"	56.5244639417958	0	0.670556369765928	1
"pt_1_ard"	58.4946033543326	1.97013941253677	0.250394597661471	2
"pt_2_eq"	61.1041024110164	4.5796384692206	0.0679171469997569	4
"pt_2_ard"	64.7464311371132	8.22196719531741	0.010991521169105	6
"pt_3_eq"	73.5273385905186	17.0028746487228	0.000136241047511634	9
"pt_3_ard"	80.5228551405712	23.9983911987754	4.12335622732022e-06	12
