"AICc"	"Delta_AICc"	"AICcWt"	"K_rates"
"pt_1_eq"	56.5133523225532	0	0.696246389983388	1
"pt_1_ard"	58.4554514949772	1.94209917242403	0.263658319368794	2
"pt_2_eq"	63.1165173849036	6.60316506235041	0.0256391652535778	4
"pt_2_ard"	64.3045467391517	7.79119441659852	0.014155544686696	2
"pt_3_eq"	72.0187653756541	15.5054130531009	0.000299092341068523	9
"pt_3_ard"	82.6249117051347	26.1115593825815	1.48836647637936e-06	2
