"AICc"	"Delta_AICc"	"AICcWt"	"K_rates"
"pt_1_eq"	56.5833887712632	0	0.626549945273142	1
"pt_1_ard"	58.6296149546552	2.04622618339206	0.22522849057117	2
"pt_2_eq"	59.7514381601403	3.16804938887709	0.128535328669196	4
"pt_2_ard"	63.5461190042375	6.96273023297432	0.0192760496743101	6
"pt_3_eq"	71.2881860753582	14.704797304095	0.000401651629328558	9
"pt_3_ard"	78.9911970918444	22.4078083205813	8.53418285306979e-06	12
