"AICc"	"Delta_AICc"	"AICcWt"	"K_rates"
"pt_1_eq"	58.2499316942557	0	0.694005682800417	1
"pt_1_ard"	60.1024280130822	1.85249631882648	0.274851785218826	2
"pt_2_eq"	64.8633816453417	6.61344995108605	0.0254255652413786	4
"pt_2_ard"	67.9548663966617	9.70493470240598	0.00541955006269905	2
"pt_3_eq"	73.7848626836236	15.5349309893679	0.000293762005157547	9
"pt_3_ard"	82.558390113593	24.3084584193373	3.65467152184915e-06	2
