"AICc"	"Delta_AICc"	"AICcWt"	"K_rates"
"pt_1_eq"	59.6987812988069	0	0.621459566007837	1
"pt_1_ard"	61.7280181684842	2.02923686967737	0.225304408677757	2
"pt_2_eq"	62.7742979164099	3.07551661760299	0.133528179947858	4
"pt_2_ard"	66.6428920325846	6.94411073377778	0.0192982705527356	2
"pt_3_eq"	74.3840682597668	14.6852869609599	0.000402293792423933	9
"pt_3_ard"	82.4078912510569	22.7091099522501	7.28102138842483e-06	2
