"AICc"	"Delta_AICc"	"AICcWt"	"K_rates"
"pt_1_eq"	55.452678489023	0	0.665600126823017	1
"pt_1_ard"	57.2523268328879	1.79964834386489	0.270660402597729	2
"pt_2_eq"	60.4734056704445	5.02072718142146	0.0540724865170411	4
"pt_2_ard"	63.9651975605911	8.51251907156814	0.00943503175299669	6
"pt_3_eq"	71.3904512549184	15.9377727658954	0.000230340345012739	9
"pt_3_ard"	81.3146603317259	25.8619818427029	1.61196420366877e-06	12
