"AICc"	"Delta_AICc"	"AICcWt"	"K_rates"
"pt_1_eq"	56.5608485547936	0	0.638283346362495	1
"pt_1_ard"	58.4944936763565	1.93364512156295	0.242732433633016	2
"pt_2_eq"	60.19550291097	3.63465435617643	0.10369512704266	4
"pt_2_ard"	64.0717036679078	7.51085511311427	0.0149297332510832	6
"pt_3_eq"	71.5619274289545	15.0010788741609	0.000352834159424654	9
"pt_3_ard"	79.5424728286771	22.9816242738836	6.52555132146326e-06	12
