"AICc"	"Delta_AICc"	"AICcWt"	"K_rates"
"pt_1_eq"	55.7616089947908	0	0.69670396477525	1
"pt_1_ard"	57.7178472625365	1.95623826774571	0.261973003647733	2
"pt_2_eq"	62.364783131335	6.60317413654418	0.0256558989707091	4
"pt_2_ard"	63.3762919273335	7.61468293254269	0.0154718017713797	2
"pt_3_eq"	72.1796838136395	16.4180748188487	0.000189630693519522	9
"pt_3_ard"	79.1888587723583	23.4272497775676	5.70014140832527e-06	2
