"AICc"	"Delta_AICc"	"AICcWt"	"K_rates"
"pt_1_eq"	57.2449463560563	0	0.703848752845027	1
"pt_1_ard"	59.2720591611538	2.02711280509753	0.255444991962659	2
"pt_2_eq"	63.8583961577012	6.6134498016449	0.0257861775000072	4
"pt_2_ard"	64.9966114945817	7.7516651385254	0.0145957577891404	2
"pt_3_eq"	72.6519683746795	15.4070220186232	0.000317604774728051	9
"pt_3_ard"	80.3648579870061	23.1199116309498	6.71512843836145e-06	2
