"AICc"	"Delta_AICc"	"AICcWt"	"K_rates"
"pt_1_eq"	55.9640378424778	0	0.645763323921739	1
"pt_1_ard"	58.0230025904736	2.05896474799586	0.230661366945545	2
"pt_2_eq"	59.5321819259984	3.56814408352058	0.108457785469055	4
"pt_2_ard"	63.5202945172939	7.55625667481618	0.0147656675763244	2
"pt_3_eq"	71.0321397815602	15.0681019390825	0.000345204630973835	9
"pt_3_ard"	78.9307428649896	22.9667050225118	6.65145636363151e-06	2
