"AICc"	"Delta_AICc"	"AICcWt"	"K_rates"
"pt_1_eq"	55.208419292076	0	0.663314548999517	1
"pt_1_ard"	57.1786340748228	1.97021478274677	0.247681072155427	2
"pt_2_eq"	59.3447525361527	4.13633324407673	0.0838544609596823	4
"pt_2_ard"	64.9928157552969	9.78439646322086	0.00497811387306464	2
"pt_3_eq"	71.7464371011159	16.5380178090399	0.000170033535462225	9
"pt_3_ard"	80.8759306407212	25.6675113486452	1.77047684669965e-06	2
