"AICc"	"Delta_AICc"	"AICcWt"	"K_rates"
"pt_1_eq"	56.0396827459025	0	0.681342683081812	1
"pt_1_ard"	57.9008864889847	1.86120374308219	0.268664533436153	2
"pt_2_eq"	61.6671405802959	5.6274578343934	0.0408675548419421	4
"pt_2_ard"	64.6833525726217	8.64366982671923	0.00904516600510729	2
"pt_3_eq"	74.1934319216165	18.153749175714	7.78626265912158e-05	9
"pt_3_ard"	81.3264017223025	25.2867189764001	2.20000839456038e-06	2
