"AICc"	"Delta_AICc"	"AICcWt"	"K_rates"
"pt_1_eq"	55.7282811214359	0	0.651516928687152	1
"pt_1_ard"	57.668184603245	1.93990348180912	0.246990935974064	2
"pt_2_eq"	59.7921565808889	4.06387545945296	0.0854016695758092	4
"pt_2_ard"	63.1728412231221	7.44456010168621	0.0157528819510991	6
"pt_3_eq"	70.9040313009208	15.1757501794849	0.000330030003372303	9
"pt_3_ard"	78.4582946931721	22.7300135717362	7.55380850264805e-06	12
