"AICc"	"Delta_AICc"	"AICcWt"	"K_rates"
"pt_1_eq"	56.7721936953774	0	0.668419706376484	1
"pt_1_ard"	58.5870304773043	1.81483678192686	0.26975061613509	2
"pt_2_eq"	61.7320107443261	4.95981704894864	0.0559807428950297	4
"pt_2_ard"	66.2901331306493	9.51793943527184	0.0057313239596062	2
"pt_3_eq"	74.1156113891879	17.3434176938105	0.000114544421822672	9
"pt_3_ard"	81.3566509859092	24.5844572905318	3.06621196745662e-06	2
