"AICc"	"Delta_AICc"	"AICcWt"	"K_rates"
"pt_1_eq"	55.8237976680999	0	0.694581079635766	1
"pt_1_ard"	57.7374712409585	1.91367357285865	0.266792743204131	2
"pt_2_eq"	62.4269722438679	6.60317457576801	0.0255777187924337	4
"pt_2_ard"	63.8133515790731	7.98955391097324	0.0127883160469447	2
"pt_3_eq"	71.6139368963261	15.7901392282262	0.000258784214447062	9
"pt_3_ard"	82.113743454786	26.2899457866861	1.35810627746135e-06	2
