"AICc"	"Delta_AICc"	"AICcWt"	"K_rates"
"pt_1_eq"	58.9873153767789	0	0.66352770602936	1
"pt_1_ard"	60.8375511282409	1.85023575146199	0.263078570460826	2
"pt_2_eq"	63.5188171514742	4.53150177469531	0.0688423923417887	4
"pt_2_ard"	69.0546029722556	10.0672875954767	0.0043229014664144	2
"pt_3_eq"	74.9640685702198	15.9767531934409	0.000225191081420719	9
"pt_3_ard"	83.4476724115236	24.4603570347446	3.23862019028775e-06	2
