"AICc"	"Delta_AICc"	"AICcWt"	"K_rates"
"pt_1_eq"	56.7767341213364	0	0.626237453699455	1
"pt_1_ard"	58.6029325858547	1.82619846451831	0.251295713204565	2
"pt_2_eq"	60.3487941245956	3.57206000325919	0.10497262654058	4
"pt_2_ard"	63.9752543497603	7.19852022842387	0.0171238033438204	6
"pt_3_eq"	71.6832275420304	14.906493420694	0.000362940237897738	9
"pt_3_ard"	79.4517960125325	22.6750618911961	7.46297368118261e-06	12
