"AICc"	"Delta_AICc"	"AICcWt"	"K_rates"
"pt_1_eq"	56.1051269649446	0	0.660222871073446	1
"pt_1_ard"	57.9803089415955	1.87518197665088	0.258523467485505	2
"pt_2_eq"	60.5986286093449	4.49350164440031	0.0698134468337946	4
"pt_2_ard"	64.2563385094966	8.15121154455198	0.0112118548715144	2
"pt_3_eq"	72.0565999783145	15.9514730133699	0.000226919705299572	9
"pt_3_ard"	82.1764639394381	26.0713369744935	1.44003044136064e-06	2
