"AICc"	"Delta_AICc"	"AICcWt"	"K_rates"
"pt_1_eq"	55.9116717276765	0	0.65279975733603	1
"pt_1_ard"	57.9275834917527	2.01591176407617	0.238248572255306	2
"pt_2_eq"	59.7888024248704	3.87713069719388	0.0939445846399646	4
"pt_2_ard"	63.5019801451578	7.59030841748127	0.0146745723395618	2
"pt_3_eq"	71.1098516762549	15.1981799485784	0.000326992010087277	9
"pt_3_ard"	79.272453346085	23.3607816184085	5.52141905095741e-06	2
