"AICc"	"Delta_AICc"	"AICcWt"	"K_rates"
"pt_1_eq"	58.0262330721671	0	0.713754221765115	1
"pt_1_ard"	60.0783706230206	2.05213755085352	0.255818932788226	2
"pt_2_eq"	64.6396830089202	6.61344993675312	0.0261490721352947	4
"pt_2_ard"	68.3700719265202	10.3438388543531	0.00404960460794033	2
"pt_3_eq"	74.1759641471064	16.1497310749393	0.000222166792506768	9
"pt_3_ard"	81.3986651726001	23.372432100433	6.00191091662156e-06	2
