"AICc"	"Delta_AICc"	"AICcWt"	"K_rates"
"pt_1_eq"	57.5401302038689	0	0.64739118300996	1
"pt_1_ard"	59.520574239793	1.98044403592409	0.240502071871974	2
"pt_2_eq"	61.4437584339457	3.90362823007685	0.0919400383303942	4
"pt_2_ard"	64.5134751272299	6.97334492336105	0.0198118107154024	2
"pt_3_eq"	72.6019853259863	15.0618551221174	0.000347157455836997	9
"pt_3_ard"	80.2090963743059	22.668966170437	7.73861643214916e-06	2
