"AICc"	"Delta_AICc"	"AICcWt"	"K_rates"
"pt_1_eq"	55.2115124583874	0	0.691045088132872	1
"pt_1_ard"	57.0679436089651	1.85643115057772	0.273141369159715	2
"pt_2_eq"	61.8249624070664	6.61344994867901	0.0253171010405913	4
"pt_2_ard"	63.6101502479303	8.39863778954296	0.0103696801441508	2
"pt_3_eq"	72.4899946074255	17.2784821490381	0.000122329628802079	9
"pt_3_ard"	79.1257791557903	23.9142666974029	4.43189386829407e-06	2
