"AICc"	"Delta_AICc"	"AICcWt"	"K_rates"
"pt_1_eq"	56.0042370734113	0	0.697776474669516	1
"pt_1_ard"	57.9668690763286	1.96263200291724	0.261538843387798	2
"pt_2_eq"	62.6074133492296	6.6031762758183	0.0256953663171887	4
"pt_2_ard"	63.7267641440459	7.72252707063457	0.0146821912432011	2
"pt_3_eq"	71.4740513135731	15.4698142401618	0.000305132763943552	9
"pt_3_ard"	81.5376501592154	25.5334130858041	1.99161835249262e-06	2
