"AICc"	"Delta_AICc"	"AICcWt"	"K_rates"
"pt_1_eq"	56.6317622347911	0	0.679809815126701	1
"pt_1_ard"	58.4911993566164	1.85943712182533	0.268296983538822	2
"pt_2_eq"	62.5449939490139	5.91323171422287	0.0353464236786105	4
"pt_2_ard"	64.1058244522762	7.47406221748508	0.0161962861615821	2
"pt_3_eq"	71.8098488250158	15.1780865902247	0.000343959892595508	9
"pt_3_ard"	79.7375945540142	23.1058323192232	6.53160168867175e-06	2
