"AICc"	"Delta_AICc"	"AICcWt"	"K_rates"
"pt_1_eq"	56.0940555795828	0	0.679056774377753	1
"pt_1_ard"	57.9623028970811	1.86824731749828	0.266821816051982	2
"pt_2_eq"	61.5141239843805	5.42006840479765	0.0451807240297264	4
"pt_2_ard"	64.7728945711961	8.67883899161325	0.00885768322099946	2
"pt_3_eq"	74.1692361003555	18.0751805207727	8.07105870880858e-05	9
"pt_3_ard"	81.2923594948731	25.1983039152903	2.29173245038475e-06	2
