"AICc"	"Delta_AICc"	"AICcWt"	"K_rates"
"pt_1_eq"	56.1547225438805	0	0.683574465378737	1
"pt_1_ard"	58.0183385740018	1.86361603012131	0.269219648158119	2
"pt_2_eq"	61.6177308252399	5.46300828135936	0.044515233511919	4
"pt_2_ard"	67.2953012900632	11.1405787461826	0.00260399348986375	2
"pt_3_eq"	74.1475616432319	17.9928390993513	8.46623782679126e-05	9
"pt_3_ard"	81.6415289711046	25.4868064272241	1.99708309354096e-06	2
