"AICc"	"Delta_AICc"	"AICcWt"	"K_rates"
"pt_1_eq"	54.2736801904656	0	0.659200723144344	1
"pt_1_ard"	56.2522739266018	1.97859373613625	0.245115911672041	2
"pt_2_eq"	58.4432042650255	4.16952407455987	0.0819628452864407	4
"pt_2_ard"	62.0582421516823	7.78456196121671	0.0134468798132348	2
"pt_3_eq"	69.872983543285	15.5993033528194	0.000270191692192118	9
"pt_3_ard"	78.5954309752458	24.3217507847802	3.44839174742312e-06	2
