"AICc"	"Delta_AICc"	"AICcWt"	"K_rates"
"pt_1_eq"	56.4161949824469	0	0.639257550849218	1
"pt_1_ard"	58.3841823863415	1.96798740389458	0.238964193854227	2
"pt_2_eq"	60.014682976629	3.59848799418211	0.105748478387758	4
"pt_2_ard"	63.8283588714749	7.41216388902804	0.0157088693819966	6
"pt_3_eq"	71.6218194833021	15.2056245008552	0.000319018933822871	9
"pt_3_ard"	81.8806562022627	25.4644612198158	1.88859297701429e-06	12
