"AICc"	"Delta_AICc"	"AICcWt"	"K_rates"
"pt_1_eq"	57.6519153547093	0	0.646199333195147	1
"pt_1_ard"	59.7127015674136	2.06078621270429	0.23060698897311	2
"pt_2_eq"	61.2570465868858	3.6051312321765	0.106542333669896	4
"pt_2_ard"	64.9989478361527	7.34703248144339	0.0164050921039807	2
"pt_3_eq"	73.4469839931355	15.7950686384262	0.000240165671058113	9
"pt_3_ard"	80.7975327424469	23.1456173877376	6.08638680888747e-06	2
