"AICc"	"Delta_AICc"	"AICcWt"	"K_rates"
"pt_1_eq"	56.1519773504873	0	0.641326552564707	1
"pt_1_ard"	57.9950959903033	1.84311863981605	0.255182621012145	2
"pt_2_eq"	60.1591043773466	4.00712702685934	0.086485369088674	4
"pt_2_ard"	63.4558720427001	7.30389469221284	0.016636372677034	6
"pt_3_eq"	71.1076846689358	14.9557073184485	0.000362650800560208	9
"pt_3_ard"	79.1714170792039	23.0194397287166	6.43385687973625e-06	12
