"AICc"	"Delta_AICc"	"AICcWt"	"K_rates"
"pt_1_eq"	56.2787380170044	0	0.674943917224045	1
"pt_1_ard"	58.1646935686724	1.88595555166793	0.262867952933545	2
"pt_2_eq"	61.2348064384789	4.95606842147445	0.0566332003063046	4
"pt_2_ard"	65.9537640172578	9.67502600025332	0.00535010721931238	2
"pt_3_eq"	72.5131004265645	16.23436240956	0.000201382014926002	9
"pt_3_ard"	80.6523893397979	24.3736513227935	3.44030186645611e-06	2
