"AICc"	"Delta_AICc"	"AICcWt"	"K_rates"
"pt_1_eq"	57.8713556800481	0	0.642165072744631	1
"pt_1_ard"	59.7473263438677	1.87597066381956	0.251353436291277	2
"pt_2_eq"	61.83747794974	3.96612226969193	0.0883922466704136	4
"pt_2_ard"	65.0503107539124	7.17895507386432	0.0177319457309392	2
"pt_3_eq"	72.8983541331484	15.0269984531003	0.000350409140886478	9
"pt_3_ard"	80.7565826838677	22.8852270038196	6.88942185226133e-06	2
