"AICc"	"Delta_AICc"	"AICcWt"	"K_rates"
"pt_1_eq"	56.4879478527166	0	0.642955911250869	1
"pt_1_ard"	58.2735845953761	1.78563674265949	0.263290446804984	2
"pt_2_eq"	60.6961495392939	4.20820168657727	0.0784118694024516	4
"pt_2_ard"	64.0000793013339	7.51213144861724	0.015029432275796	6
"pt_3_eq"	71.7582368509392	15.2702889982226	0.000310656231075979	9
"pt_3_ard"	82.1932255303535	25.7052776776369	1.68403482374358e-06	12
