"AICc"	"Delta_AICc"	"AICcWt"	"K_rates"
"pt_1_eq"	54.9660768126408	0	0.690190725705498	1
"pt_1_ard"	56.8297769564473	1.86370014380645	0.271813970836006	2
"pt_2_eq"	61.5692513988357	6.60317458619488	0.0254160453268652	4
"pt_2_ard"	63.0184785155538	8.05240170291297	0.0123143730646401	6
"pt_3_eq"	70.7318835229716	15.7658067103308	0.000260296117726854	9
"pt_3_ard"	78.8082211591192	23.8421443464784	4.58894926334267e-06	12
