"AICc"	"Delta_AICc"	"AICcWt"	"K_rates"
"pt_1_eq"	55.9623051605626	0	0.644476715065917	1
"pt_1_ard"	57.8514523011932	1.88914714063065	0.250601774321835	2
"pt_2_eq"	59.854495629654	3.8921904690914	0.0920510632593125	4
"pt_2_ard"	63.8378860415357	7.87558088097309	0.0125616466174209	2
"pt_3_eq"	71.2758333989312	15.3135282383686	0.000304731131830412	9
"pt_3_ard"	79.9076018651491	23.9452967045866	4.06960368384145e-06	2
