"AICc"	"Delta_AICc"	"AICcWt"	"K_rates"
"pt_1_eq"	56.9240189690133	0	0.688890548658607	1
"pt_1_ard"	58.7177120153523	1.793693046339	0.280966622142549	2
"pt_2_eq"	63.5374689298481	6.61344996083483	0.0252381672625995	4
"pt_2_ard"	66.845534111463	9.92151514244974	0.00482748115585093	2
"pt_3_eq"	75.1946539219648	18.2706349529515	7.42561205209083e-05	9
"pt_3_ard"	81.6633379507077	24.7393189816945	2.92465987295521e-06	2
