"AICc"	"Delta_AICc"	"AICcWt"	"K_rates"
"pt_1_eq"	56.2776128377068	0	0.666454971760932	1
"pt_1_ard"	58.288920368199	2.01130753049222	0.243792831360177	2
"pt_2_eq"	60.6022583644276	4.32464552672086	0.0766806821905074	4
"pt_2_ard"	64.1672687323303	7.88965589462355	0.012898933464464	2
"pt_3_eq"	72.852742459867	16.5751296221602	0.000167697715465458	9
"pt_3_ard"	79.9253407377913	23.6477279000845	4.88350845394461e-06	2
