"AICc"	"Delta_AICc"	"AICcWt"	"K_rates"
"pt_1_eq"	54.5078342857218	0	0.694926183448299	1
"pt_1_ard"	56.370824409285	1.86299012356321	0.273776085825242	2
"pt_2_eq"	61.1212842296246	6.61344994390283	0.025459288758804	4
"pt_2_ard"	64.1398280754161	9.63199378969433	0.00562830726881657	2
"pt_3_eq"	70.7507550052277	16.2429207195059	0.000206458732184647	9
"pt_3_ard"	78.807323835607	24.2994895498851	3.67596665370098e-06	2
