"AICc"	"Delta_AICc"	"AICcWt"	"K_rates"
"pt_1_eq"	57.5665899160996	0	0.652072421565565	1
"pt_1_ard"	59.4061758513536	1.83958593525402	0.259917081840249	2
"pt_2_eq"	61.701396735369	4.13480681926936	0.0824961992138557	4
"pt_2_ard"	67.2263541294184	9.65976421331876	0.00520840426176024	2
"pt_3_eq"	72.9291325938729	15.3625426777733	0.000300858354783114	9
"pt_3_ard"	81.1096785158765	23.5430885997769	5.03476378701636e-06	2
