"AICc"	"Delta_AICc"	"AICcWt"	"K_rates"
"pt_1_eq"	55.6281871080672	0	0.701237912586885	1
"pt_1_ard"	57.5544963507429	1.92630924267568	0.267653330003813	2
"pt_2_eq"	62.2313617092873	6.60317460122005	0.0258228541380531	4
"pt_2_ard"	65.5321894373181	9.90400232925087	0.00495722473600183	2
"pt_3_eq"	70.9721216504685	15.3439345424013	0.000326567030408119	9
"pt_3_ard"	81.0545903307321	25.4264032226649	2.11150483954971e-06	2
