"AICc"	"Delta_AICc"	"AICcWt"	"K_rates"
"pt_1_eq"	58.4022313696134	0	0.630141372650675	1
"pt_1_ard"	60.2904016843348	1.8881703147214	0.245147246928572	2
"pt_2_eq"	61.9587892372981	3.55655786768466	0.106448921673608	4
"pt_2_ard"	65.5080505597636	7.10581919015016	0.018047995034157	2
"pt_3_eq"	74.4261825985687	16.0239512289552	0.000208872466953397	9
"pt_3_ard"	81.6672259848733	23.2649946152599	5.59124603486316e-06	2
