"AICc"	"Delta_AICc"	"AICcWt"	"K_rates"
"pt_1_eq"	59.0758358747115	0	0.657922527772885	1
"pt_1_ard"	60.9954817426133	1.91964586790179	0.251958464747376	2
"pt_2_eq"	63.3784342084486	4.30259833373713	0.0765380512077563	4
"pt_2_ard"	66.8598347298793	7.78399885516777	0.0134245854084064	2
"pt_3_eq"	75.7855133472418	16.7096774725303	0.000154779841245525	9
"pt_3_ard"	84.9407672333739	25.8649313586624	1.59102233102199e-06	2
