"AICc"	"Delta_AICc"	"AICcWt"	"K_rates"
"pt_1_eq"	56.6377902213584	0	0.686067437689961	1
"pt_1_ard"	58.5132387843939	1.87544856303555	0.2686076183985	2
"pt_2_eq"	63.2409648139768	6.60317459261845	0.0252642065275307	4
"pt_2_ard"	63.727035888459	7.0892456671006	0.0198132933752894	2
"pt_3_eq"	72.5429424459254	15.905152224567	0.000241327539362582	9
"pt_3_ard"	79.8932825816296	23.2554923602712	6.11646935583929e-06	2
