"AICc"	"Delta_AICc"	"AICcWt"	"K_rates"
"pt_1_eq"	56.2059016744406	0	0.692596073794357	1
"pt_1_ard"	58.0442633964422	1.83836172200169	0.276238908599251	2
"pt_2_eq"	62.8193518306523	6.61345015621173	0.0253739202581573	4
"pt_2_ard"	65.8411616750961	9.63526000065553	0.00560028205161202	2
"pt_3_eq"	72.6433193106066	16.4374176361661	0.000186698202743198	9
"pt_3_ard"	80.2720110678991	24.0661093934585	4.11709387947721e-06	2
