"AICc"	"Delta_AICc"	"AICcWt"	"K_rates"
"pt_1_eq"	56.2878294645556	0	0.677009841597872	1
"pt_1_ard"	58.1613494285113	1.87351996395567	0.265317130113716	2
"pt_2_eq"	61.5354671147189	5.24763765016331	0.0491003903463884	4
"pt_2_ard"	65.0728041640645	8.78497469950889	0.00837455933930412	2
"pt_3_eq"	72.5930076175531	16.3051781529976	0.00019497123061315	9
"pt_3_ard"	80.8711568685262	24.5833274039706	3.1073721056165e-06	2
