"AICc"	"Delta_AICc"	"AICcWt"	"K_rates"
"pt_1_eq"	58.787984476996	0	0.670243844839264	1
"pt_1_ard"	60.7566170320834	1.96863255508741	0.250466534339652	2
"pt_2_eq"	63.3491484889384	4.56116401194237	0.0685154719551523	4
"pt_2_ard"	67.1012676369158	8.31328315991986	0.0104960606831333	2
"pt_3_eq"	74.3953935187305	15.6074090417345	0.000273606885520644	9
"pt_3_ard"	82.6189530717902	23.8309685947942	4.48129727704561e-06	2
