"AICc"	"Delta_AICc"	"AICcWt"	"K_rates"
"pt_1_eq"	55.3043755491643	0	0.672027485748512	1
"pt_1_ard"	57.2938608970943	1.98948534792999	0.248528261423668	2
"pt_2_eq"	59.8706380882337	4.56626253906945	0.0685228983276253	4
"pt_2_ard"	63.5863311629831	8.28195561381879	0.0106901358616965	2
"pt_3_eq"	71.2892999261175	15.9849243769532	0.000227145852142201	9
"pt_3_ard"	79.3318298425125	24.0274542933483	4.07278635532913e-06	2
