"AICc"	"Delta_AICc"	"AICcWt"	"K_rates"
"pt_1_eq"	58.1101838555155	0	0.657594955918735	1
"pt_1_ard"	60.0278072936109	1.91762343809541	0.252087803704869	2
"pt_2_eq"	62.3241778149405	4.213993959425	0.0799652522593735	4
"pt_2_ard"	66.4477173591766	8.33753350366109	0.0101738674849358	2
"pt_3_eq"	74.5870711037918	16.4768872482763	0.000173799237938264	9
"pt_3_ard"	81.9757166203106	23.8655327647951	4.3213941489486e-06	2
