"AICc"	"Delta_AICc"	"AICcWt"	"K_rates"
"pt_1_eq"	57.690948000277	0	0.674724987315635	1
"pt_1_ard"	59.527199652741	1.83625165246397	0.26939517547838	2
"pt_2_eq"	62.8715845266847	5.18063652640769	0.0506017883446752	4
"pt_2_ard"	67.4286141866134	9.73766618633636	0.00518345637949493	2
"pt_3_eq"	75.5268606818135	17.8359126815365	9.03873315509117e-05	9
"pt_3_ard"	81.6624488664733	23.9715008661962	4.20515026462566e-06	2
