"AICc"	"Delta_AICc"	"AICcWt"	"K_rates"
"pt_1_eq"	54.3907797044969	0	0.693923975681975	1
"pt_1_ard"	56.2836457513616	1.89286604686467	0.269327843323976	2
"pt_2_eq"	60.9939547652667	6.60317506076974	0.0255535149596692	4
"pt_2_ard"	62.6664060055698	8.27562630107293	0.0110734379029232	6
"pt_3_eq"	71.771454381736	17.380674677239	0.000116720285442324	9
"pt_3_ard"	78.2793762067467	23.8885965022498	4.50784601412473e-06	12
