"AICc"	"Delta_AICc"	"AICcWt"	"K_rates"
"pt_1_eq"	57.8580491689444	0	0.700831974757308	1
"pt_1_ard"	59.7743397537709	1.91629058482651	0.268841738095727	2
"pt_2_eq"	64.4714991416043	6.6134499726599	0.0256756527314314	4
"pt_2_ard"	67.94228515053	10.0842359815856	0.00452741064203867	2
"pt_3_eq"	75.1817346292975	17.3236854603532	0.0001212895562185	9
"pt_3_ard"	83.4586905834614	25.600641414517	1.93421727651571e-06	2
