"AICc"	"Delta_AICc"	"AICcWt"	"K_rates"
"pt_1_eq"	55.7510710076116	0	0.694877341147311	1
"pt_1_ard"	57.6481020769968	1.8970310693853	0.269136801942808	2
"pt_2_eq"	62.3645222831173	6.61345127550577	0.0254574824245206	4
"pt_2_ard"	64.1497185144887	8.3986475068771	0.0104271354808222	2
"pt_3_eq"	73.4537948194473	17.7027238118357	9.94971216390626e-05	9
"pt_3_ard"	81.5441189417138	25.7930479341023	1.7418828996094e-06	2
