"AICc"	"Delta_AICc"	"AICcWt"	"K_rates"
"pt_1_eq"	56.0905763086375	0	0.685887220795269	1
"pt_1_ard"	57.9199376714609	1.82936136282331	0.274796969323798	2
"pt_2_eq"	62.7040263546321	6.61345004599458	0.0251281363902245	4
"pt_2_ard"	63.8857120042935	7.79513569565592	0.0139174766761541	2
"pt_3_eq"	71.7808407226353	15.6902644139978	0.000268630353765189	9
"pt_3_ard"	82.0698756917978	25.9792993831603	1.56646078947518e-06	2
