"AICc"	"Delta_AICc"	"AICcWt"	"K_rates"
"pt_1_eq"	54.6483951285891	0	0.695196088274126	1
"pt_1_ard"	56.5616849692496	1.91328984066045	0.267080210419626	2
"pt_2_eq"	61.251569290589	6.6031741619999	0.0256003715786723	4
"pt_2_ard"	62.7695759218394	8.1211807932503	0.0119843729930881	2
"pt_3_eq"	71.7370579818462	17.0886628532571	0.000135316678694322	9
"pt_3_ard"	78.9682955622184	24.3199004336293	3.64005579322237e-06	2
