"AICc"	"Delta_AICc"	"AICcWt"	"K_rates"
"pt_1_eq"	56.8912738118141	0	0.668714526683683	1
"pt_1_ard"	58.7445974723164	1.85332366050229	0.264726024758903	2
"pt_2_eq"	61.8575199376985	4.96624612588446	0.0558256917834187	4
"pt_2_ard"	65.1762406439658	8.28496683215168	0.0106214318923814	2
"pt_3_eq"	74.3429883186405	17.4517145068264	0.000108554817755277	9
"pt_3_ard"	81.0633149946293	24.1720411828152	3.77006385946475e-06	2
