"AICc"	"Delta_AICc"	"AICcWt"	"K_rates"
"pt_1_eq"	57.4865645434276	0	0.680584958225731	1
"pt_1_ard"	59.3521565318282	1.86559198840053	0.267777568300184	2
"pt_2_eq"	62.8495401426324	5.36297559920477	0.0465936777564268	4
"pt_2_ard"	67.3319895203481	9.84542497692045	0.0049542221499678	2
"pt_3_eq"	75.4304125631672	17.9438480197395	8.63823981707191e-05	9
"pt_3_ard"	82.0272054827406	24.5406409393129	3.19116952030372e-06	2
