"AICc"	"Delta_AICc"	"AICcWt"	"K_rates"
"pt_1_eq"	56.5545774994595	0	0.694998525792979	1
"pt_1_ard"	58.5260208203545	1.971443320895	0.259352480216485	2
"pt_2_eq"	63.1577521016234	6.60317460216383	0.0255930907714883	4
"pt_2_ard"	63.687319222082	7.13274172262246	0.0196394218101283	2
"pt_3_eq"	71.4331693993867	14.8785918999271	0.000408449814413458	9
"pt_3_ard"	79.2911413527146	22.736563853255	8.03159450513076e-06	2
