"AICc"	"Delta_AICc"	"AICcWt"	"K_rates"
"pt_1_eq"	56.8331199837811	0	0.611388539074407	1
"pt_1_ard"	58.9437472489162	2.11062726513511	0.212814103545935	2
"pt_2_eq"	59.5654370626127	2.73231707883161	0.155956032485835	4
"pt_2_ard"	63.734540591905	6.90142060812389	0.0193951369087552	2
"pt_3_eq"	71.3132257530176	14.4801057692366	0.000438532996810734	9
"pt_3_ard"	79.4093808793798	22.5762608955987	7.65498825703798e-06	2
