"AICc"	"Delta_AICc"	"AICcWt"	"K_rates"
"pt_1_eq"	55.0196822941986	0	0.69418760681926	1
"pt_1_ard"	56.8749201835942	1.8552378893956	0.274547230458258	2
"pt_2_eq"	61.6331322315778	6.6134499373792	0.0254322303769653	4
"pt_2_ard"	64.609462932579	9.58978063838036	0.0057422546628587	2
"pt_3_eq"	72.9681858987323	17.9485036045337	8.79040367092843e-05	9
"pt_3_ard"	79.8803519904861	24.8606696962875	2.77364594854185e-06	2
