"AICc"	"Delta_AICc"	"AICcWt"	"K_rates"
"pt_1_eq"	57.0786954511039	0	0.700585224436113	1
"pt_1_ard"	59.018681416551	1.93998596544712	0.265581838984236	2
"pt_2_eq"	63.6921454228412	6.61344997173729	0.025666612808185	4
"pt_2_ard"	66.0221643228909	8.94346887178703	0.00800592253596575	2
"pt_3_eq"	73.8777986354901	16.7991031843862	0.000157609382212753	9
"pt_3_ard"	81.9446267778854	24.8659313267815	2.79185328805432e-06	2
