"AICc"	"Delta_AICc"	"AICcWt"	"K_rates"
"pt_1_eq"	57.4334489244725	0	0.680726582563137	1
"pt_1_ard"	59.2916169483263	1.85816802385389	0.26882933061533	2
"pt_2_eq"	62.9751632329447	5.54171430847227	0.0426191455026704	4
"pt_2_ard"	66.3872092090872	8.95376028461474	0.00773906275503106	2
"pt_3_eq"	75.4443421440817	18.0108932196092	8.35520173918885e-05	9
"pt_3_ard"	82.6065110382303	25.1730621137578	2.32654644041933e-06	2
