"AICc"	"Delta_AICc"	"AICcWt"	"K_rates"
"pt_1_eq"	54.3159117389736	0	0.66539892606848	1
"pt_1_ard"	56.2253857165543	1.90947397758063	0.256120941544528	2
"pt_2_eq"	58.7064283841639	4.39051664519025	0.0740787285526257	4
"pt_2_ard"	64.4166906416793	10.1007789027057	0.00426310299738475	2
"pt_3_eq"	71.2959854168406	16.9800736778669	0.000136743265004886	9
"pt_3_ard"	80.2459394294513	25.9300276904777	1.55757197635947e-06	2
