"AICc"	"Delta_AICc"	"AICcWt"	"K_rates"
"pt_1_eq"	56.2458015385774	0	0.682691625145437	1
"pt_1_ard"	58.0854982312694	1.83969669269198	0.272106874682303	2
"pt_2_eq"	61.9472452580501	5.70144371947273	0.0394613375889685	4
"pt_2_ard"	65.8652643163179	9.61946277774054	0.00556396992200504	2
"pt_3_eq"	72.7999055743767	16.5541040357993	0.000173598735493674	9
"pt_3_ard"	81.2070536541032	24.9612521155258	2.59392579299792e-06	2
