"AICc"	"Delta_AICc"	"AICcWt"	"K_rates"
"pt_1_eq"	54.4040257183284	0	0.703785567347175	1
"pt_1_ard"	56.3513388985926	1.94731318026419	0.265819399194009	2
"pt_2_eq"	61.007180218306	6.60315449997761	0.0259169311617007	4
"pt_2_ard"	64.6032310268528	10.1992053085243	0.00429250751133419	6
"pt_3_eq"	70.934588024577	16.5305623062486	0.000181081615460675	9
"pt_3_ard"	78.3184839918969	23.9144582735684	4.51317032057181e-06	12
