"AICc"	"Delta_AICc"	"AICcWt"	"K_rates"
"pt_1_eq"	56.1971628290671	0	0.634226248746805	1
"pt_1_ard"	58.085520527392	1.88835769832488	0.246713291888578	2
"pt_2_eq"	59.8265512745688	3.62938844550163	0.103307660095088	4
"pt_2_ard"	63.6286154759729	7.43145264690576	0.0154356447117004	2
"pt_3_eq"	71.4274137160718	15.2302508870047	0.00031263475288986	9
"pt_3_ard"	79.9005472112739	23.7033843822068	4.51980493924637e-06	2
