"AICc"	"Delta_AICc"	"AICcWt"	"K_rates"
"pt_1_eq"	55.8909613735935	0	0.658007982105956	1
"pt_1_ard"	57.8512993587568	1.96033798516338	0.246915968324258	2
"pt_2_eq"	60.071644426846	4.18068305325254	0.0813593315282623	4
"pt_2_ard"	63.6752348682647	7.78427349467126	0.0134244854884284	2
"pt_3_eq"	71.3671113626396	15.4761499890462	0.000286832191620598	9
"pt_3_ard"	79.3119742736298	23.4210129000364	5.4003614746281e-06	2
