"AICc"	"Delta_AICc"	"AICcWt"	"K_rates"
"pt_1_eq"	57.1070005678221	0	0.654680956530008	1
"pt_1_ard"	59.150116737049	2.04311616922691	0.23570710248953	2
"pt_2_eq"	60.9691133701786	3.86211280235645	0.0949254291004606	4
"pt_2_ard"	64.7330826638217	7.62608209599964	0.0144559627962573	2
"pt_3_eq"	73.0711413341953	15.9641407663732	0.000223594227218058	9
"pt_3_ard"	80.0119267887693	22.9049262209472	6.95485652563538e-06	2
