"AICc"	"Delta_AICc"	"AICcWt"	"K_rates"
"pt_1_eq"	58.1033300544059	0	0.656545461465148	1
"pt_1_ard"	60.0351578553231	1.93182780091713	0.249904298636621	2
"pt_2_eq"	62.1202701933175	4.01694013891157	0.0881043467128428	4
"pt_2_ard"	67.8070497669392	9.70371971253326	0.00513013555757417	2
"pt_3_eq"	73.4086645131223	15.3053344587163	0.000311712094951854	9
"pt_3_ard"	82.09759794084	23.9942678864341	4.04553286204516e-06	2
