"AICc"	"Delta_AICc"	"AICcWt"	"K_rates"
"pt_1_eq"	58.7536230242811	0	0.669483634616153	1
"pt_1_ard"	60.8022634950709	2.04864047078979	0.240371702399878	2
"pt_2_eq"	63.1128483462196	4.35922532193852	0.0757087740802942	4
"pt_2_ard"	66.4685691524192	7.71494612813807	0.0141403675897313	2
"pt_3_eq"	74.2323701190062	15.4787470947251	0.000291455825494518	9
"pt_3_ard"	82.7770792327317	24.0234562084505	4.06548844885602e-06	2
