"AICc"	"Delta_AICc"	"AICcWt"	"K_rates"
"pt_1_eq"	56.2185334251664	0	0.654356271456448	1
"pt_1_ard"	58.2242218073444	2.00568838217805	0.240040526528073	2
"pt_2_eq"	60.1268629183948	3.90832949322844	0.0927110079927489	4
"pt_2_ard"	64.1157244525885	7.89719102742214	0.0126171430277869	2
"pt_3_eq"	71.8177839631715	15.5992505380051	0.000268213142079421	9
"pt_3_ard"	79.1564003575462	22.9378669323798	6.83785286344416e-06	2
