"AICc"	"Delta_AICc"	"AICcWt"	"K_rates"
"pt_1_eq"	55.9901866030583	0	0.675089330875671	1
"pt_1_ard"	57.8462255097978	1.85603890673943	0.266887059500119	2
"pt_2_eq"	61.0523991218094	5.06221251875102	0.0537174963369431	4
"pt_2_ard"	66.1539732614246	10.1637866583663	0.00419105165870191	2
"pt_3_eq"	73.4091175395424	17.4189309364841	0.000111400836327615	9
"pt_3_ard"	80.2400280447324	24.2498414416741	3.66079223741344e-06	2
