"AICc"	"Delta_AICc"	"AICcWt"	"K_rates"
"pt_1_eq"	55.3692826594129	0	0.704029274955757	1
"pt_1_ard"	57.3548083457785	1.98552568636562	0.260879103715315	2
"pt_2_eq"	61.9724572600404	6.60317460062748	0.0259256451414921	4
"pt_2_ard"	64.0981398786388	8.72885721922594	0.00895660572092379	2
"pt_3_eq"	71.6297225062533	16.2604398468404	0.000207339033114544	9
"pt_3_ard"	80.8809497932394	25.5116671338265	2.03143339767498e-06	2
