"AICc"	"Delta_AICc"	"AICcWt"	"K_rates"
"pt_1_eq"	56.1441437331134	0	0.633254481732543	1
"pt_1_ard"	57.9252748303751	1.78113109726175	0.25990256676674	2
"pt_2_eq"	60.0039126201924	3.85976888707908	0.0919263692772798	4
"pt_2_ard"	63.6660495746817	7.52190584156838	0.0147304892643248	2
"pt_3_eq"	72.4969730998737	16.3528293667603	0.000178076451663581	9
"pt_3_ard"	78.6983933299484	22.5542495968351	8.01650744833898e-06	2
