"AICc"	"Delta_AICc"	"AICcWt"	"K_rates"
"pt_1_eq"	55.3908825723686	0	0.703718721876665	1
"pt_1_ard"	57.4021375462214	2.01125497385284	0.257430877353098	2
"pt_2_eq"	61.9940571736232	6.60317460125456	0.0259142091189674	4
"pt_2_ard"	63.4146484906714	8.02376591830281	0.0127368042436434	2
"pt_3_eq"	71.748108575523	16.3572260031544	0.00019745703392672	9
"pt_3_ard"	81.0037233755949	25.6128408032263	1.93037369958152e-06	2
