"AICc"	"Delta_AICc"	"AICcWt"	"K_rates"
"pt_1_eq"	57.5422155260373	0	0.660133905386548	1
"pt_1_ard"	59.5419668934406	1.99975136740329	0.24287988426336	2
"pt_2_eq"	61.6571558948922	4.11494036885482	0.0843498066676279	4
"pt_2_ard"	65.5029806880494	7.96076516201209	0.0123303058273562	2
"pt_3_eq"	72.9254226311055	15.3832071050682	0.000301447064766596	9
"pt_3_ard"	81.2685371446507	23.7263216186133	4.65079034148056e-06	2
