"AICc"	"Delta_AICc"	"AICcWt"	"K_rates"
"pt_1_eq"	58.5243460635538	0	0.700556352490471	1
"pt_1_ard"	60.519908408524	1.99556234497027	0.258292751183646	2
"pt_2_eq"	65.1377935945509	6.61344753099716	0.0256655863782109	4
"pt_2_ard"	66.1682777185829	7.64393165502911	0.0153314915012629	2
"pt_3_eq"	75.4602032827871	16.9358572192333	0.000147186645401314	9
"pt_3_ard"	81.6598534136311	23.1355073500773	6.63180100815574e-06	2
