"AICc"	"Delta_AICc"	"AICcWt"	"K_rates"
"pt_1_eq"	57.0935524769514	0	0.664346898434398	1
"pt_1_ard"	59.1367741310222	2.04322165407076	0.239174550795119	2
"pt_2_eq"	61.2467657837483	4.15321330679689	0.0832791149672869	4
"pt_2_ard"	64.9737720454031	7.8802195684517	0.0129189427721957	2
"pt_3_eq"	72.6664984162759	15.5729459393245	0.000275913320373871	9
"pt_3_ard"	80.8634003077947	23.7698478308433	4.57971062591431e-06	2
