"AICc"	"Delta_AICc"	"AICcWt"	"K_rates"
"pt_1_eq"	56.6764121676766	0	0.638128613842801	1
"pt_1_ard"	58.6598245944662	1.98341242678951	0.236709497117402	2
"pt_2_eq"	60.2152370499048	3.53882488222818	0.108758237150134	4
"pt_2_ard"	64.0300831204445	7.35367095276785	0.0161465172416326	2
"pt_3_eq"	72.3650876578798	15.6886754902032	0.000250124147850685	9
"pt_3_ard"	79.5141843281552	22.8377721604786	7.0105001800824e-06	2
