"AICc"	"Delta_AICc"	"AICcWt"	"K_rates"
"pt_1_eq"	55.1153338983514	0	0.681586845303701	1
"pt_1_ard"	57.1197992347067	2.00446533635531	0.250182589034682	2
"pt_2_eq"	59.8856059644092	4.77027206605783	0.0627580993236441	4
"pt_2_ard"	64.8417134309241	9.72637953257276	0.00526580436245485	2
"pt_3_eq"	71.3646088620523	16.249274963701	0.000201853355871158	9
"pt_3_ard"	78.8388716731313	23.7235377747799	4.80861964668237e-06	2
