"AICc"	"Delta_AICc"	"AICcWt"	"K_rates"
"pt_1_eq"	55.621793521916	0	0.627160967125328	1
"pt_1_ard"	57.5563067017755	1.93451317985959	0.238399215293674	2
"pt_2_eq"	58.9715184478098	3.34972492589386	0.117488536910343	4
"pt_2_ard"	62.8832477565072	7.26145423459123	0.0166178283539597	2
"pt_3_eq"	70.7121277983222	15.0903342764062	0.000331554226137743	9
"pt_3_ard"	81.0380137249015	25.4162202029856	1.89809055737977e-06	2
