"AICc"	"Delta_AICc"	"AICcWt"	"K_rates"
"pt_1_eq"	56.9824385175788	0	0.624875724141604	1
"pt_1_ard"	58.9175887629751	1.93515024539634	0.237454889359092	2
"pt_2_eq"	60.0892363924275	3.10679787484876	0.132178575255943	4
"pt_2_ard"	66.5468103933332	9.56437187575441	0.00523500003346053	6
"pt_3_eq"	72.6645016202692	15.6820631026904	0.000245740602011863	9
"pt_3_ard"	79.0538125105855	22.0713739930067	1.00706078872481e-05	12
