"AICc"	"Delta_AICc"	"AICcWt"	"K_rates"
"pt_1_eq"	54.6470925855839	0	0.657041590321785	1
"pt_1_ard"	56.6273623648816	1.98026977929761	0.244108410077023	2
"pt_2_eq"	58.6792848590101	4.0321922734262	0.087501084112998	4
"pt_2_ard"	62.8124832451821	8.16539065959819	0.0110790062654546	2
"pt_3_eq"	70.2852204429373	15.6381278573534	0.000264129277336152	9
"pt_3_ard"	77.9293093097196	23.2822167241357	5.77994540291401e-06	2
