"AICc"	"Delta_AICc"	"AICcWt"	"K_rates"
"pt_1_eq"	55.968436773896	0	0.686569993411604	1
"pt_1_ard"	57.8169026078376	1.84846583394164	0.272455489625967	2
"pt_2_eq"	62.5716113766509	6.6031746027549	0.025282712847659	4
"pt_2_ard"	63.5545097374218	7.58607296352585	0.0154664273154085	2
"pt_3_eq"	72.0284167139888	16.0599799400929	0.000223513873476195	9
"pt_3_ard"	81.6030670690243	25.6346302951283	1.86292588520307e-06	2
