"AICc"	"Delta_AICc"	"AICcWt"	"K_rates"
"pt_1_eq"	56.6515715946541	0	0.665868179244266	1
"pt_1_ard"	58.474001624791	1.82243003013688	0.267702611772226	2
"pt_2_eq"	61.5780072132463	4.92643561859212	0.0567056533771371	4
"pt_2_ard"	65.1503627580884	8.4987911634343	0.00950384202154574	2
"pt_3_eq"	72.7212413744613	16.0696697798072	0.000215726653014538	9
"pt_3_ard"	80.7032216656632	24.051650071009	3.98693181078488e-06	2
