"AICc"	"Delta_AICc"	"AICcWt"	"K_rates"
"pt_1_eq"	57.3907917753878	0	0.692219782629594	1
"pt_1_ard"	59.2782103299056	1.88741855451779	0.269399183426344	2
"pt_2_eq"	64.0042417374137	6.61344996202589	0.025360136933363	4
"pt_2_ard"	65.360416331753	7.96962455636517	0.012872473985054	2
"pt_3_eq"	74.3112182968874	16.9204265214996	0.000146561557568007	9
"pt_3_ard"	83.0433784236247	25.6525866482369	1.86146807681645e-06	2
