"AICc"	"Delta_AICc"	"AICcWt"	"K_rates"
"pt_1_eq"	55.7828367323741	0	0.672947583471509	1
"pt_1_ard"	57.6341190690706	1.85128233669656	0.266673822596579	2
"pt_2_eq"	61.0181867923972	5.23535006002312	0.049106549243187	4
"pt_2_ard"	64.000750670013	8.21791393763893	0.0110530949299486	2
"pt_3_eq"	71.8846388848065	16.1018021524324	0.000214545458679715	9
"pt_3_ard"	79.6565194569572	23.8736827245831	4.4043000968259e-06	2
