"AICc"	"Delta_AICc"	"AICcWt"	"K_rates"
"pt_1_eq"	56.3627074512598	0	0.676095744646581	1
"pt_1_ard"	58.1299986645333	1.76729121327351	0.279412474551577	2
"pt_2_eq"	62.0667633833237	5.70405593206399	0.0390290692580767	4
"pt_2_ard"	66.0676690624357	9.70496161117599	0.00527961878086791	2
"pt_3_eq"	72.8280272776465	16.4653198263867	0.000179725388390675	9
"pt_3_ard"	80.7826206839652	24.4199132327054	3.36737450717538e-06	2
