"AICc"	"Delta_AICc"	"AICcWt"	"K_rates"
"pt_1_eq"	55.9135470381346	0	0.645072178750732	1
"pt_1_ard"	57.7263178072766	1.81277076914193	0.260597437353782	2
"pt_2_eq"	60.1164975078599	4.20295046972527	0.0788767873159784	4
"pt_2_ard"	63.416489155111	7.50294211697634	0.0151483430613534	2
"pt_3_eq"	71.2560680114676	15.342520973333	0.00030062300597012	9
"pt_3_ard"	79.6024470574781	23.6889000193434	4.63051218405154e-06	2
