"AICc"	"Delta_AICc"	"AICcWt"	"K_rates"
"pt_1_eq"	57.4060470034103	0	0.673997778646503	1
"pt_1_ard"	59.3678803642072	1.96183336079688	0.252727070759197	2
"pt_2_eq"	62.1458215419962	4.73977453858586	0.0630129049466269	4
"pt_2_ard"	65.8021908522194	8.39614384880912	0.0101264912968614	2
"pt_3_eq"	74.4802258567211	17.0741788533108	0.000132144056873275	9
"pt_3_ard"	81.6804328067947	24.2743858033844	3.61029393843808e-06	2
