"AICc"	"Delta_AICc"	"AICcWt"	"K_rates"
"pt_1_eq"	55.8070443129525	0	0.663151032840459	1
"pt_1_ard"	57.7471697093037	1.94012539635124	0.251373547093673	2
"pt_2_eq"	60.2369496365635	4.42990532361106	0.0723886923809253	4
"pt_2_ard"	63.7002467687618	7.89320245580935	0.0128122473606474	2
"pt_3_eq"	71.4223444608991	15.6153001479466	0.000269645456339008	9
"pt_3_ard"	79.4648527667543	23.6578084538019	4.83486795597785e-06	2
