"AICc"	"Delta_AICc"	"AICcWt"	"K_rates"
"pt_1_eq"	55.0085979489046	0	0.693619386401417	1
"pt_1_ard"	56.9236222288275	1.91502427992287	0.266243481879451	2
"pt_2_eq"	61.6117686125784	6.60317066367379	0.0255423547187887	4
"pt_2_ard"	62.7730541092655	7.76445616036084	0.0142919336158133	2
"pt_3_eq"	70.5172801378671	15.5086821889625	0.00029747719303577	9
"pt_3_ard"	78.5477183818227	23.5391204329181	5.36619149449871e-06	2
