"AICc"	"Delta_AICc"	"AICcWt"	"K_rates"
"pt_1_eq"	57.8294496068336	0	0.625452926487732	1
"pt_1_ard"	59.7266283529816	1.89717874614802	0.24222975984461	2
"pt_2_eq"	61.2685917396838	3.43914213285019	0.11204549601547	4
"pt_2_ard"	64.7101099603715	6.88066035353784	0.0200483306892478	2
"pt_3_eq"	73.7602208218865	15.9307712150529	0.000217205897724098	9
"pt_3_ard"	80.8468331309929	23.0173835241593	6.28106521653641e-06	2
