"AICc"	"Delta_AICc"	"AICcWt"	"K_rates"
"pt_1_eq"	57.6126756500011	0	0.581686043774532	1
"pt_1_ard"	59.5690235793622	1.95634792936109	0.21871224013508	2
"pt_2_eq"	60.0217132844283	2.40903763442726	0.174410556717394	4
"pt_2_ard"	63.9362181603485	6.32354251034739	0.0246347883203203	2
"pt_3_eq"	71.5508620158581	13.938186365857	0.000547078856895734	9
"pt_3_ard"	79.701698156281	22.0890225062799	9.29219577917802e-06	2
