"AICc"	"Delta_AICc"	"AICcWt"	"K_rates"
"pt_1_eq"	56.5582664151202	0	0.68863487095719	1
"pt_1_ard"	58.3860318297957	1.82776541467553	0.276118047511823	2
"pt_2_eq"	63.1717163511504	6.61344993603026	0.0252288005772009	4
"pt_2_ard"	65.059303169983	8.50103675486285	0.00981775825360281	2
"pt_3_eq"	72.8771347218367	16.3188683067165	0.000196966234508546	9
"pt_3_ard"	80.9056648258637	24.3473984107436	3.55646567428174e-06	2
