"AICc"	"Delta_AICc"	"AICcWt"	"K_rates"
"pt_1_eq"	56.645884724903	0	0.647144711093036	1
"pt_1_ard"	58.635950253354	1.99006552845103	0.239256732513826	2
"pt_2_eq"	60.36449084247	3.71860611756697	0.100812955630425	4
"pt_2_ard"	64.5398004031047	7.89391567820172	0.0124985432202977	6
"pt_3_eq"	72.1320582159741	15.4861734910711	0.000280686522322219	9
"pt_3_ard"	79.703015957106	23.0571312322031	6.37102009408664e-06	12
