"AICc"	"Delta_AICc"	"AICcWt"	"K_rates"
"pt_1_eq"	56.5562271618762	0	0.669749504100166	1
"pt_1_ard"	58.4285646085704	1.87233744669414	0.262627070934169	2
"pt_2_eq"	61.310854535536	4.75462737365974	0.0621524402565671	4
"pt_2_ard"	66.2556827965161	9.69945563463985	0.00524447924367213	2
"pt_3_eq"	72.5638621265916	16.0076349647153	0.000223819867327096	9
"pt_3_ard"	81.4097383381058	24.8535111762295	2.68559809908691e-06	2
