"AICc"	"Delta_AICc"	"AICcWt"	"K_rates"
"pt_1_eq"	57.5740318734544	0	0.69231421336142	1
"pt_1_ard"	59.4813859943297	1.90735412087532	0.266763595925167	2
"pt_2_eq"	64.1874818195931	6.61344994613867	0.0253635966954463	4
"pt_2_ard"	65.1904420191103	7.61641014565592	0.0153610463214314	2
"pt_3_eq"	73.9685844242149	16.3945525507605	0.000190665183095582	9
"pt_3_ard"	80.6116544460557	23.0376225726013	6.88251343987789e-06	2
