"AICc"	"Delta_AICc"	"AICcWt"	"K_rates"
"pt_1_eq"	57.0061801229307	0	0.648796110754609	1
"pt_1_ard"	58.9158815233664	1.90970140043576	0.249701900413597	2
"pt_2_eq"	60.8343643219699	3.82818419903926	0.0956816379159291	4
"pt_2_ard"	66.5143122490863	9.50813212615559	0.00559040896827548	2
"pt_3_eq"	72.9691810591143	15.9630009361836	0.000221710686758474	9
"pt_3_ard"	79.556049292837	22.5498691699063	8.23126083053361e-06	2
