"AICc"	"Delta_AICc"	"AICcWt"	"K_rates"
"pt_1_eq"	56.396749060038	0	0.678248576938505	1
"pt_1_ard"	58.2694355867433	1.87268652670529	0.265913372925389	2
"pt_2_eq"	61.7388751897856	5.34212612974758	0.0469203174027057	4
"pt_2_ard"	65.0989334596229	8.70218439958484	0.0087444713382011	2
"pt_3_eq"	72.9781779006222	16.5814288405842	0.000170128615384889	9
"pt_3_ard"	80.9674458647333	24.5706968046953	3.13277981443269e-06	2
