"AICc"	"Delta_AICc"	"AICcWt"	"K_rates"
"pt_1_eq"	57.9255291001605	0	0.668219854118237	1
"pt_1_ard"	59.9002785438882	1.9747494437277	0.24894762188338	2
"pt_2_eq"	62.2423508490789	4.31682174891831	0.0771850949550604	4
"pt_2_ard"	67.5863504019459	9.66082130178532	0.00533456098316314	2
"pt_3_eq"	73.2673255039806	15.34179640382	0.000311523357508161	9
"pt_3_ard"	84.1579283207877	26.2323992206271	1.34470265059451e-06	2
