"AICc"	"Delta_AICc"	"AICcWt"	"K_rates"
"pt_1_eq"	56.6208487067661	0	0.671949630432603	1
"pt_1_ard"	58.619740902656	1.99889219588989	0.247333415090939	2
"pt_2_eq"	60.9896634036888	4.36881469692261	0.0756241770674608	4
"pt_2_ard"	66.4508905363557	9.83004182958955	0.00492912983394818	2
"pt_3_eq"	73.3302803618252	16.709431655059	0.000158099223768488	9
"pt_3_ard"	80.0297243967588	23.4088756899927	5.54835128015363e-06	2
