"AICc"	"Delta_AICc"	"AICcWt"	"K_rates"
"pt_1_eq"	56.3904104300906	0	0.670433819793026	1
"pt_1_ard"	58.2227178366593	1.83230740656865	0.268210277875411	2
"pt_2_eq"	61.4875461742427	5.09713574415203	0.0524236131787569	4
"pt_2_ard"	65.0739125817081	8.68350215161748	0.00872483816307721	2
"pt_3_eq"	72.5937382737702	16.2033278436795	0.000203164572429348	9
"pt_3_ard"	80.3108684667465	23.9204580366559	4.28641729963129e-06	2
