"AICc"	"Delta_AICc"	"AICcWt"	"K_rates"
"pt_1_eq"	58.0248890186197	0	0.664877648053624	1
"pt_1_ard"	59.7273819744361	1.70249295581637	0.283824632980435	2
"pt_2_eq"	64.6280636213051	6.60317460268541	0.0244838994078688	4
"pt_2_ard"	64.4918657776189	6.46697675899916	0.0262093090873969	2
"pt_3_eq"	72.064081338713	14.0391923200933	0.000594524635783917	9
"pt_3_ard"	80.2372704924471	22.2123814738274	9.9858348911307e-06	2
