"AICc"	"Delta_AICc"	"AICcWt"	"K_rates"
"pt_1_eq"	56.4748339285448	0	0.659858008532522	1
"pt_1_ard"	58.3305685448247	1.85573461627989	0.260905263190125	2
"pt_2_eq"	61.0312985951658	4.55646466662104	0.0676124636772017	4
"pt_2_ard"	64.5926782663724	8.11784433782761	0.0113941777855667	2
"pt_3_eq"	72.4430866496534	15.9682527211086	0.000224899490096126	9
"pt_3_ard"	79.9819577302853	23.5071238017405	5.18732448827878e-06	2
