"AICc"	"Delta_AICc"	"AICcWt"	"K_rates"
"pt_1_eq"	56.4737219698417	0	0.617126192158772	1
"pt_1_ard"	58.3011789225145	1.8274569526728	0.247483781862992	2
"pt_2_eq"	59.8271092079248	3.35338723808313	0.115397179111049	4
"pt_2_ard"	63.3734427319733	6.89972076213168	0.0195937991700439	6
"pt_3_eq"	71.2029519822246	14.729230012383	0.000390806987954869	9
"pt_3_ard"	78.9212067710146	22.4474848011729	8.24070918836892e-06	12
