"AICc"	"Delta_AICc"	"AICcWt"	"K_rates"
"pt_1_eq"	55.31936623535	0	0.665263902261368	1
"pt_1_ard"	57.1546336827682	1.83526744741819	0.265748423179223	2
"pt_2_eq"	60.2115146377286	4.8921484023786	0.0576338233472077	4
"pt_2_ard"	63.49970749465	8.18034125930005	0.011134107867026	2
"pt_3_eq"	71.3751137884782	16.0557475531282	0.000217036449581646	9
"pt_3_ard"	80.143639526881	24.8242732915311	2.70689559308782e-06	2
