"AICc"	"Delta_AICc"	"AICcWt"	"K_rates"
"pt_1_eq"	55.065490660681	0	0.670672733622995	1
"pt_1_ard"	56.8592575192362	1.79376685855524	0.273526322230616	2
"pt_2_eq"	60.3840164166777	5.31852575599674	0.0469469579740333	4
"pt_2_ard"	63.767511138868	8.70202047818705	0.00864750681203137	2
"pt_3_eq"	71.2614021920123	16.1959115313313	0.000203992005017314	9
"pt_3_ard"	80.0751237552839	25.0096330946029	2.4873553070753e-06	2
