"AICc"	"Delta_AICc"	"AICcWt"	"K_rates"
"pt_1_eq"	56.377759233809	0	0.648180787216301	1
"pt_1_ard"	58.2495318291702	1.87177259536119	0.254241182114464	2
"pt_2_eq"	60.2903344531186	3.91257521930952	0.0916412997227287	4
"pt_2_ard"	65.88501825284	9.50725901903093	0.00558754570930997	6
"pt_3_eq"	71.4710590717166	15.0932998379075	0.000342158818239067	9
"pt_3_ard"	79.2422547286015	22.8644954947925	7.02641895742104e-06	12
