"AICc"	"Delta_AICc"	"AICcWt"	"K_rates"
"pt_1_eq"	57.3543151832345	0	0.6315842690033	1
"pt_1_ard"	59.3056707825528	1.95135559931828	0.238067340238856	2
"pt_2_eq"	60.8039577521682	3.44964256893365	0.112551409547944	4
"pt_2_ard"	64.5361765461729	7.18186136293833	0.017414456489866	2
"pt_3_eq"	72.2169924596719	14.8626772764374	0.000374146718616804	9
"pt_3_ard"	79.8150697085787	22.4607545253442	8.37800141818851e-06	2
