"AICc"	"Delta_AICc"	"AICcWt"	"K_rates"
"pt_1_eq"	57.5266226329814	0	0.694530449819795	1
"pt_1_ard"	59.4506775345776	1.92405490159626	0.265392152973165	2
"pt_2_eq"	64.1400722174257	6.61344958444433	0.025444795250081	4
"pt_2_ard"	65.2887929350115	7.76217030203009	0.0143270714280089	2
"pt_3_eq"	73.0189915711458	15.4923689381644	0.000300307459657827	9
"pt_3_ard"	81.1224347697606	23.5958121367792	5.22306929193552e-06	2
