"AICc"	"Delta_AICc"	"AICcWt"	"K_rates"
"pt_1_eq"	54.224297920446	0	0.676563997016451	1
"pt_1_ard"	56.0278785855435	1.80358066509753	0.274578367157345	2
"pt_2_eq"	59.7389828011537	5.51468488070767	0.0429348823080438	4
"pt_2_ard"	63.7623520952147	9.5380541747687	0.00574310471905884	2
"pt_3_eq"	70.7144855192376	16.4901875987916	0.000177627475484109	9
"pt_3_ard"	79.6663574589142	25.4420595384682	2.02132361758501e-06	2
