"AICc"	"Delta_AICc"	"AICcWt"	"K_rates"
"pt_1_eq"	59.139458578147	0	0.621696406681667	1
"pt_1_ard"	61.2226827342007	2.0832241560537	0.219387550623916	2
"pt_2_eq"	62.1323100516316	2.99285147348465	0.13921592494391	4
"pt_2_ard"	66.0861856427901	6.94672706464311	0.0192803867592874	2
"pt_3_eq"	73.7790678962604	14.6396093181135	0.000411744290013876	9
"pt_3_ard"	81.664317280666	22.524858702519	7.98670120568239e-06	2
