"AICc"	"Delta_AICc"	"AICcWt"	"K_rates"
"pt_1_eq"	56.5987216449805	0	0.687001505455987	1
"pt_1_ard"	58.489187609058	1.89046596407749	0.266961245928174	2
"pt_2_eq"	63.2018962402424	6.60317459526193	0.0252986032307036	4
"pt_2_ard"	63.6411307301814	7.04240908520088	0.0203103770662682	6
"pt_3_eq"	71.3677746456998	14.7690530007193	0.000426479910300947	9
"pt_3_ard"	82.3162528596042	25.7175312146237	1.78840856620688e-06	12
