"AICc"	"Delta_AICc"	"AICcWt"	"K_rates"
"pt_1_eq"	56.7767341251643	0	0.627336261273628	1
"pt_1_ard"	58.6029326000552	1.82619847489091	0.251736639907033	2
"pt_2_eq"	60.3487888271095	3.57205470194521	0.10515709214663	4
"pt_2_ard"	64.1910400230112	7.41430589784694	0.0153994185131881	2
"pt_3_eq"	71.6832470982037	14.9065129730394	0.000363573505035365	9
"pt_3_ard"	79.5792071633341	22.8024730381698	7.0146544853093e-06	2
