"AICc"	"Delta_AICc"	"AICcWt"	"K_rates"
"pt_1_eq"	56.4905018546482	0	0.670414866932083	1
"pt_1_ard"	58.3995112857486	1.90900943110041	0.258111589687996	2
"pt_2_eq"	61.2316917753772	4.74118992072902	0.0626335930754017	4
"pt_2_ard"	65.1936314377507	8.70312958310248	0.00863938961218126	2
"pt_3_eq"	72.7561814434742	16.265679588826	0.000196922885846816	9
"pt_3_ard"	80.7390440874399	24.2485422327917	3.63780649128161e-06	2
