"AICc"	"Delta_AICc"	"AICcWt"	"K_rates"
"pt_1_eq"	58.7726597080775	0	0.690932821869582	1
"pt_1_ard"	60.6800255810396	1.9073658729621	0.266229751611963	2
"pt_2_eq"	65.3861096757613	6.6134499676838	0.0253129878175906	4
"pt_2_ard"	66.1613317808071	7.38867207272961	0.0171793239357736	2
"pt_3_eq"	74.0206915764363	15.2480318683588	0.000337573054656963	9
"pt_3_ard"	81.6233574581581	22.8506977500806	7.5417104337472e-06	2
