"AICc"	"Delta_AICc"	"AICcWt"	"K_rates"
"pt_1_eq"	54.2247682404562	0	0.673355912332555	1
"pt_1_ard"	56.1825776317666	1.95780939131041	0.252994902088548	2
"pt_2_eq"	58.7692757768511	4.5445075363949	0.0694092584818782	4
"pt_2_ard"	64.4356801167167	10.2109118762605	0.00408294318081359	2
"pt_3_eq"	71.0275630806503	16.8027948401941	0.00015120429859723	9
"pt_3_ard"	77.5561518218074	23.3313835813512	5.77961760758572e-06	2
