"AICc"	"Delta_AICc"	"AICcWt"	"K_rates"
"pt_1_eq"	58.1678240542052	0	0.692747330672891	1
"pt_1_ard"	60.0057547754737	1.8379307212685	0.276358785745336	2
"pt_2_eq"	64.7812740065443	6.61344995233912	0.0253794642858051	4
"pt_2_ard"	67.879382550108	9.71155849590281	0.00539183667308533	2
"pt_3_eq"	75.5191355298684	17.3513114756632	0.000118245724663546	9
"pt_3_ard"	82.1303464799151	23.9625224257099	4.3368982195098e-06	2
