"AICc"	"Delta_AICc"	"AICcWt"	"K_rates"
"pt_1_eq"	57.1256532520931	0	0.696871909300747	1
"pt_1_ard"	59.0069713989885	1.88131814689538	0.272038213192574	2
"pt_2_eq"	63.7391032218477	6.6134499697546	0.0255305719658173	4
"pt_2_ard"	66.8686306955076	9.74297744341445	0.00533939792157786	2
"pt_3_eq"	73.2837170181434	16.1580637660503	0.000216010067525318	9
"pt_3_ard"	81.3136698458865	24.1880165937934	3.89755175793613e-06	2
