"AICc"	"Delta_AICc"	"AICcWt"	"K_rates"
"pt_1_eq"	56.4094829930704	0	0.681293500883069	1
"pt_1_ard"	58.247862308267	1.83837931519666	0.271728536632177	2
"pt_2_eq"	62.0052311744345	5.59574818136416	0.0415176695024004	4
"pt_2_ard"	66.1315201676015	9.72203717453118	0.00527497854038559	2
"pt_3_eq"	72.871070080313	16.4615870872426	0.000181445427544441	9
"pt_3_ard"	80.5669803404089	24.1574973473385	3.86901442381591e-06	2
