"AICc"	"Delta_AICc"	"AICcWt"	"K_rates"
"pt_1_eq"	55.2686946185996	0	0.69089615326031	1
"pt_1_ard"	57.1137614608828	1.84506684228315	0.274638615121797	2
"pt_2_eq"	61.8821445798834	6.61344996128378	0.0253116445088542	4
"pt_2_ard"	63.9626019193134	8.69390730071378	0.00894447369560956	2
"pt_3_eq"	71.5099208914069	16.2412262728072	0.000205435408433078	9
"pt_3_ard"	79.5554432629704	24.2867486443707	3.6780049960922e-06	2
