"AICc"	"Delta_AICc"	"AICcWt"	"K_rates"
"pt_1_eq"	58.0226857118023	0	0.684413068075839	1
"pt_1_ard"	59.9020503708994	1.87936465909713	0.267435738212592	2
"pt_2_eq"	63.9183862067913	5.89570049498904	0.0358990699527156	4
"pt_2_ard"	66.0957445695915	8.07305885778919	0.0120858120546088	2
"pt_3_eq"	74.7086129811052	16.6859272693029	0.000162935314807789	9
"pt_3_ard"	82.4617056927501	24.4390199809478	3.3763894366938e-06	2
