"AICc"	"Delta_AICc"	"AICcWt"	"K_rates"
"pt_1_eq"	55.4634198703966	0	0.662990154705144	1
"pt_1_ard"	57.3895436990974	1.9261238287008	0.253078122616843	2
"pt_2_eq"	59.7336102836989	4.27019041330224	0.0783875358967941	4
"pt_2_ard"	65.0915092232796	9.62808935288301	0.0053801457453415	2
"pt_3_eq"	72.1442258215332	16.6808059511366	0.000158239932906235	9
"pt_3_ard"	78.7563545757774	23.2929347053808	5.80110297021998e-06	2
