"AICc"	"Delta_AICc"	"AICcWt"	"K_rates"
"pt_1_eq"	58.2469344103722	0	0.645206227274768	1
"pt_1_ard"	60.2942362528775	2.04730184250538	0.231810233209085	2
"pt_2_eq"	61.8379201043418	3.59098569396966	0.107133653264063	4
"pt_2_ard"	65.702426530557	7.45549212018486	0.0155152581703282	2
"pt_3_eq"	73.4105995941004	15.1636651837283	0.000328814145884374	9
"pt_3_ard"	81.4810694199803	23.2341350096082	5.8139358716001e-06	2
