"AICc"	"Delta_AICc"	"AICcWt"	"K_rates"
"pt_1_eq"	58.5712544988078	0	0.694531346518982	1
"pt_1_ard"	60.4902970772238	1.91904257841598	0.266058446237706	2
"pt_2_eq"	65.1847044481579	6.61344994935013	0.0254448234590415	4
"pt_2_ard"	66.4024019763499	7.83114747754209	0.0138413924791158	2
"pt_3_eq"	75.8919978587227	17.3207433599149	0.000120376086444498	9
"pt_3_ard"	82.9029349407262	24.3316804419184	3.61521871037264e-06	2
