"AICc"	"Delta_AICc"	"AICcWt"	"K_rates"
"pt_1_eq"	58.0612910793151	0	0.653543186877455	1
"pt_1_ard"	59.8919941177509	1.83070303843578	0.261662916500858	2
"pt_2_eq"	62.2864823584338	4.22519127911868	0.0790288500909974	4
"pt_2_ard"	67.6230210939067	9.56173001459155	0.00548240355150194	2
"pt_3_eq"	73.5989098670152	15.5376187877001	0.000276263329020992	9
"pt_3_ard"	81.1353923439601	23.0741012646449	6.37965016668481e-06	2
