"AICc"	"Delta_AICc"	"AICcWt"	"K_rates"
"pt_1_eq"	58.3555278630975	0	0.642527520572928	1
"pt_1_ard"	60.281745679961	1.92621781686352	0.245255553148588	2
"pt_2_eq"	62.1380132763712	3.78248541327365	0.09694724288815	4
"pt_2_ard"	65.876653038862	7.52112517576453	0.0149520297753386	6
"pt_3_eq"	73.6164808756444	15.2609530125469	0.000311901808564725	9
"pt_3_ard"	81.6028297849803	23.2473019218828	5.75180643149213e-06	12
