"AICc"	"Delta_AICc"	"AICcWt"	"K_rates"
"pt_1_eq"	55.2664943491383	0	0.663415005849764	1
"pt_1_ard"	57.2961757349001	2.02968138576179	0.240461514287242	2
"pt_2_eq"	59.4050615544352	4.13856720529696	0.0837735347542203	4
"pt_2_ard"	63.2801545120206	8.01366016288237	0.0120681610259656	2
"pt_3_eq"	70.8402861399076	15.5737917907694	0.00027540978876319	9
"pt_3_ard"	78.3722597050316	23.1057653558934	6.37429404519097e-06	2
