"AICc"	"Delta_AICc"	"AICcWt"	"K_rates"
"pt_1_eq"	55.7801010242886	0	0.699697562936361	1
"pt_1_ard"	57.7502673212911	1.97016629700249	0.261272791648176	2
"pt_2_eq"	62.3832756209148	6.60317459662621	0.0257661313309544	4
"pt_2_ard"	63.7423471011517	7.96224607686314	0.0130596216109673	2
"pt_3_eq"	72.0769574351802	16.2968564108916	0.000202345222764729	9
"pt_3_ard"	81.8239486324541	26.0438476081655	1.54725077671297e-06	2
