"AICc"	"Delta_AICc"	"AICcWt"	"K_rates"
"pt_1_eq"	57.2491634141306	0	0.632712873795622	1
"pt_1_ard"	59.2380787595756	1.98891534544503	0.234055683474811	2
"pt_2_eq"	60.6313128554356	3.38214944130502	0.116622474340244	4
"pt_2_ard"	64.5748379752529	7.32567456112231	0.0162351629551329	6
"pt_3_eq"	72.1529134358482	14.9037500217176	0.000367196450190454	9
"pt_3_ard"	80.1878475474639	22.9386841333333	6.60898400072828e-06	12
