"AICc"	"Delta_AICc"	"AICcWt"	"K_rates"
"pt_1_eq"	54.6291835730654	0	0.688457119614248	1
"pt_1_ard"	56.4699788669456	1.84079529388021	0.274254193109942	2
"pt_2_eq"	61.2323581652587	6.60317459219326	0.0253522057795741	4
"pt_2_ard"	62.7664330050822	8.13724943201677	0.0117732301084171	2
"pt_3_eq"	71.3455822069163	16.7163986338509	0.000161419892415192	9
"pt_3_ard"	80.3033346136982	25.6741510406328	1.83149540436632e-06	2
