"AICc"	"Delta_AICc"	"AICcWt"	"K_rates"
"pt_1_eq"	55.4518722469018	0	0.676422213228367	1
"pt_1_ard"	57.2572975974149	1.80542535051303	0.274267739734654	2
"pt_2_eq"	60.9368171363285	5.48494488942668	0.0435689618270888	4
"pt_2_ard"	65.0512320094491	9.59935976254729	0.0055685660301812	2
"pt_3_eq"	72.0257366954539	16.5738644485521	0.000170313441269856	9
"pt_3_ard"	80.7188930274309	25.2670207805291	2.20573843849423e-06	2
