"AICc"	"Delta_AICc"	"AICcWt"	"K_rates"
"pt_1_eq"	56.5637958189416	0	0.670848814348187	1
"pt_1_ard"	58.4680668243091	1.90427100536754	0.25889130323068	2
"pt_2_eq"	61.2407940884755	4.67699826953389	0.0647183425504614	4
"pt_2_ard"	66.2457420763077	9.68194625736609	0.00529927844567559	2
"pt_3_eq"	72.4551280359459	15.8913322170043	0.000237610545073832	9
"pt_3_ard"	80.3222811075821	23.7584852886406	4.65087992234578e-06	2
