"AICc"	"Delta_AICc"	"AICcWt"	"K_rates"
"pt_1_eq"	58.3736136284479	0	0.640339904641264	1
"pt_1_ard"	60.1444927331487	1.77087910470075	0.264161216155624	2
"pt_2_eq"	62.3012197350734	3.9276061066255	0.0898548942474427	4
"pt_2_ard"	67.9447054228027	9.57109179435476	0.00534655933567673	2
"pt_3_eq"	73.7673740427831	15.3937604143351	0.000290869353171498	9
"pt_3_ard"	81.3522797415903	22.9786661131423	6.55626682086752e-06	2
