"AICc"	"Delta_AICc"	"AICcWt"	"K_rates"
"pt_1_eq"	55.7944502313041	0	0.669923962826574	1
"pt_1_ard"	57.8368576291219	2.04240739781777	0.241280587251553	2
"pt_2_eq"	60.0945599040751	4.30010967277101	0.078031249513134	4
"pt_2_ard"	64.0833866915649	8.28893646026075	0.0106195430490939	6
"pt_3_eq"	72.7006689035569	16.9062186722528	0.000142852147309499	9
"pt_3_ard"	81.4429327794734	25.6484825481693	1.80521233597192e-06	12
