"AICc"	"Delta_AICc"	"AICcWt"	"K_rates"
"pt_1_eq"	58.2432022668492	0	0.665741012114389	1
"pt_1_ard"	60.1917001378832	1.94849787103398	0.25130109168599	2
"pt_2_eq"	62.7042825397324	4.46108027288324	0.0715474300966094	4
"pt_2_ard"	66.4240856259837	8.18088335913453	0.0111390733035623	2
"pt_3_eq"	73.8903493517962	15.647147084947	0.000266422251204367	9
"pt_3_ard"	81.8534539835439	23.6102517166947	4.97054824478283e-06	2
