"AICc"	"Delta_AICc"	"AICcWt"	"K_rates"
"pt_1_eq"	57.303165319266	0	0.686723016588301	1
"pt_1_ard"	59.1254031499936	1.82223783072759	0.276113528801085	2
"pt_2_eq"	63.9166152909413	6.61344997167534	0.0251587575058743	4
"pt_2_ard"	65.4364020094787	8.13323669021269	0.0117671610225309	2
"pt_3_eq"	73.2580523781651	15.9548870588991	0.000235625288422028	9
"pt_3_ard"	82.8875004408692	25.5843351216032	1.91079378682999e-06	2
