"AICc"	"Delta_AICc"	"AICcWt"	"K_rates"
"pt_1_eq"	59.2599348075643	0	0.650856552189786	1
"pt_1_ard"	61.3349373881609	2.07500258059654	0.230623838320818	2
"pt_2_eq"	62.9768687802125	3.71693397264816	0.101475996381831	4
"pt_2_ard"	66.5840915421879	7.32415673462359	0.0167134018015696	2
"pt_3_eq"	74.4688711604705	15.2089363529061	0.000324269957333183	9
"pt_3_ard"	82.4681515913507	23.2082167837863	5.94134866200071e-06	2
