"AICc"	"Delta_AICc"	"AICcWt"	"K_rates"
"pt_1_eq"	55.2942747367339	0	0.700002734334013	1
"pt_1_ard"	57.2126436372617	1.91836890052782	0.268244744887109	2
"pt_2_eq"	61.8974495090294	6.60317477229551	0.0257773669025918	4
"pt_2_ard"	64.9240993232116	9.62982458647772	0.00567557538689077	2
"pt_3_eq"	70.846821575155	15.5525468384211	0.00029370213309042	9
"pt_3_ard"	78.6700799897313	23.3758052529974	5.87635630440689e-06	2
