"AICc"	"Delta_AICc"	"AICcWt"	"K_rates"
"pt_1_eq"	56.448349450724	0	0.69337745809856	1
"pt_1_ard"	58.2939483615456	1.84559891082169	0.275551644418541	2
"pt_2_eq"	63.061799414438	6.61344996371406	0.0254025494652085	4
"pt_2_ard"	66.0981893229248	9.64983987220081	0.00556587712793449	2
"pt_3_eq"	74.1628702978894	17.7145208471655	9.86984634948238e-05	9
"pt_3_ard"	80.6915723256517	24.2432228749277	3.77242626097958e-06	2
