"AICc"	"Delta_AICc"	"AICcWt"	"K_rates"
"pt_1_eq"	58.5717998410603	0	0.626185291274514	1
"pt_1_ard"	60.3747537063548	1.80295386529452	0.254212209100182	2
"pt_2_eq"	62.223409158758	3.65160931769775	0.100870918106644	4
"pt_2_ard"	65.630698334388	7.05889849332775	0.0183604165545337	2
"pt_3_eq"	73.443749383499	14.8719495424387	0.000369232610988942	9
"pt_3_ard"	83.9491260337655	25.3773261927052	1.93235313732845e-06	2
