"AICc"	"Delta_AICc"	"AICcWt"	"K_rates"
"pt_1_eq"	57.9778488680915	0	0.686617913485295	1
"pt_1_ard"	59.8957496132261	1.91790074513461	0.263177207550509	2
"pt_2_eq"	64.0047184994668	6.02686963137529	0.0337284992526229	4
"pt_2_ard"	65.4786376620749	7.50078879398339	0.0161413382387377	2
"pt_3_eq"	73.2399872318729	15.2621383637814	0.00033310710266977	9
"pt_3_ard"	83.5373518125796	25.5595029444881	1.93437016535197e-06	2
