"AICc"	"Delta_AICc"	"AICcWt"	"K_rates"
"pt_1_eq"	55.8110169851095	0	0.66825497660872	1
"pt_1_ard"	57.6585826301531	1.84756564504355	0.265306823219521	2
"pt_2_eq"	60.6056960977605	4.7946791126509	0.0607842218283606	4
"pt_2_ard"	65.4476654995932	9.63664851448362	0.0053997116012895	2
"pt_3_eq"	71.583316910883	15.7722999257735	0.00025120645183296	9
"pt_3_ard"	80.3988476018614	24.5878306167519	3.06029027575602e-06	2
