"AICc"	"Delta_AICc"	"AICcWt"	"K_rates"
"pt_1_eq"	56.7215547332874	0	0.653315976147815	1
"pt_1_ard"	58.5455844782264	1.82402974493901	0.262446177683736	2
"pt_2_eq"	61.1616749182245	4.44012018493714	0.0709518021534712	4
"pt_2_ard"	64.534254480829	7.81269974754164	0.0131406571380495	2
"pt_3_eq"	73.6066475185712	16.8850927852839	0.000140790051240334	9
"pt_3_ard"	80.4504550884529	23.7289003551655	4.59682568809038e-06	2
