"AICc"	"Delta_AICc"	"AICcWt"	"K_rates"
"pt_1_eq"	56.4993989404275	0	0.692254029204994	1
"pt_1_ard"	58.3688693495678	1.86947040914026	0.271841119979896	2
"pt_2_eq"	63.1128489114452	6.61344997101773	0.0253613914755397	4
"pt_2_ard"	64.8984289742519	8.3990300338244	0.0103857841826955	2
"pt_3_eq"	73.3102366233753	16.8108376829477	0.00015482406689825	9
"pt_3_ard"	81.2994127252054	24.8000137847779	2.85108997654108e-06	2
