"AICc"	"Delta_AICc"	"AICcWt"	"K_rates"
"pt_1_eq"	55.0291000343403	0	0.669648240052983	1
"pt_1_ard"	56.9408322708368	1.9117322364965	0.257465683026329	2
"pt_2_eq"	59.7642257050147	4.73512567067437	0.0627519544620852	4
"pt_2_ard"	63.4416474283987	8.41254739405834	0.00997895986193643	6
"pt_3_eq"	71.8405962180563	16.811496183716	0.000149718931565671	9
"pt_3_ard"	78.4692105801731	23.4401105458327	5.44366510057537e-06	12
