"AICc"	"Delta_AICc"	"AICcWt"	"K_rates"
"pt_1_eq"	57.0065299827987	0	0.670163583370793	1
"pt_1_ard"	58.8490091119224	1.84247912912375	0.266742099548904	2
"pt_2_eq"	62.0568412978107	5.05031131501206	0.053643815063393	4
"pt_2_ard"	65.5756712817295	8.5691412989308	0.00923454355988326	2
"pt_3_eq"	73.1196531656312	16.1131231828325	0.000212451881863673	9
"pt_3_ard"	81.327804566456	24.3212745836574	3.50657516272984e-06	2
