"AICc"	"Delta_AICc"	"AICcWt"	"K_rates"
"pt_1_eq"	57.7008459407604	0	0.651084068398155	1
"pt_1_ard"	59.4949355539238	1.79408961316343	0.265494457461722	2
"pt_2_eq"	62.1089214588441	4.40807551808376	0.0718514657282582	4
"pt_2_ard"	65.7883991247807	8.08755318402033	0.0114142454843452	2
"pt_3_eq"	74.4565715045944	16.755725563834	0.000149684727911262	9
"pt_3_ard"	80.8642169710622	23.1633710303018	6.07819960803134e-06	2
