"AICc"	"Delta_AICc"	"AICcWt"	"K_rates"
"pt_1_eq"	58.2022168048783	0	0.688254251150463	1
"pt_1_ard"	60.0610352260797	1.85881842120143	0.271713746662536	2
"pt_2_eq"	64.8156667607745	6.61344995589621	0.0252148559541804	4
"pt_2_ard"	65.9258678588271	7.72365105394886	0.0144736939843536	2
"pt_3_eq"	73.4327068344633	15.2304900295851	0.00033922668965494	9
"pt_3_ard"	82.2037409738742	24.001524168996	4.22555881192693e-06	2
