"AICc"	"Delta_AICc"	"AICcWt"	"K_rates"
"pt_1_eq"	56.5349503150266	0	0.69430435913896	1
"pt_1_ard"	58.4828999786805	1.94794966365389	0.262154910472029	2
"pt_2_eq"	63.1381249025956	6.60317458756904	0.0255675285006959	4
"pt_2_ard"	63.8782036514038	7.34325333637726	0.0176596743321367	2
"pt_3_eq"	71.9860895711385	15.4511392561119	0.000306462706661064	9
"pt_3_ard"	79.5260182850697	22.9910679700431	7.06484951731202e-06	2
