"AICc"	"Delta_AICc"	"AICcWt"	"K_rates"
"pt_1_eq"	57.3336311223135	0	0.691887962658043	1
"pt_1_ard"	59.263433544223	1.92980242190949	0.263623731725011	2
"pt_2_eq"	63.9368057241857	6.60317460187218	0.025478545316892	4
"pt_2_ard"	64.5538264494429	7.22019532712935	0.0187150193497374	6
"pt_3_eq"	72.9132833106642	15.5796521883507	0.000286389629230438	9
"pt_3_ard"	79.983150277355	22.6495191550415	8.35132108647954e-06	12
