"AICc"	"Delta_AICc"	"AICcWt"	"K_rates"
"pt_1_eq"	55.968946355297	0	0.660051978566049	1
"pt_1_ard"	57.8463612903801	1.87741493508305	0.258168150765817	2
"pt_2_eq"	60.4603738292182	4.49142747392116	0.0698677975784307	4
"pt_2_ard"	64.0452020156636	8.07625566036658	0.0116370125681216	2
"pt_3_eq"	71.550093362888	15.581147007591	0.000273007798990905	9
"pt_3_ard"	81.3307600767854	25.3618137214884	2.05272259176993e-06	2
