"AICc"	"Delta_AICc"	"AICcWt"	"K_rates"
"pt_1_eq"	55.659804408952	0	0.642313728130202	1
"pt_1_ard"	57.5910538643292	1.93124945537711	0.244557909548454	2
"pt_2_eq"	59.4279882215207	3.7681838125687	0.0976104884374575	4
"pt_2_ard"	63.1475256769513	7.48772126799924	0.0151987961404359	2
"pt_3_eq"	70.9215968455734	15.2617924366214	0.000311667189481396	9
"pt_3_ard"	78.3996582893741	22.739853880422	7.41055396927067e-06	2
