"AICc"	"Delta_AICc"	"AICcWt"	"K_rates"
"pt_1_eq"	54.9524016387537	0	0.64897884222643	1
"pt_1_ard"	56.7937895584287	1.841387919675	0.258451009021143	2
"pt_2_eq"	59.1942253563455	4.2418237175918	0.0778269877127335	4
"pt_2_ard"	62.564838412997	7.61243677424335	0.0144281582101507	2
"pt_3_eq"	70.2227347715779	15.2703331328242	0.000313559403874895	9
"pt_3_ard"	80.9846739787928	26.0322723400392	1.44342566807125e-06	2
