"AICc"	"Delta_AICc"	"AICcWt"	"K_rates"
"pt_1_eq"	57.6431206316533	0	0.642894001451256	1
"pt_1_ard"	59.5027420125897	1.85962138093635	0.253704237732854	2
"pt_2_eq"	61.6856276754297	4.04250704377635	0.0851765651233268	4
"pt_2_ard"	64.8109008821674	7.16778025051412	0.0178515392213022	2
"pt_3_eq"	72.5797612261723	14.936640594519	0.000367019449430195	9
"pt_3_ard"	80.6052642241559	22.9621435925026	6.63702183057151e-06	2
