"AICc"	"Delta_AICc"	"AICcWt"	"K_rates"
"pt_1_eq"	54.1644919428828	0	0.662980157530722	1
"pt_1_ard"	56.0287313587658	1.86423941588304	0.261027392386185	2
"pt_2_eq"	58.8379785193991	4.67348657651632	0.0640716362097531	4
"pt_2_ard"	62.2249504906931	8.06045854781038	0.0117813266122441	2
"pt_3_eq"	71.169992742428	17.0055007995452	0.00013452498456493	9
"pt_3_ard"	77.7697633969289	23.6052714540461	4.96227653062598e-06	2
