"AICc"	"Delta_AICc"	"AICcWt"	"K_rates"
"pt_1_eq"	54.8835231567192	0	0.705961486023987	1
"pt_1_ard"	56.8651441966977	1.98162103997849	0.262106304449066	2
"pt_2_eq"	61.4866977596114	6.60317460289227	0.0259967981454221	4
"pt_2_ard"	64.5277932583103	9.64427010159117	0.00568269523184139	2
"pt_3_eq"	70.7673544868223	15.8838313301032	0.000250986787313706	9
"pt_3_ard"	80.7226495452276	25.8391263885084	1.72936237007483e-06	2
