"AICc"	"Delta_AICc"	"AICcWt"	"K_rates"
"pt_1_eq"	59.5496771971667	0	0.660238448298284	1
"pt_1_ard"	61.3592299201038	1.80955272293713	0.267153845705556	2
"pt_2_eq"	64.1228952132965	4.57321801612981	0.0670871182400185	4
"pt_2_ard"	69.2199074206324	9.67023022346572	0.00524610524575973	2
"pt_3_eq"	75.1559974901338	15.6063202929671	0.000269669244471539	9
"pt_3_ard"	83.2076381912937	23.657960994127	4.81326590957151e-06	2
