"AICc"	"Delta_AICc"	"AICcWt"	"K_rates"
"pt_1_eq"	58.1319971050306	0	0.67081080236447	1
"pt_1_ard"	60.0946130278071	1.96261592277659	0.251433658674037	2
"pt_2_eq"	62.7476556816563	4.61565857662574	0.066730214757154	4
"pt_2_ard"	66.3575016348047	8.22550452977411	0.0109762612061424	2
"pt_3_eq"	77.4008143073315	19.268817202301	4.38964658091821e-05	9
"pt_3_ard"	81.6800784392735	23.548081334243	5.16653238739953e-06	2
