"AICc"	"Delta_AICc"	"AICcWt"	"K_rates"
"pt_1_eq"	55.2598161373879	0	0.659927339264103	1
"pt_1_ard"	57.1865122401908	1.92669610280292	0.251836907500678	2
"pt_2_eq"	59.6000297409517	4.34021360356383	0.0753408839611187	4
"pt_2_ard"	63.1708676203281	7.91105148294027	0.012636683784377	2
"pt_3_eq"	70.9891370314409	15.729320894053	0.000253464701533344	9
"pt_3_ard"	78.9556346190168	23.6958184816289	4.72078819019078e-06	2
