"AICc"	"Delta_AICc"	"AICcWt"	"K_rates"
"pt_1_eq"	56.6011020474333	0	0.661200156885769	1
"pt_1_ard"	58.458158318691	1.85705627125764	0.261263236387154	2
"pt_2_eq"	61.1952662544283	4.59416420699495	0.0664848764320912	4
"pt_2_ard"	64.8310477317255	8.22994568429215	0.0107950075252867	2
"pt_3_eq"	72.335270777467	15.7341687300336	0.000253338747776658	9
"pt_3_ard"	80.9665959717432	24.3654939243099	3.38402192265302e-06	2
