"AICc"	"Delta_AICc"	"AICcWt"	"K_rates"
"pt_1_eq"	57.9868063185614	0	0.682274908991872	1
"pt_1_ard"	59.7265351704947	1.73972885193326	0.285878885261314	2
"pt_2_eq"	64.6002562712831	6.61344995272171	0.0249957970472847	4
"pt_2_ard"	67.2368196392327	9.25001332067127	0.00668874329792935	2
"pt_3_eq"	74.7596104034827	16.7728040849213	0.000155521798567534	9
"pt_3_ard"	81.2223594482444	23.235553129683	6.14360303228699e-06	2
