"AICc"	"Delta_AICc"	"AICcWt"	"K_rates"
"pt_1_eq"	56.846550764223	0	0.681596328216601	1
"pt_1_ard"	58.7140732378906	1.86752247366761	0.267916764396499	2
"pt_2_eq"	62.2582980235645	5.41174725934149	0.0455387658002106	4
"pt_2_ard"	66.7770580371296	9.93050727290662	0.00475493940287427	2
"pt_3_eq"	73.2221616902806	16.3756109260576	0.000189499692996096	9
"pt_3_ard"	81.0929249244343	24.2463741602113	3.70249081859304e-06	2
