"AICc"	"Delta_AICc"	"AICcWt"	"K_rates"
"pt_1_eq"	56.251581641149	0	0.688946079404407	1
"pt_1_ard"	58.0571944753592	1.8056128342102	0.279319584835387	2
"pt_2_eq"	62.8547562277738	6.60317458662474	0.025370211632801	4
"pt_2_ard"	65.6769184491404	9.42533680799133	0.00618727401714186	2
"pt_3_eq"	72.8727735652666	16.6211919241176	0.00016941008696019	9
"pt_3_ard"	79.1236702548518	22.8720886137028	7.44002330231835e-06	2
