"AICc"	"Delta_AICc"	"AICcWt"	"K_rates"
"pt_1_eq"	56.1232147072417	0	0.649826386639223	1
"pt_1_ard"	57.9868900492783	1.86367534203666	0.255920681535084	2
"pt_2_eq"	60.2799443750506	4.15672966780898	0.081315804571164	4
"pt_2_ard"	64.0043778481495	7.88116314090788	0.0126306153854502	2
"pt_3_eq"	71.4658162906476	15.3426015834059	0.00030282640393357	9
"pt_3_ard"	80.2833422358556	24.1601275286139	3.68546514551653e-06	2
