"AICc"	"Delta_AICc"	"AICcWt"	"K_rates"
"pt_1_eq"	58.061319468601	0	0.626494231011337	1
"pt_1_ard"	60.1526601534501	2.09134068484909	0.220185246939794	2
"pt_2_eq"	61.1597722768081	3.09845280820711	0.133075037640185	4
"pt_2_ard"	64.9684458613127	6.90712639271173	0.0198177176751629	2
"pt_3_eq"	72.6746721446674	14.6133526760664	0.000420404989319095	9
"pt_3_ard"	80.7645153815385	22.7031959129375	7.36174420121389e-06	2
