"AICc"	"Delta_AICc"	"AICcWt"	"K_rates"
"pt_1_eq"	56.1020697234164	0	0.668583518644751	1
"pt_1_ard"	58.000803289454	1.89873356603755	0.258732456190116	2
"pt_2_eq"	60.8224155492864	4.72034582586996	0.0631168903854267	4
"pt_2_ard"	64.6422756581457	8.54020593472929	0.00934702728926797	2
"pt_3_eq"	72.1774782890264	16.07540856561	0.00021598572538353	9
"pt_3_ard"	80.0953399613147	23.9932702378983	4.12176505558375e-06	2
