"AICc"	"Delta_AICc"	"AICcWt"	"K_rates"
"pt_1_eq"	56.5566383464897	0	0.661902610105466	1
"pt_1_ard"	58.5245955189064	1.96795717241671	0.247433001477585	2
"pt_2_eq"	60.6609622394913	4.10432389300161	0.0850259482955933	4
"pt_2_ard"	66.195613574724	9.63897522823422	0.00534216401081423	2
"pt_3_eq"	72.0195042863059	15.4628659398162	0.000290452699776018	9
"pt_3_ard"	79.8386135007468	23.2819751542571	5.82341076581467e-06	2
