"AICc"	"Delta_AICc"	"AICcWt"	"K_rates"
"pt_1_eq"	57.8130681602626	0	0.649582799281474	1
"pt_1_ard"	59.6895810554012	1.87651289513862	0.254187926608711	2
"pt_2_eq"	61.9811229566655	4.16805479640288	0.080826340715637	4
"pt_2_ard"	65.3164284153885	7.50336025512593	0.0152510778919556	2
"pt_3_eq"	74.5871814886292	16.7741133283666	0.000147972866775267	9
"pt_3_ard"	81.8682110132196	24.055142852957	3.88263544733996e-06	2
