"AICc"	"Delta_AICc"	"AICcWt"	"K_rates"
"pt_1_eq"	55.8954097337907	0	0.665135210041557	1
"pt_1_ard"	57.8627895957994	1.96737986200874	0.248713196756481	2
"pt_2_eq"	60.2833588144253	4.38794908063459	0.0741444934145369	4
"pt_2_ard"	63.9478653376679	8.05245560387719	0.0118670130861946	6
"pt_3_eq"	72.8894509019331	16.9940411681424	0.000135737793834968	9
"pt_3_ard"	79.771051698065	23.8756419642743	4.34890739594029e-06	12
