"AICc"	"Delta_AICc"	"AICcWt"	"K_rates"
"pt_1_eq"	56.8749168690024	0	0.672200096749	1
"pt_1_ard"	58.7458373057895	1.87092043678705	0.263774834823673	2
"pt_2_eq"	61.9676909542913	5.09277408528886	0.0526764779171608	4
"pt_2_ard"	65.0584986238769	8.18358175487445	0.0112319812931107	2
"pt_3_eq"	74.2282510471631	17.3533341781607	0.000114622514790165	9
"pt_3_ard"	82.3385873226363	25.4636704536339	1.9867022660178e-06	2
