"AICc"	"Delta_AICc"	"AICcWt"	"K_rates"
"pt_1_eq"	57.7322712800177	0	0.689358315683384	1
"pt_1_ard"	59.6064159477342	1.87414466771651	0.270072071204395	2
"pt_2_eq"	64.3457212440926	6.6134499640749	0.0252553043161541	4
"pt_2_ard"	65.3856822492595	7.6534109692418	0.0150150901138065	2
"pt_3_eq"	73.2558644398872	15.5235931598696	0.000293453703264563	9
"pt_3_ard"	81.1157011925127	23.3834299124951	5.7649789960522e-06	2
