"AICc"	"Delta_AICc"	"AICcWt"	"K_rates"
"pt_1_eq"	54.9438223520426	0	0.678798945308929	1
"pt_1_ard"	56.9188471570613	1.97502480501861	0.252854083450575	2
"pt_2_eq"	59.8548722819487	4.91104992990608	0.0582532575593395	4
"pt_2_ard"	63.4017599271713	8.45793757512862	0.00988833907839584	6
"pt_3_eq"	71.1863539267815	16.2425315747389	0.000201706661505272	9
"pt_3_ard"	79.2007217916551	24.2568994396125	3.66794125518482e-06	12
