"AICc"	"Delta_AICc"	"AICcWt"	"K_rates"
"pt_1_eq"	58.0708979432543	0	0.628891580910829	1
"pt_1_ard"	59.878793521368	1.80789557811378	0.25468082268048	2
"pt_2_eq"	61.7514860453716	3.68058810211737	0.0998495769895259	4
"pt_2_ard"	65.3840174981641	7.31311955490987	0.0162387294688638	2
"pt_3_eq"	73.1440258347047	15.0731278914505	0.000335341765636599	9
"pt_3_ard"	82.0278144603055	23.9569165170512	3.94818466545471e-06	2
