"AICc"	"Delta_AICc"	"AICcWt"	"K_rates"
"pt_1_eq"	55.1669087616327	0	0.650176697924076	1
"pt_1_ard"	57.1380893545701	1.97118059293746	0.242658200880475	2
"pt_2_eq"	59.0731566231909	3.90624786155821	0.0922147630993538	4
"pt_2_ard"	62.7518682262429	7.58495946461022	0.014654748851199	2
"pt_3_eq"	70.5717044578087	15.404795696176	0.000293712559349498	9
"pt_3_ard"	80.6778932295983	25.5109844679656	1.87668554682218e-06	2
