"AICc"	"Delta_AICc"	"AICcWt"	"K_rates"
"pt_1_eq"	56.7139864227343	0	0.69692983863276	1
"pt_1_ard"	58.6759818737653	1.96199545103105	0.261304663127922	2
"pt_2_eq"	63.3171610101797	6.6031745874454	0.0256642109167052	4
"pt_2_ard"	64.2908911216776	7.57690469894329	0.0157719397238501	2
"pt_3_eq"	72.0723165059558	15.3583300832215	0.00032223303054041	9
"pt_3_ard"	79.6985773801136	22.9845909573794	7.11456822162123e-06	2
