"AICc"	"Delta_AICc"	"AICcWt"	"K_rates"
"pt_1_eq"	57.014522318647	0	0.706495050052791	1
"pt_1_ard"	59.0008908685314	1.98636854988443	0.261682495819703	2
"pt_2_eq"	63.6176969170241	6.60317459837713	0.0260164465229795	4
"pt_2_ard"	66.7061103945373	9.69158807589026	0.00555402093292991	6
"pt_3_eq"	72.9389928416147	15.9244705229677	0.000246124181966604	9
"pt_3_ard"	80.4135165383905	23.3989942197435	5.86248963008692e-06	12
