"AICc"	"Delta_AICc"	"AICcWt"	"K_rates"
"pt_1_eq"	57.0427804986245	0	0.668466758493769	1
"pt_1_ard"	58.8955606877742	1.8527801891497	0.264699858645885	2
"pt_2_eq"	62.0134566407476	4.9706761421231	0.0556815358261257	4
"pt_2_ard"	65.2694245003998	8.22664400177532	0.0109316764267496	2
"pt_3_eq"	73.1102970940759	16.0675165954515	0.000216801817112993	9
"pt_3_ard"	81.439156925083	24.3963764264585	3.36879035742599e-06	2
