"AICc"	"Delta_AICc"	"AICcWt"	"K_rates"
"pt_1_eq"	57.4433522205938	0	0.668368535148477	1
"pt_1_ard"	59.2551103817654	1.81175816117157	0.270145483090518	2
"pt_2_eq"	62.5730667462067	5.12971452561288	0.0514176993194344	4
"pt_2_ard"	65.8738742920999	8.43052207150613	0.0098707780978911	2
"pt_3_eq"	73.7372809361971	16.2939287156033	0.000193568342613067	9
"pt_3_ard"	81.5282117198843	24.0848594992905	3.93600106617393e-06	2
