"AICc"	"Delta_AICc"	"AICcWt"	"K_rates"
"pt_1_eq"	56.3488614903829	0	0.651296349197177	1
"pt_1_ard"	58.2697009836219	1.92083949323903	0.249272085691502	2
"pt_2_eq"	60.371456159191	4.02259466880815	0.087153194433521	4
"pt_2_ard"	64.3184063711238	7.96954488074091	0.0121119469866452	2
"pt_3_eq"	72.9725122377374	16.6236507473546	0.00015995534226519	9
"pt_3_ard"	79.3884598063051	23.0395983159223	6.46834888966762e-06	2
