"AICc"	"Delta_AICc"	"AICcWt"	"K_rates"
"pt_1_eq"	57.353249798912	0	0.656490770508417	1
"pt_1_ard"	59.1974567086564	1.84420690974441	0.261074336289374	2
"pt_2_eq"	61.7648986638188	4.41164886490677	0.0723188057517485	4
"pt_2_ard"	65.7299749131956	8.37672511428358	0.00995969130727509	2
"pt_3_eq"	74.0746571853041	16.7214073863921	0.000153539862028846	9
"pt_3_ard"	82.0435366598445	24.6902868609325	2.85628115576795e-06	2
