"AICc"	"Delta_AICc"	"AICcWt"	"K_rates"
"pt_1_eq"	56.6373362061697	0	0.701659558996768	1
"pt_1_ard"	58.6368930092652	1.9995568030955	0.258183333144662	2
"pt_2_eq"	63.2405107899906	6.60317458382095	0.0258383813523845	4
"pt_2_ard"	64.4691669393109	7.83183073314126	0.0139786750988481	2
"pt_3_eq"	71.9367722455532	15.2994360393836	0.000334115114233674	9
"pt_3_ard"	79.9975736555384	23.3602374493688	5.93629310396703e-06	2
