"AICc"	"Delta_AICc"	"AICcWt"	"K_rates"
"pt_1_eq"	58.0028199816897	0	0.597338396412993	1
"pt_1_ard"	59.8059631854587	1.80314320376898	0.242478289633253	2
"pt_2_eq"	60.9305636755417	2.92774369385194	0.138187565697813	4
"pt_2_ard"	64.6357202849056	6.63290030321591	0.0216722714343525	2
"pt_3_eq"	73.1085845256784	15.1057645439887	0.000313361284339579	9
"pt_3_ard"	79.9751529349926	21.9723329533029	1.01155372490221e-05	2
