"AICc"	"Delta_AICc"	"AICcWt"	"K_rates"
"pt_1_eq"	54.1926470742881	0	0.699487221955378	1
"pt_1_ard"	56.1023532754323	1.90970620114429	0.269210721964517	2
"pt_2_eq"	60.7958243295363	6.60317725524825	0.0257583513530168	4
"pt_2_ard"	63.8978064585571	9.70515938426901	0.00546174226170258	2
"pt_3_eq"	72.3933517160184	18.2007046417304	7.80812916532368e-05	9
"pt_3_ard"	78.3965774527648	24.2039303784767	3.8811737325769e-06	2
