"AICc"	"Delta_AICc"	"AICcWt"	"K_rates"
"pt_1_eq"	55.7032746411639	0	0.683705878539135	1
"pt_1_ard"	57.5467927381256	1.84351809696168	0.271990944789977	2
"pt_2_eq"	62.3064492424549	6.60317460129097	0.0251772427835353	4
"pt_2_ard"	62.8979059499734	7.19463130880946	0.0187316043334501	6
"pt_3_eq"	70.6652154524521	14.9619408112882	0.000385411924601973	9
"pt_3_ard"	78.1977805696123	22.4945059284483	8.91762930037502e-06	12
