"AICc"	"Delta_AICc"	"AICcWt"	"K_rates"
"pt_1_eq"	57.4371031082519	0	0.708352812146303	1
"pt_1_ard"	59.5592096805348	2.12210657228294	0.245154593559365	2
"pt_2_eq"	64.0402777071929	6.60317459894102	0.026084857990206	4
"pt_2_ard"	64.5754144283775	7.13831132012555	0.0199611249946054	6
"pt_3_eq"	72.2057565037968	14.7686533955449	0.00043982234016527	9
"pt_3_ard"	80.5478999667977	23.1107968585458	6.78896935589938e-06	12
