"AICc"	"Delta_AICc"	"AICcWt"	"K_rates"
"pt_1_eq"	56.9467405226994	0	0.632067584717463	1
"pt_1_ard"	58.7297993837259	1.78305886102648	0.259165510883093	2
"pt_2_eq"	60.7710736120809	3.82433308938155	0.0933942501318897	4
"pt_2_ard"	64.4202448136587	7.47350429095935	0.0150630418009848	2
"pt_3_eq"	72.2358642249121	15.2891237022127	0.000302532815975067	9
"pt_3_ard"	79.7457946224592	22.7990540997598	7.07965059412634e-06	2
