"AICc"	"Delta_AICc"	"AICcWt"	"K_rates"
"pt_1_eq"	58.6197311350422	0	0.700121502158521	1
"pt_1_ard"	60.5273059380727	1.90757480303056	0.269742147378821	2
"pt_2_eq"	65.2331810918147	6.61344995677256	0.0256496240889283	4
"pt_2_ard"	68.7822428769828	10.1625117419406	0.00434922654490777	2
"pt_3_eq"	75.7166275397073	17.0968964046651	0.000135715525551862	9
"pt_3_ard"	84.3796934530226	25.7599623179804	1.78430327067831e-06	2
