"AICc"	"Delta_AICc"	"AICcWt"	"K_rates"
"pt_1_eq"	57.6393826326559	0	0.632883376606242	1
"pt_1_ard"	59.6242741236287	1.98489149097281	0.234590260617923	2
"pt_2_eq"	61.0210813508624	3.38169871820644	0.116680193910497	4
"pt_2_ard"	65.0613180713852	7.42193543872924	0.0154764334857127	6
"pt_3_eq"	72.5719970733495	14.9326144406936	0.000362032586104139	9
"pt_3_ard"	80.2722994067739	22.6329167741179	7.70279352041488e-06	12
