"AICc"	"Delta_AICc"	"AICcWt"	"K_rates"
"pt_1_eq"	54.3405028771089	0	0.687642600764645	1
"pt_1_ard"	56.3313932235377	1.99089034642878	0.254124436392911	2
"pt_2_eq"	59.5578579559862	5.2173550788773	0.0506324000153768	4
"pt_2_ard"	63.3970351404936	9.05653226338466	0.0074261168852623	2
"pt_3_eq"	70.9294516206661	16.5889487435572	0.000171837649796373	9
"pt_3_ard"	79.3051606812254	24.9646578041165	2.60829200851099e-06	2
