"AICc"	"Delta_AICc"	"AICcWt"	"K_rates"
"pt_1_eq"	53.8112668132656	0	0.692046164297702	1
"pt_1_ard"	55.6424873580216	1.83122054475597	0.277006893574285	2
"pt_2_eq"	60.4247167378795	6.61344992461387	0.0253537767332015	4
"pt_2_ard"	63.4783489960331	9.66708218276751	0.00550750426130481	2
"pt_3_eq"	71.8794286705191	18.0681618572535	8.25436310835012e-05	9
"pt_3_ard"	78.4320183491294	24.6207515358638	3.11750242318259e-06	2
