"AICc"	"Delta_AICc"	"AICcWt"	"K_rates"
"pt_1_eq"	57.4594074382471	0	0.646787747621424	1
"pt_1_ard"	59.4471205678889	1.98771312964181	0.239406182945703	2
"pt_2_eq"	61.2661873834301	3.80677994518297	0.0964117625050946	4
"pt_2_ard"	64.7319700137959	7.27256257554883	0.0170429545708298	2
"pt_3_eq"	72.5330345277499	15.0736270895028	0.000344798406990896	9
"pt_3_ard"	80.4588185354709	22.9994110972238	6.55394995742386e-06	2
