"AICc"	"Delta_AICc"	"AICcWt"	"K_rates"
"pt_1_eq"	57.2952409009456	0	0.642188733566892	1
"pt_1_ard"	59.0999309998772	1.80469009893167	0.260482892835455	2
"pt_2_eq"	61.3602125322334	4.06497163128789	0.0841327932295794	4
"pt_2_ard"	65.1141721432729	7.8189312423273	0.012876663174925	2
"pt_3_eq"	72.5459164589838	15.2506755580382	0.000313343407592046	9
"pt_3_ard"	80.604367022439	23.3091261214935	5.57378555663311e-06	2
