"AICc"	"Delta_AICc"	"AICcWt"	"K_rates"
"pt_1_eq"	57.376933441164	0	0.684246270236546	1
"pt_1_ard"	59.2682312772068	1.89129783604279	0.265780021289752	2
"pt_2_eq"	62.7968442586988	5.41991081753478	0.0455295920035636	4
"pt_2_ard"	67.5010879919364	10.1241545507723	0.00433291541582878	2
"pt_3_eq"	74.8794919032122	17.5025584620482	0.000108287956732674	9
"pt_3_ard"	82.1106458446559	24.7337124034919	2.91309757631694e-06	2
