"AICc"	"Delta_AICc"	"AICcWt"	"K_rates"
"pt_1_eq"	56.3126680747591	0	0.646115818531526	1
"pt_1_ard"	58.1851810112633	1.87251293650428	0.253337427359991	2
"pt_2_eq"	60.1575547237184	3.84488664895933	0.0944939157553484	4
"pt_2_ard"	65.7693588513687	9.45669077660963	0.00571236649380992	2
"pt_3_eq"	71.4345211800155	15.1218531052564	0.000336234051638315	9
"pt_3_ard"	80.1820440182336	23.8693759434746	4.23780768716187e-06	2
