"AICc"	"Delta_AICc"	"AICcWt"	"K_rates"
"pt_1_eq"	56.1543089732703	0	0.673904567672144	1
"pt_1_ard"	58.1299447638563	1.97563579058598	0.250954240715043	2
"pt_2_eq"	60.8756390039186	4.72133003064831	0.0635879186884035	4
"pt_2_ard"	64.3299772250141	8.17566825174382	0.0113051048916074	2
"pt_3_eq"	71.9969037489622	15.8425947756919	0.000244580965425557	9
"pt_3_ard"	80.4413265867586	24.2870176134883	3.58706737734969e-06	2
