"AICc"	"Delta_AICc"	"AICcWt"	"K_rates"
"pt_1_eq"	55.8907606482161	0	0.671993561528998	1
"pt_1_ard"	57.8268212905927	1.93606064237667	0.255243614027637	2
"pt_2_eq"	60.4596289115479	4.56886826333181	0.0684302260102178	4
"pt_2_ard"	66.0389258274326	10.1481651792165	0.00420454536478218	2
"pt_3_eq"	73.0542608969942	17.1635002487781	0.000125996472939029	9
"pt_3_ard"	81.2846649055842	25.3939042573681	2.05659542592997e-06	2
