"AICc"	"Delta_AICc"	"AICcWt"	"K_rates"
"pt_1_eq"	56.7451642622681	0	0.663007492673887	1
"pt_1_ard"	58.5736301788878	1.82846591661963	0.265749286663482	2
"pt_2_eq"	61.5484564054975	4.80329214322938	0.0600477584443095	4
"pt_2_ard"	64.9577984137401	8.212634151472	0.0109186159257034	2
"pt_3_eq"	72.3434818641049	15.5983176018368	0.000271885975138316	9
"pt_3_ard"	80.3513079095409	23.6061436472727	4.96031747941518e-06	2
