"AICc"	"Delta_AICc"	"AICcWt"	"K_rates"
"pt_1_eq"	56.7947299469603	0	0.647604038857291	1
"pt_1_ard"	58.6971374921521	1.90240754519184	0.25015373924717	2
"pt_2_eq"	60.8034067202233	4.00867677326303	0.0872642674771001	4
"pt_2_ard"	64.3685792983412	7.57384935138091	0.0146780735167812	2
"pt_3_eq"	72.1882369901033	15.3935070431431	0.000294206298207327	9
"pt_3_ard"	80.0847980530762	23.2900681061159	5.67460345050205e-06	2
