"AICc"	"Delta_AICc"	"AICcWt"	"K_rates"
"pt_1_eq"	56.4607997772673	0	0.680146856545774	1
"pt_1_ard"	58.5806488166442	2.11984903937692	0.235658617242565	2
"pt_2_eq"	60.9208149893904	4.46001521212309	0.0731345674780261	4
"pt_2_ard"	64.7410656447246	8.28026586745731	0.0108284378377406	2
"pt_3_eq"	72.475424725162	16.0146249478947	0.000226501495012106	9
"pt_3_ard"	80.0943066554382	23.6335068781709	5.01940088145781e-06	2
