"AICc"	"Delta_AICc"	"AICcWt"	"K_rates"
"pt_1_eq"	57.5381312267528	0	0.623927185405727	1
"pt_1_ard"	59.5188389349884	1.98070770823565	0.23175477709852	2
"pt_2_eq"	60.7483566905621	3.2102254638093	0.12532632550079	4
"pt_2_ard"	64.5519338155752	7.01380258882249	0.0187113890222437	2
"pt_3_eq"	73.0061402999053	15.4680090731526	0.000273085358253956	9
"pt_3_ard"	80.2671258112021	22.7289945844494	7.2376144646022e-06	2
