"AICc"	"Delta_AICc"	"AICcWt"	"K_rates"
"pt_1_eq"	56.8309397680549	0	0.658089782600158	1
"pt_1_ard"	58.7203199091076	1.88938014105268	0.255865342239238	2
"pt_2_eq"	61.2131386157881	4.38219884773325	0.0735703393002504	4
"pt_2_ard"	64.8026623570003	7.97172258894538	0.0122249638128818	2
"pt_3_eq"	72.6100880630881	15.7791482950333	0.000246539568328539	9
"pt_3_ard"	81.4063720977838	24.5754323297289	3.03247914259558e-06	2
