"AICc"	"Delta_AICc"	"AICcWt"	"K_rates"
"pt_1_eq"	55.3326619070585	0	0.65911007224044	1
"pt_1_ard"	57.1573690862978	1.82470717923923	0.264684079011636	2
"pt_2_eq"	59.9929721204331	4.66031021337451	0.064118660888462	4
"pt_2_ard"	63.3691749382097	8.03651303115118	0.0118536286295976	2
"pt_3_eq"	71.2402946170488	15.9076327099902	0.000231557789660897	9
"pt_3_ard"	80.7422195183816	25.4095576113231	2.00144020332109e-06	2
