"AICc"	"Delta_AICc"	"AICcWt"	"K_rates"
"pt_1_eq"	55.1882029633235	0	0.657905250638921	1
"pt_1_ard"	56.9854861160509	1.79728315272742	0.267847917816318	2
"pt_2_eq"	59.8907423551677	4.7025393918442	0.0626642574856756	4
"pt_2_ard"	63.2892869217008	8.10108395837729	0.0114560611243439	2
"pt_3_eq"	72.3337518212503	17.1455488579267	0.00012446714369189	9
"pt_3_ard"	80.550266298894	25.3620633355705	2.04579104989732e-06	2
