"AICc"	"Delta_AICc"	"AICcWt"	"K_rates"
"pt_1_eq"	55.1660703450152	0	0.690562822830757	1
"pt_1_ard"	57.0139575679264	1.84788722291128	0.274119279665554	2
"pt_2_eq"	61.7795207363127	6.61345039129756	0.0252994271886933	4
"pt_2_ard"	63.6710752202192	8.50500487520404	0.00982573056508922	2
"pt_3_eq"	71.5588526779108	16.3927823328957	0.000190351252520185	9
"pt_3_ard"	80.3152658844575	25.1491955394424	2.38849738644721e-06	2
