"AICc"	"Delta_AICc"	"AICcWt"	"K_rates"
"pt_1_eq"	56.4964610482462	0	0.695197985117461	1
"pt_1_ard"	58.4751364810368	1.97867543279059	0.258490504261099	2
"pt_2_eq"	63.0996356513311	6.60317460308492	0.0256004357833308	4
"pt_2_ard"	63.5523460146967	7.0558849664505	0.0204146788270638	2
"pt_3_eq"	72.0838308031158	15.5873697548696	0.000286651467039011	9
"pt_3_ard"	78.8469498789991	22.3504888307529	9.74454400621442e-06	2
