"AICc"	"Delta_AICc"	"AICcWt"	"K_rates"
"pt_1_eq"	58.5939818895103	0	0.64899123370983	1
"pt_1_ard"	60.6339604046493	2.03997851513893	0.234025469081291	2
"pt_2_eq"	62.2433035278844	3.64932163837406	0.104664331872948	4
"pt_2_ard"	66.5591039566962	7.9651220671859	0.0120957986782934	2
"pt_3_eq"	74.6025202935165	16.0085384040062	0.000216784828139653	9
"pt_3_ard"	81.6534212433047	23.0594393537943	6.38182949732533e-06	2
