"AICc"	"Delta_AICc"	"AICcWt"	"K_rates"
"pt_1_eq"	56.3254845506827	0	0.691548434984038	1
"pt_1_ard"	58.1484688437047	1.82298429302196	0.277949945550239	2
"pt_2_eq"	62.9389345686405	6.61345001795777	0.0253355407586964	4
"pt_2_ard"	66.2368604510398	9.91137590035711	0.00487073690982991	2
"pt_3_eq"	71.8829221366464	15.5574375859637	0.000289446268286462	9
"pt_3_ard"	79.6704729887595	23.3449884380768	5.89552891114255e-06	2
