"AICc"	"Delta_AICc"	"AICcWt"	"K_rates"
"pt_1_eq"	57.1468458131627	0	0.698356948335949	1
"pt_1_ard"	59.1065895249043	1.95974371174166	0.262134702541503	2
"pt_2_eq"	63.7602957307335	6.61344991757084	0.0255849784652875	4
"pt_2_ard"	65.0170923265455	7.87024651338279	0.0136481926006864	2
"pt_3_eq"	72.8638087227118	15.7169629095491	0.000269887224189901	9
"pt_3_ard"	80.7278659219504	23.5810201087878	5.29083238385701e-06	2
