"AICc"	"Delta_AICc"	"AICcWt"	"K_rates"
"pt_1_eq"	56.6632367769267	0	0.661031771241508	1
"pt_1_ard"	58.5349223010168	1.87168552409018	0.259293115553276	2
"pt_2_eq"	61.2348816056741	4.57164482874743	0.0672205826281257	4
"pt_2_ard"	64.6281951588746	7.96495838194793	0.0123212167221158	2
"pt_3_eq"	73.7570380477713	17.0938012708446	0.000128336606138795	9
"pt_3_ard"	80.2565965516829	23.5933597747562	4.97724883552857e-06	2
