"AICc"	"Delta_AICc"	"AICcWt"	"K_rates"
"pt_1_eq"	56.4925280272891	0	0.665688245462569	1
"pt_1_ard"	58.2812754126337	1.78874738534466	0.272175687678714	2
"pt_2_eq"	61.427316857257	4.93478882996795	0.0564540507411442	4
"pt_2_ard"	66.0939788590526	9.60145083176352	0.00547447316312664	2
"pt_3_eq"	72.6759302684967	16.1834022412077	0.000203746305495608	9
"pt_3_ard"	80.6414438620529	24.1489158347638	3.79664895089418e-06	2
