"AICc"	"Delta_AICc"	"AICcWt"	"K_rates"
"pt_1_eq"	55.5701271394901	0	0.686911365204304	1
"pt_1_ard"	57.4042264933758	1.83409935388565	0.274556093996275	2
"pt_2_eq"	62.1733017345119	6.60317459502181	0.0252952838487838	4
"pt_2_ard"	63.5086312619819	7.93850412249181	0.0129740759071038	2
"pt_3_eq"	71.3528329719984	15.7827058325083	0.000256879635147376	9
"pt_3_ard"	78.7685019073773	23.1983747678872	6.30140838613294e-06	2
