"AICc"	"Delta_AICc"	"AICcWt"	"K_rates"
"pt_1_eq"	57.3095320435771	0	0.644463830934855	1
"pt_1_ard"	59.3286224554862	2.01909041190903	0.234832735121024	2
"pt_2_eq"	60.9350224204103	3.62549037683316	0.105180036250626	4
"pt_2_ard"	64.8108791616476	7.50134711807051	0.0151461313391699	6
"pt_3_eq"	72.2308770399115	14.9213449963344	0.000370740175636234	9
"pt_3_ard"	80.3102368460747	23.0007048024976	6.52617868950234e-06	12
