"AICc"	"Delta_AICc"	"AICcWt"	"K_rates"
"pt_1_eq"	55.0507512520897	0	0.700052184680724	1
"pt_1_ard"	56.9673339258517	1.91658267376197	0.268503391439204	2
"pt_2_eq"	61.6539258539833	6.60317460189363	0.025779190091505	4
"pt_2_ard"	64.7759538671543	9.72520261506465	0.00541164749527396	2
"pt_3_eq"	70.9361860037821	15.8854347516924	0.000248686429839663	9
"pt_3_ard"	78.7901568975409	23.7394056454512	4.89986345335061e-06	2
