"AICc"	"Delta_AICc"	"AICcWt"	"K_rates"
"pt_1_eq"	55.3025139707128	0	0.69820409646425	1
"pt_1_ard"	57.1785028991179	1.87598892840514	0.273285489438628	2
"pt_2_eq"	61.9056885477045	6.60317457699173	0.0257111351744937	4
"pt_2_ard"	66.433229249594	11.1307152788812	0.0026728727287636	6
"pt_3_eq"	72.6028438182558	17.300329847543	0.000122254118511505	9
"pt_3_ard"	79.3678308636582	24.0653168929454	4.15207535316595e-06	12
