"AICc"	"Delta_AICc"	"AICcWt"	"K_rates"
"pt_1_eq"	59.1562623075093	0	0.638907473675812	1
"pt_1_ard"	61.0678995359187	1.91163722840946	0.245658173511945	2
"pt_2_eq"	62.6573733911248	3.50111108361546	0.110963809039172	4
"pt_2_ard"	69.2525441564339	10.0962818489246	0.00410259098141042	2
"pt_3_eq"	74.1110458650167	14.9547835575074	0.000361449792544355	9
"pt_3_ard"	82.1467652102655	22.9905029027562	6.5029991154673e-06	2
