"AICc"	"Delta_AICc"	"AICcWt"	"K_rates"
"pt_1_eq"	56.6933449879164	0	0.674316948747633	1
"pt_1_ard"	58.5883917335553	1.89504674563892	0.261432697103853	2
"pt_2_eq"	61.5798832165882	4.88653822867179	0.0585822140735951	4
"pt_2_ard"	66.3396338682325	9.64628888031609	0.00542249374715468	2
"pt_3_eq"	72.5575608336738	15.8642158457574	0.000242099211458853	9
"pt_3_ard"	81.0039861176818	24.3106411297654	3.54711630468342e-06	2
