"AICc"	"Delta_AICc"	"AICcWt"	"K_rates"
"pt_1_eq"	55.4584638328877	0	0.686963169173823	1
"pt_1_ard"	57.29021761417	1.83175378128226	0.274899008677255	2
"pt_2_eq"	61.501447243743	6.04298341085529	0.0334746680193473	4
"pt_2_ard"	65.4782176188702	10.0197537859825	0.00458322906940969	2
"pt_3_eq"	73.6144221709129	18.1559583380251	7.84182585299221e-05	9
"pt_3_ard"	81.5185571859871	26.0600933530993	1.50680163530267e-06	2
