"AICc"	"Delta_AICc"	"AICcWt"	"K_rates"
"pt_1_eq"	58.1234864773688	0	0.606051416031362	1
"pt_1_ard"	60.2255001256016	2.10201364823282	0.211866848299098	2
"pt_2_eq"	60.8010019434215	2.6775154660527	0.158889198478207	4
"pt_2_ard"	64.6887867132809	6.56530023591208	0.0227443032955751	2
"pt_3_eq"	72.5683350094965	14.4448485321277	0.00044243600845293	9
"pt_3_ard"	81.2379395033899	23.1144530260211	5.79788730466517e-06	2
