"AICc"	"Delta_AICc"	"AICcWt"	"K_rates"
"pt_1_eq"	56.0777676227603	0	0.669386744113309	1
"pt_1_ard"	57.9138461132526	1.83607849049225	0.267286934040716	2
"pt_2_eq"	61.1234356591654	5.0456680364051	0.0537061740411556	4
"pt_2_ard"	64.6024452097395	8.52467758697917	0.00943119858962613	2
"pt_3_eq"	72.4474632801447	16.3696956573844	0.000186656389301476	9
"pt_3_ard"	81.246432011579	25.1686643888187	2.29282589141355e-06	2
