"AICc"	"Delta_AICc"	"AICcWt"	"K_rates"
"pt_1_eq"	55.0495157929541	0	0.656116060705273	1
"pt_1_ard"	56.9251968694236	1.87568107646945	0.256851258556291	2
"pt_2_eq"	59.3890428674921	4.33952707453798	0.0749314846370321	4
"pt_2_ard"	63.0831924585684	8.03367666561432	0.0118165295703169	2
"pt_3_eq"	70.5797906797909	15.5302748868368	0.000278371215542172	9
"pt_3_ard"	78.1580901560176	23.1085743630635	6.29531554513701e-06	2
