"AICc"	"Delta_AICc"	"AICcWt"	"K_rates"
"pt_1_eq"	57.1003882027709	0	0.65526720230038	1
"pt_1_ard"	58.9365379941056	1.83614979133469	0.261639656239888	2
"pt_2_eq"	61.5440811896109	4.44369298683995	0.0710366969149088	4
"pt_2_ard"	65.1164112088261	8.01602300605512	0.0119058704293016	2
"pt_3_eq"	73.9087801685397	16.8083919657687	0.000146731207265816	9
"pt_3_ard"	81.1935260741127	24.0931378713417	3.84290825570057e-06	2
