"AICc"	"Delta_AICc"	"AICcWt"	"K_rates"
"pt_1_eq"	57.0935524599682	0	0.664346137392281	1
"pt_1_ard"	59.1367742889751	2.04322182900693	0.239174255888768	2
"pt_2_eq"	61.2467657600231	4.15321330005489	0.0832790198476897	4
"pt_2_ard"	64.9737603730441	7.88020791307591	0.0129190032606096	6
"pt_3_eq"	72.6666579601533	15.5731055001852	0.000275890992721401	9
"pt_3_ard"	80.4283291564917	23.3347766965235	5.69261793086214e-06	12
