"AICc"	"Delta_AICc"	"AICcWt"	"K_rates"
"pt_1_eq"	56.7077635384239	0	0.703091219759859	1
"pt_1_ard"	58.6987138253839	1.99095028696009	0.259825823718255	2
"pt_2_eq"	63.3109462257446	6.60318268732077	0.025890996882746	4
"pt_2_ard"	65.0283078392856	8.32054430086179	0.0109705508889733	2
"pt_3_eq"	72.8720076904157	16.1642441519918	0.000217265442694298	9
"pt_3_ard"	80.7912586280497	24.0834950896258	4.14330747298631e-06	2
