"AICc"	"Delta_AICc"	"AICcWt"	"K_rates"
"pt_1_eq"	56.8686885091231	0	0.642255571012001	1
"pt_1_ard"	58.9181353584454	2.04944684932229	0.230502771333258	2
"pt_2_eq"	60.3694332565736	3.50074474745057	0.111565731394825	4
"pt_2_ard"	64.3386885348097	7.47000002568664	0.0153326769197029	2
"pt_3_eq"	71.9807480033455	15.1120594942224	0.000335865855960722	9
"pt_3_ard"	79.6156803911177	22.7469918819946	7.38348425260976e-06	2
