"AICc"	"Delta_AICc"	"AICcWt"	"K_rates"
"pt_1_eq"	56.4223967050057	0	0.690547192520597	1
"pt_1_ard"	58.3394296489641	1.91703294395838	0.264798151676916	2
"pt_2_eq"	62.2142234782146	5.79182677320891	0.0381517233358706	4
"pt_2_ard"	65.8010813974027	9.37868469239698	0.00634801375665755	2
"pt_3_eq"	73.2620167884303	16.8396200834246	0.000152235635376411	9
"pt_3_ard"	81.3389491566709	24.9165524516652	2.68307458213597e-06	2
