"AICc"	"Delta_AICc"	"AICcWt"	"K_rates"
"pt_1_eq"	55.1552701838256	0	0.670946838937467	1
"pt_1_ard"	57.1454404689957	1.99017028517008	0.248043656420706	2
"pt_2_eq"	59.6594976600967	4.50422747627113	0.0705679566091822	4
"pt_2_ard"	63.5279816835348	8.3727114997092	0.01019945367272	2
"pt_3_eq"	71.0528190518265	15.8975488680009	0.000236907732786041	9
"pt_3_ard"	78.6959933379398	23.5407231541141	5.1866271395172e-06	2
