"AICc"	"Delta_AICc"	"AICcWt"	"K_rates"
"pt_1_eq"	56.7105675360102	0	0.693709225028219	1
"pt_1_ard"	58.5602524773658	1.8496849413556	0.27512083961179	2
"pt_2_eq"	63.3240174998063	6.61344996379611	0.025414704064439	4
"pt_2_ard"	66.377092841165	9.66652530515482	0.00552227678345807	2
"pt_3_eq"	72.7452791367092	16.034711600699	0.000228709437775387	9
"pt_3_ard"	80.7186652173686	24.0080976813583	4.24507431845519e-06	2
