"AICc"	"Delta_AICc"	"AICcWt"	"K_rates"
"pt_1_eq"	55.4117065994347	0	0.678449961258769	1
"pt_1_ard"	57.4073094030586	1.99560280362391	0.250137139554565	2
"pt_2_eq"	60.2083820365284	4.79667543709365	0.0616499863958329	4
"pt_2_ard"	63.9364527244596	8.52474612502485	0.00955856551408833	2
"pt_3_eq"	71.6719623751373	16.2602557757026	0.000199824227699481	9
"pt_3_ard"	79.2484659444647	23.83675934503	4.52304904523922e-06	2
