"AICc"	"Delta_AICc"	"AICcWt"	"K_rates"
"pt_1_eq"	57.1215798242097	0	0.671791581534301	1
"pt_1_ard"	58.9961221107768	1.87454228656707	0.263137577194391	2
"pt_2_eq"	61.9734258156762	4.85184599146642	0.0593840190232503	4
"pt_2_ard"	66.7425397841649	9.62095995995517	0.00547103693392742	2
"pt_3_eq"	73.2429801723354	16.1214003481257	0.000212088417374093	9
"pt_3_ard"	81.3419991679506	24.2204193437408	3.69689675550256e-06	2
