"AICc"	"Delta_AICc"	"AICcWt"	"K_rates"
"pt_1_eq"	57.408151433799	0	0.659462666976952	1
"pt_1_ard"	59.2561141921171	1.84796275831803	0.261764169846543	2
"pt_2_eq"	61.9386479724431	4.53049653864403	0.068455034095801	4
"pt_2_ard"	65.7626587515246	8.35450731772558	0.0101165399540204	2
"pt_3_eq"	73.6333696052528	16.2252181714538	0.000197664580386927	9
"pt_3_ard"	81.4720112139655	24.0638597801664	3.92454629680654e-06	2
