"AICc"	"Delta_AICc"	"AICcWt"	"K_rates"
"pt_1_eq"	56.1479541826121	0	0.675858038846846	1
"pt_1_ard"	58.0114892313885	1.86353504877636	0.26619138109849	2
"pt_2_eq"	61.246519218276	5.09856503566386	0.0528099982959743	4
"pt_2_ard"	65.9783990051186	9.83044482250646	0.00495680133729537	2
"pt_3_eq"	72.6098846033227	16.4619304207106	0.00017996693164157	9
"pt_3_ard"	80.3183414137705	24.1703872311584	3.81348975338502e-06	2
