"AICc"	"Delta_AICc"	"AICcWt"	"K_rates"
"pt_1_eq"	58.2851972964319	0	0.685113621933661	1
"pt_1_ard"	60.0797151629861	1.79451786655424	0.27931097383293	2
"pt_2_eq"	64.8986472520949	6.61344995566304	0.025099795987372	4
"pt_2_ard"	66.66351796118	8.3783206647481	0.0103856429162124	2
"pt_3_eq"	76.249378379237	17.9641810828052	8.60776188112924e-05	9
"pt_3_ard"	82.4442361341945	24.1590388377626	3.88771101354541e-06	2
