"AICc"	"Delta_AICc"	"AICcWt"	"K_rates"
"pt_1_eq"	57.6755727968096	0	0.657791264199154	1
"pt_1_ard"	59.5511850753125	1.87561227850289	0.257515912441977	2
"pt_2_eq"	62.0766800809377	4.40110728412818	0.0728450083893457	4
"pt_2_ard"	65.7326700800546	8.05709728324505	0.0117087802808969	2
"pt_3_eq"	74.6586302953019	16.9830574984923	0.000134978321366472	9
"pt_3_ard"	81.6682830426217	23.9927102458121	4.0563672595384e-06	2
