"AICc"	"Delta_AICc"	"AICcWt"	"K_rates"
"pt_1_eq"	56.2149974297795	0	0.66722895232915	1
"pt_1_ard"	58.0184773385636	1.80347990878417	0.270803452302686	2
"pt_2_eq"	61.3297249498661	5.11472752008666	0.051716117521957	4
"pt_2_ard"	64.587046848137	8.37204941835757	0.0101462941932014	2
"pt_3_eq"	73.762412325236	17.5474148954566	0.000103252874860177	9
"pt_3_ard"	81.7209282640042	25.5059308342248	1.93077814529674e-06	2
