"AICc"	"Delta_AICc"	"AICcWt"	"K_rates"
"pt_1_eq"	55.641322983882	0	0.655810950826935	1
"pt_1_ard"	57.5561619933274	1.91483900944542	0.251754160549154	2
"pt_2_eq"	59.6891010998656	4.04777811598366	0.0866592277235146	4
"pt_2_ard"	65.2188520908025	9.57752910692054	0.00545813965535672	6
"pt_3_eq"	70.9516877273946	15.3103647435126	0.000310581227657037	9
"pt_3_ard"	78.5539701087211	22.9126471248392	6.94001738291526e-06	12
