"AICc"	"Delta_AICc"	"AICcWt"	"K_rates"
"pt_1_eq"	55.8900950474186	0	0.616020056536375	1
"pt_1_ard"	57.8509694925765	1.9608744451579	0.231098100933498	2
"pt_2_eq"	58.9631084456017	3.07301339818308	0.132525200954484	4
"pt_2_ard"	62.7503089256469	6.86021387822831	0.0199488716572315	2
"pt_3_eq"	70.5383633412698	14.6482682938512	0.000406222343737321	9
"pt_3_ard"	81.6787866913216	25.788691643903	1.54757467451039e-06	2
