"AICc"	"Delta_AICc"	"AICcWt"	"K_rates"
"pt_1_eq"	56.5516894237131	0	0.64720273266807	1
"pt_1_ard"	58.4715934553557	1.91990403164264	0.24782121333434	2
"pt_2_eq"	60.2949106303047	3.74322120659161	0.0995887279240483	4
"pt_2_ard"	66.2016241094841	9.64993468577107	0.00519497724902372	2
"pt_3_eq"	72.8651906627359	16.3135012390229	0.000185613071738788	9
"pt_3_ard"	79.4976600078234	22.9459705841104	6.73575277996825e-06	2
