"AICc"	"Delta_AICc"	"AICcWt"	"K_rates"
"pt_1_eq"	58.2047631136947	0	0.666944361121831	1
"pt_1_ard"	60.0328327923351	1.82806967864034	0.267380245709544	2
"pt_2_eq"	63.0159218932554	4.8111587795607	0.0601671929433205	4
"pt_2_ard"	67.8479835455067	9.64322043181199	0.00537144204610798	2
"pt_3_eq"	75.2703893161992	17.0656262025044	0.000131321537887524	9
"pt_3_ard"	81.6393639959549	23.4346008822602	5.43664130856055e-06	2
