"AICc"	"Delta_AICc"	"AICcWt"	"K_rates"
"pt_1_eq"	58.1565560488372	0	0.66304012849513	1
"pt_1_ard"	60.131732238525	1.97517618968782	0.246965195833781	2
"pt_2_eq"	62.435948401461	4.27939235262382	0.0780335870862281	4
"pt_2_ard"	66.2316829688449	8.07512692000778	0.011696294169522	2
"pt_3_eq"	73.8400168884281	15.683460839591	0.00026056709050903	9
"pt_3_ard"	82.0825989044092	23.926042855572	4.22732483037516e-06	2
