"AICc"	"Delta_AICc"	"AICcWt"	"K_rates"
"pt_1_eq"	57.047517920084	0	0.60268265779017	1
"pt_1_ard"	59.0244746070623	1.97695668697835	0.224283851174373	2
"pt_2_eq"	59.7965116258099	2.74899370572592	0.152458729472684	4
"pt_2_ard"	63.8449697762782	6.79745185619422	0.0201391334042797	2
"pt_3_eq"	71.5405156062781	14.4929976861942	0.000429510943944001	9
"pt_3_ard"	80.0435963419394	22.9960784218554	6.11721454940101e-06	2
