"AICc"	"Delta_AICc"	"AICcWt"	"K_rates"
"pt_1_eq"	57.4967878642068	0	0.678489957899217	1
"pt_1_ard"	59.3137767555791	1.81698889137234	0.27352013339707	2
"pt_2_eq"	62.9993415838255	5.5025537196187	0.0433190641586162	4
"pt_2_ard"	67.4909374808743	9.9941496166675	0.00458502184610944	2
"pt_3_eq"	75.4901231968463	17.9933353326395	8.40118022024995e-05	9
"pt_3_ard"	83.1643934112767	25.6676055470699	1.81089678548171e-06	2
