"AICc"	"Delta_AICc"	"AICcWt"	"K_rates"
"pt_1_eq"	54.0889191612903	0	0.697036934668489	1
"pt_1_ard"	55.9726357434712	1.88371658218081	0.271776519523314	2
"pt_2_eq"	60.7023695317129	6.61345037042258	0.0255366127128722	4
"pt_2_ard"	63.7732611109154	9.68434194962507	0.00549955635061319	2
"pt_3_eq"	71.0068730766698	16.9179539153795	0.000147764046562604	9
"pt_3_ard"	79.0773395984204	24.98842043713	2.61269814839338e-06	2
