"AICc"	"Delta_AICc"	"AICcWt"	"K_rates"
"pt_1_eq"	58.1349313320213	0	0.698592686080429	1
"pt_1_ard"	60.0845070722093	1.94957574018798	0.263559722414273	2
"pt_2_eq"	64.7483812638598	6.61344993183841	0.0255936147617041	4
"pt_2_ard"	66.2685362610411	8.13360492901976	0.0119683468039222	2
"pt_3_eq"	73.7505949258999	15.6156635938785	0.000284004858373967	9
"pt_3_ard"	84.0774619285955	25.9425305965742	1.62508129726698e-06	2
