"AICc"	"Delta_AICc"	"AICcWt"	"K_rates"
"pt_1_eq"	56.0990403179804	0	0.695327750825248	1
"pt_1_ard"	57.9582521427344	1.85921182475402	0.274452280950352	2
"pt_2_eq"	62.712490237399	6.61344991941861	0.0254740008775383	4
"pt_2_ard"	66.1555500750047	10.0565097570243	0.0045545577724244	2
"pt_3_eq"	72.5323950070042	16.4333546890238	0.00018781571689244	9
"pt_3_ard"	80.4448652109236	24.3458248929432	3.59385754555647e-06	2
