"AICc"	"Delta_AICc"	"AICcWt"	"K_rates"
"pt_1_eq"	55.6061805453431	0	0.671085790056246	1
"pt_1_ard"	57.5010042498709	1.89482370452774	0.260208993835713	2
"pt_2_eq"	60.5150253073083	4.90884476196522	0.0576548632786238	4
"pt_2_ard"	63.8491609284827	8.24298038313963	0.0108852296386507	2
"pt_3_eq"	72.2782460179471	16.672065472604	0.000160873690417845	9
"pt_3_ard"	79.5458822467641	23.939701701421	4.249500349085e-06	2
