"AICc"	"Delta_AICc"	"AICcWt"	"K_rates"
"pt_1_eq"	58.6015970125235	0	0.64616162118329	1
"pt_1_ard"	60.4797575948567	1.87816058233322	0.252640964684236	2
"pt_2_eq"	62.6657861033045	4.06418909078101	0.0846864078445745	4
"pt_2_ard"	65.9552970870714	7.35370007454785	0.0163495377178711	2
"pt_3_eq"	75.2650732103952	16.6634761978717	0.000155565496162545	9
"pt_3_ard"	81.8082604717	23.2066634591765	5.903073865979e-06	2
