"AICc"	"Delta_AICc"	"AICcWt"	"K_rates"
"pt_1_eq"	56.419654628793	0	0.694856480784892	1
"pt_1_ard"	58.3407185774355	1.92106394864246	0.265914106157032	2
"pt_2_eq"	63.0228296310167	6.60317500222371	0.0255878548927235	4
"pt_2_ard"	64.30144036694	7.88178573814698	0.0135016574596755	2
"pt_3_eq"	73.5362753343158	17.1166207055227	0.000133373071194218	9
"pt_3_ard"	79.5704865827177	23.1508319539247	6.52763448225277e-06	2
