"AICc"	"Delta_AICc"	"AICcWt"	"K_rates"
"pt_1_eq"	55.9956126008673	0	0.668569186199666	1
"pt_1_ard"	57.80008221307	1.80446961220278	0.271213159948964	2
"pt_2_eq"	61.2049453250778	5.20933272421048	0.0494258478790107	4
"pt_2_ard"	64.2870021674949	8.29138956662768	0.010585076190842	2
"pt_3_eq"	72.1833981362995	16.1877855354323	0.000204180089716921	9
"pt_3_ard"	80.9494579513578	24.9538453504905	2.54969180125454e-06	2
