"AICc"	"Delta_AICc"	"AICcWt"	"K_rates"
"pt_1_eq"	56.1317725301487	0	0.649931262165315	1
"pt_1_ard"	58.0681657277644	1.9363931976157	0.24682263653296	2
"pt_2_eq"	59.9249787821388	3.79320625199009	0.0975400907615828	4
"pt_2_ard"	65.7237685978738	9.59199606772509	0.00537021837226519	2
"pt_3_eq"	71.3153988947722	15.1836263646235	0.000327932798067882	9
"pt_3_ard"	78.7776034490568	22.6458309189081	7.8593698094413e-06	2
