"AICc"	"Delta_AICc"	"AICcWt"	"K_rates"
"pt_1_eq"	57.7841367645663	0	0.64049940192598	1
"pt_1_ard"	59.7021800585949	1.91804329402851	0.245482715770093	2
"pt_2_eq"	61.5026605910637	3.7185238264974	0.0997818471338412	4
"pt_2_ard"	65.4373066005959	7.65316983602954	0.0139525637055858	2
"pt_3_eq"	73.2739986074841	15.4898618429178	0.000277292399997941	9
"pt_3_ard"	80.8818099278837	23.0976731633173	6.17906450180432e-06	2
