"AICc"	"Delta_AICc"	"AICcWt"	"K_rates"
"pt_1_eq"	55.3289700698486	0	0.693335832567339	1
"pt_1_ard"	57.1682684607507	1.83929839090213	0.27640447808682	2
"pt_2_eq"	61.9424203706503	6.61345030080172	0.0254010201926873	4
"pt_2_ard"	65.3195706762009	9.99060060635229	0.00469366715125013	2
"pt_3_eq"	72.0386188721297	16.7096488022811	0.000163113351406804	9
"pt_3_ard"	80.955784501845	25.6268144319964	1.88865049772627e-06	2
