"AICc"	"Delta_AICc"	"AICcWt"	"K_rates"
"pt_1_eq"	56.3215270295941	0	0.640476405243167	1
"pt_1_ard"	58.2698234954722	1.94829646587818	0.241788662629068	2
"pt_2_eq"	60.0252374443709	3.70371041477687	0.100520036445199	4
"pt_2_ard"	63.5781906602577	7.25666363066362	0.0170113448789159	2
"pt_3_eq"	72.5088525688568	16.1873255392627	0.000195645586836265	9
"pt_3_ard"	78.9264163573219	22.6048893277278	7.90521681409749e-06	2
