"AICc"	"Delta_AICc"	"AICcWt"	"K_rates"
"pt_1_eq"	56.1969236689747	0	0.702900536131725	1
"pt_1_ard"	58.2464249344301	2.0495012654554	0.252261125722184	2
"pt_2_eq"	62.8000982547311	6.60317458575638	0.0258840799001718	4
"pt_2_ard"	63.4732936787793	7.27637000980462	0.0184863087775496	2
"pt_3_eq"	70.8593257354104	14.6624020664357	0.000460249918340244	9
"pt_3_ard"	79.040541241971	22.8436175729963	7.69955002937115e-06	2
