"AICc"	"Delta_AICc"	"AICcWt"	"K_rates"
"pt_1_eq"	56.1984306196737	0	0.654324969032555	1
"pt_1_ard"	58.2072635084971	2.00883288882332	0.239651953772293	2
"pt_2_eq"	60.1200611095776	3.92163048990386	0.0920920736973082	4
"pt_2_ard"	63.9336847433461	7.73525412367239	0.0136805766044601	2
"pt_3_eq"	71.9710581609698	15.7726275412961	0.000245929677421524	9
"pt_3_ard"	79.9742323623302	23.7758017426564	4.49721596217245e-06	2
