"AICc"	"Delta_AICc"	"AICcWt"	"K_rates"
"pt_1_eq"	59.4486694439981	0	0.559378176560632	1
"pt_1_ard"	61.1704225685239	1.72175312452583	0.236500235929136	2
"pt_2_eq"	61.6837331618116	2.23506371781352	0.182964822735351	4
"pt_2_ard"	66.0447438345278	6.59607439052973	0.0206721745740314	2
"pt_3_eq"	73.5749494934795	14.1262800494814	0.000478875679524696	9
"pt_3_ard"	82.4318104653857	22.9831410213876	5.71452132491608e-06	2
