"AICc"	"Delta_AICc"	"AICcWt"	"K_rates"
"pt_1_eq"	55.6769947001656	0	0.6762785071695	1
"pt_1_ard"	57.6839046979137	2.0069099977481	0.24793087690995	2
"pt_2_eq"	60.3300177803174	4.65302308015185	0.0660289606807331	4
"pt_2_ard"	64.1810763362556	8.50408163609004	0.00962692794420259	6
"pt_3_eq"	72.759526738259	17.0825320380935	0.000132038592065238	9
"pt_3_ard"	80.5475969751008	24.8706022749353	2.68870354946536e-06	12
