"AICc"	"Delta_AICc"	"AICcWt"	"K_rates"
"pt_1_eq"	56.4511405444328	0	0.701259837340733	1
"pt_1_ard"	58.3828534850296	1.93171294059683	0.266939492997995	2
"pt_2_eq"	63.0645903007363	6.61344975630355	0.0256913306674925	4
"pt_2_ard"	66.0264274085351	9.5752868641023	0.00584294559846679	2
"pt_3_eq"	72.243868875938	15.7927283315052	0.000260934547043446	9
"pt_3_ard"	79.9779324169145	23.5267918724817	5.45884826905924e-06	2
