"AICc"	"Delta_AICc"	"AICcWt"	"K_rates"
"pt_1_eq"	57.3104683870584	0	0.63936631480153	1
"pt_1_ard"	59.3524064897579	2.04193810269948	0.230328949274008	2
"pt_2_eq"	60.7456695802629	3.43520119320446	0.114763897890756	4
"pt_2_ard"	64.789215559031	7.47874717197251	0.0151970900696608	6
"pt_3_eq"	72.4092628392078	15.0987944521494	0.00033657991361609	9
"pt_3_ard"	80.1076666287401	22.7971982416817	7.16805042844925e-06	12
