"AICc"	"Delta_AICc"	"AICcWt"	"K_rates"
"pt_1_eq"	56.7176703148242	0	0.656897886208723	1
"pt_1_ard"	58.5902471950968	1.87257688027257	0.257556764875836	2
"pt_2_eq"	61.1239814931924	4.40631117836815	0.0725570386745343	4
"pt_2_ard"	64.6027945095749	7.88512419475074	0.0127428009999801	2
"pt_3_eq"	72.5487140033655	15.8310436885412	0.00023978963467317	9
"pt_3_ard"	80.0204381045128	23.3027677896886	5.71960625339339e-06	2
