"AICc"	"Delta_AICc"	"AICcWt"	"K_rates"
"pt_1_eq"	54.4322628271973	0	0.664485078010594	1
"pt_1_ard"	56.2882077969336	1.85594496973626	0.262707156144122	2
"pt_2_eq"	59.1768065588105	4.74454373161319	0.061975587414682	4
"pt_2_ard"	62.6882274773919	8.25596465019458	0.0107084173115245	2
"pt_3_eq"	71.7075279762893	17.2752651490919	0.000117817300807448	9
"pt_3_ard"	77.6810947622853	23.2488319350879	5.94381827067174e-06	2
