"AICc"	"Delta_AICc"	"AICcWt"	"K_rates"
"pt_1_eq"	57.4831873574253	0	0.657847834454836	1
"pt_1_ard"	59.3116640988334	1.82847674140805	0.263679744897318	2
"pt_2_eq"	62.0932826794402	4.61009532201482	0.0656229832457691	4
"pt_2_ard"	65.3943341611474	7.9111468037221	0.0125962638241452	2
"pt_3_eq"	73.2483706946951	15.7651833372697	0.000248175773767531	9
"pt_3_ard"	81.0586479178589	23.5754605604336	4.99780416373685e-06	2
