"AICc"	"Delta_AICc"	"AICcWt"	"K_rates"
"pt_1_eq"	57.2962044442979	0	0.698435332768954	1
"pt_1_ard"	59.22621184001	1.93000739571209	0.266091143920761	2
"pt_2_eq"	63.9096544154902	6.61344997119232	0.0255878494683497	4
"pt_2_ard"	65.8511753924444	8.55497094814651	0.00969254584205054	2
"pt_3_eq"	73.7206863113988	16.4244818671009	0.000189493920023342	9
"pt_3_ard"	81.6286882987038	24.3324838544059	3.63407986192236e-06	2
