"AICc"	"Delta_AICc"	"AICcWt"	"K_rates"
"pt_1_eq"	60.1034001390514	0	0.707669253522927	1
"pt_1_ard"	62.2171540324661	2.11375389341473	0.245943019682059	2
"pt_2_eq"	66.7168501075599	6.61344996850858	0.0259261430618552	4
"pt_2_ard"	67.2335669901497	7.13016685109829	0.0200232360753973	2
"pt_3_eq"	74.9168036791841	14.8134035401327	0.000429675527836432	9
"pt_3_ard"	82.7226355006136	22.6192353615622	8.67212992492082e-06	2
