"AICc"	"Delta_AICc"	"AICcWt"	"K_rates"
"pt_1_eq"	57.2585460392187	0	0.69276080989217	1
"pt_1_ard"	59.1176086560762	1.85906261685748	0.273459486068217	2
"pt_2_eq"	63.8719960045899	6.61344996537114	0.0253799579445828	4
"pt_2_ard"	66.1314653073964	8.8729192681777	0.00820074623052152	2
"pt_3_eq"	73.6063505035457	16.347804464327	0.000195300194690096	9
"pt_3_ard"	81.5389390180507	24.280392978832	3.69966981880249e-06	2
