"AICc"	"Delta_AICc"	"AICcWt"	"K_rates"
"pt_1_eq"	56.7538311583806	0	0.671093695944996	1
"pt_1_ard"	58.56590922227	1.81207806388938	0.27120357321756	2
"pt_2_eq"	61.9770920485271	5.22326089014648	0.0492681741800611	4
"pt_2_ard"	65.552214296228	8.79838313784742	0.00824590896710896	2
"pt_3_eq"	73.1321575479215	16.3783263895409	0.000186326562704836	9
"pt_3_ard"	81.9030530651859	25.1492219068053	2.32112756982564e-06	2
