"AICc"	"Delta_AICc"	"AICcWt"	"K_rates"
"pt_1_eq"	55.0291000399926	0	0.699325943006384	1
"pt_1_ard"	56.9408322585561	1.91173221856343	0.268876138873105	2
"pt_2_eq"	61.6322746317871	6.60317459179442	0.0257524466121611	4
"pt_2_ard"	64.610416042558	9.58131600256535	0.00580929331697153	2
"pt_3_eq"	71.0337585347007	16.0046584947081	0.000234051918384627	9
"pt_3_ard"	80.4361031048436	25.407003064851	2.1262729942139e-06	2
