"AICc"	"Delta_AICc"	"AICcWt"	"K_rates"
"pt_1_eq"	57.570474895386	0	0.705622012479408	1
"pt_1_ard"	59.6579098571427	2.08743496175669	0.248479965399611	2
"pt_2_eq"	64.1736494666995	6.60317457131355	0.0259842975547381	4
"pt_2_ard"	64.7563465257234	7.18587163033742	0.0194169012618839	2
"pt_3_eq"	72.125189740163	14.554714844777	0.000487591301301907	9
"pt_3_ard"	80.0587927736311	22.4883178782452	9.23200305694045e-06	2
