"AICc"	"Delta_AICc"	"AICcWt"	"K_rates"
"pt_1_eq"	59.1157109071335	0	0.653846093683805	1
"pt_1_ard"	61.0242449183555	1.90853401122191	0.251792412318399	2
"pt_2_eq"	63.3331860005213	4.21747509338775	0.0793711098549155	4
"pt_2_ard"	66.7063204413574	7.59060953422389	0.0146958806392655	2
"pt_3_eq"	74.5711604270089	15.4554495198754	0.000287983305674632	9
"pt_3_ard"	82.1471559822869	23.0314450751533	6.52019794023401e-06	2
