"AICc"	"Delta_AICc"	"AICcWt"	"K_rates"
"pt_1_eq"	55.6157518715219	0	0.687131618975274	1
"pt_1_ard"	57.4226661910486	1.8069143195267	0.278402720194404	2
"pt_2_eq"	62.2292018286018	6.61344995707985	0.0251737272306115	4
"pt_2_ard"	64.2672555760044	8.65150370448247	0.00908635653628038	2
"pt_3_eq"	71.8702698362663	16.2545179647444	0.000202962687270709	9
"pt_3_ard"	80.5742631340807	24.9585112625588	2.61437615941685e-06	2
