"AICc"	"Delta_AICc"	"AICcWt"	"K_rates"
"pt_1_eq"	56.9130698288938	0	0.670755582333716	1
"pt_1_ard"	58.8400799837436	1.92701015484984	0.2559289160831	2
"pt_2_eq"	61.6373611114663	4.7242912825725	0.0631971478077328	4
"pt_2_ard"	65.3492316578972	8.43616182900342	0.00987813666481458	2
"pt_3_eq"	72.8268578772467	15.9137880483529	0.000234924941816785	9
"pt_3_ard"	80.4129337170535	23.4998638881597	5.29216881985191e-06	2
