"AICc"	"Delta_AICc"	"AICcWt"	"K_rates"
"pt_1_eq"	57.3104683690278	0	0.639354593043721	1
"pt_1_ard"	59.3524065040507	2.04193813502296	0.230324722839013	2
"pt_2_eq"	60.745668769188	3.43520040016028	0.114761839384011	4
"pt_2_ard"	64.7892603669371	7.47879199790938	0.0151964708535052	2
"pt_3_eq"	72.3053071047593	14.9948387357315	0.000354530766370254	9
"pt_3_ard"	79.9276256246464	22.6171572556187	7.84311338001682e-06	2
