"AICc"	"Delta_AICc"	"AICcWt"	"K_rates"
"pt_1_eq"	55.5376411209067	0	0.697050838746806	1
"pt_1_ard"	57.4191242957931	1.88148317488635	0.272085610167036	2
"pt_2_eq"	62.1510910921016	6.61344997119488	0.0255371271996023	4
"pt_2_ard"	65.3119719424639	9.77433082155719	0.00525769615102499	2
"pt_3_eq"	74.0407726089619	18.5031314880552	6.68898931970424e-05	9
"pt_3_ard"	81.2296838968823	25.6920427759756	1.83784233308722e-06	2
