"AICc"	"Delta_AICc"	"AICcWt"	"K_rates"
"pt_1_eq"	55.970903390919	0	0.680250703799321	1
"pt_1_ard"	57.8125009985456	1.8415976076266	0.270876394633763	2
"pt_2_eq"	61.4374102031821	5.46650681226304	0.0442213633554826	4
"pt_2_ard"	66.0196830676255	10.0487796767064	0.00447305479224852	2
"pt_3_eq"	72.4964548143719	16.5255514234528	0.00017546524332091	9
"pt_3_ard"	80.6220315125868	24.6511281216677	3.01817586423744e-06	2
