"AICc"	"Delta_AICc"	"AICcWt"	"K_rates"
"pt_1_eq"	55.9739456575155	0	0.664555367648353	1
"pt_1_ard"	57.8743512535788	1.90040559606334	0.256958707022169	2
"pt_2_eq"	60.3971117529275	4.42316609541198	0.0727868385162378	4
"pt_2_ard"	65.5912541690457	9.61730851153021	0.00542199560878102	2
"pt_3_eq"	71.5533340307405	15.579388373225	0.000275112275618597	9
"pt_3_ard"	81.422581192776	25.4486355352605	1.97892883977118e-06	2
