"AICc"	"Delta_AICc"	"AICcWt"	"K_rates"
"pt_1_eq"	57.495332562763	0	0.668441023377416	1
"pt_1_ard"	59.3418790197311	1.84654645696811	0.265515957337939	2
"pt_2_eq"	62.2992545991525	4.80392203638952	0.0605208026949604	4
"pt_2_ard"	67.1727125170473	9.67737995428439	0.00529232783332233	2
"pt_3_eq"	73.4699661807395	15.9746336179765	0.00022709913502545	9
"pt_3_ard"	82.2689277310032	24.7735951682402	2.78962133720311e-06	2
