"AICc"	"Delta_AICc"	"AICcWt"	"K_rates"
"pt_1_eq"	56.0792719115846	0	0.66438481678998	1
"pt_1_ard"	57.9497286915587	1.8704567799741	0.260768524623912	2
"pt_2_eq"	60.607018859848	4.52774694826346	0.0690608535088962	4
"pt_2_ard"	65.6685749964039	9.58930308481936	0.00549704119289263	2
"pt_3_eq"	71.605418387166	15.5261464755814	0.000282461869471917	9
"pt_3_ard"	79.2107667207542	23.1314948091696	6.3020148476978e-06	2
