"AICc"	"Delta_AICc"	"AICcWt"	"K_rates"
"pt_1_eq"	57.8663672340657	0	0.650654135873989	1
"pt_1_ard"	59.83721636964	1.97084913557424	0.242876638013875	2
"pt_2_eq"	61.7443477487768	3.87798051471101	0.0935960294683259	4
"pt_2_ard"	65.753531104766	7.88716387070029	0.0126088164103608	2
"pt_3_eq"	73.5137854641315	15.6474182300658	0.000260349350185288	9
"pt_3_ard"	81.8498631832363	23.9834959491705	4.03088326389379e-06	2
