"AICc"	"Delta_AICc"	"AICcWt"	"K_rates"
"pt_1_eq"	55.2962514693684	0	0.700422018089564	1
"pt_1_ard"	57.2171928086956	1.92094133932719	0.268060410307321	2
"pt_2_eq"	61.8994260553944	6.60317458602596	0.0257928092890635	4
"pt_2_ard"	64.9864626716457	9.6902112022773	0.00551007059492536	2
"pt_3_eq"	71.5333938488442	16.2371423794758	0.0002086935954143	9
"pt_3_ard"	78.6322346889033	23.3359832195349	5.99812371155799e-06	2
