"AICc"	"Delta_AICc"	"AICcWt"	"K_rates"
"pt_1_eq"	57.055777460951	0	0.6470758280006	1
"pt_1_ard"	59.0233841075949	1.96760664664385	0.241932839205204	2
"pt_2_eq"	60.8509376323419	3.79516017139084	0.097016726455265	4
"pt_2_ard"	64.7579011301577	7.70212366920666	0.0137549897942946	2
"pt_3_eq"	73.0831641364849	16.0273866755339	0.000214117606731248	9
"pt_3_ard"	80.4071050621227	23.3513276011717	5.49893790502054e-06	2
