"AICc"	"Delta_AICc"	"AICcWt"	"K_rates"
"pt_1_eq"	58.0254479928835	0	0.611045305727374	1
"pt_1_ard"	59.9957959153607	1.97034792247715	0.228148594129718	2
"pt_2_eq"	60.9891400817417	2.9636920888582	0.138840398627784	4
"pt_2_ard"	64.7199148621327	6.69446686924915	0.0214975219838224	2
"pt_3_eq"	72.3972416636466	14.3717936707631	0.000462677168278734	9
"pt_3_ard"	81.260945483047	23.2354974901634	5.50236302264159e-06	2
