"AICc"	"Delta_AICc"	"AICcWt"	"K_rates"
"pt_1_eq"	53.6548472722641	0	0.664772329305997	1
"pt_1_ard"	55.5719363202377	1.9170890479736	0.254907337331209	2
"pt_2_eq"	58.1965967888396	4.54174951657544	0.0686190272753511	4
"pt_2_ard"	61.7749017490776	8.12005447681349	0.0114663582859678	2
"pt_3_eq"	69.5629690982531	15.908121825989	0.000233489938461147	9
"pt_3_ard"	79.7153037204002	26.0604564481361	1.45786301482356e-06	2
