"AICc"	"Delta_AICc"	"AICcWt"	"K_rates"
"pt_1_eq"	57.514426284886	0	0.639819359477427	1
"pt_1_ard"	59.3608412545157	1.84641496962971	0.254163662706027	2
"pt_2_eq"	61.4699735826835	3.95554729779752	0.0885362645314164	4
"pt_2_ard"	64.7545449004708	7.24011861558479	0.0171350586459739	2
"pt_3_eq"	72.6044584632953	15.0900321784093	0.000338297293505194	9
"pt_3_ard"	80.2609101695237	22.7464838846377	7.35734565035361e-06	2
