"AICc"	"Delta_AICc"	"AICcWt"	"K_rates"
"pt_1_eq"	56.2400364866755	0	0.694281771529736	1
"pt_1_ard"	58.1290885611574	1.88905207448192	0.269981071697138	2
"pt_2_eq"	62.8534864509616	6.61344996428618	0.0254356798494661	4
"pt_2_ard"	64.7010734456803	8.46103695900481	0.0100982224110744	2
"pt_3_eq"	72.546133031537	16.3060965448615	0.000199853559430246	9
"pt_3_ard"	80.6931913582341	24.4531548715587	3.40095315540505e-06	2
