"AICc"	"Delta_AICc"	"AICcWt"	"K_rates"
"pt_1_eq"	58.1060310530865	0	0.603851203339125	1
"pt_1_ard"	60.1296052435779	2.02357419049143	0.219541376957601	2
"pt_2_eq"	60.8203471246028	2.71431607151627	0.155426007092618	4
"pt_2_ard"	64.8509048639173	6.74487381083082	0.0207156801789287	2
"pt_3_eq"	72.4743026814263	14.3682716283397	0.000458035769454341	9
"pt_3_ard"	80.6466237143256	22.5405926612391	7.6966622731174e-06	2
