"AICc"	"Delta_AICc"	"AICcWt"	"K_rates"
"pt_1_eq"	57.2004463735264	0	0.66721665449009	1
"pt_1_ard"	59.091922698346	1.89147632481962	0.259142123372899	2
"pt_2_eq"	61.9885867998901	4.7881404263637	0.0608885168409566	4
"pt_2_ard"	65.1344505608059	7.93400418727955	0.0126304772019463	2
"pt_3_eq"	74.4411894106192	17.2407430370928	0.000120361362624049	9
"pt_3_ard"	82.7738084918823	25.5733621183559	1.86673148448786e-06	2
