"AICc"	"Delta_AICc"	"AICcWt"	"K_rates"
"pt_1_eq"	56.2525112107777	0	0.672271681510197	1
"pt_1_ard"	58.0723452753934	1.81983406461567	0.270628089396265	2
"pt_2_eq"	61.3747077805425	5.12219656976475	0.051912741546473	4
"pt_2_ard"	66.0184335659904	9.7659223552127	0.00509215626814246	2
"pt_3_eq"	74.0118732859105	17.7593620751328	9.35725235149661e-05	9
"pt_3_ard"	81.9601340531445	25.7076228423668	1.75875540840139e-06	2
