"AICc"	"Delta_AICc"	"AICcWt"	"K_rates"
"pt_1_eq"	58.2074646599043	0	0.672950492175304	1
"pt_1_ard"	60.0925383670144	1.8850737071101	0.262207168426948	2
"pt_2_eq"	63.060428768134	4.85296410822969	0.0594532155470768	4
"pt_2_ard"	67.9636381235482	9.75617346364393	0.00512220511177942	2
"pt_3_eq"	73.9098959149925	15.7024312550883	0.000261965133192488	9
"pt_3_ard"	81.8460872749536	23.6386226150493	4.95360569928614e-06	2
