"AICc"	"Delta_AICc"	"AICcWt"	"K_rates"
"pt_1_eq"	55.8587108304587	0	0.67921313536473	1
"pt_1_ard"	57.8033406564315	1.94462982597287	0.256882828651643	2
"pt_2_eq"	60.8596966295671	5.00098579910844	0.0557257353212542	4
"pt_2_ard"	64.7280344593537	8.86932362889508	0.00805484005505437	2
"pt_3_eq"	73.1608731054579	17.3021622749992	0.000118819925479711	9
"pt_3_ard"	79.6463687300978	23.7876578996391	4.64068183869909e-06	2
