"AICc"	"Delta_AICc"	"AICcWt"	"K_rates"
"pt_1_eq"	56.8012082492846	0	0.66622757329807	1
"pt_1_ard"	58.6750687916623	1.8738605423777	0.261047150074497	2
"pt_2_eq"	61.5727688674363	4.77156061815165	0.0613043623738274	4
"pt_2_ard"	64.9730725633639	8.17186431407934	0.0111975964969261	2
"pt_3_eq"	72.8181964287404	16.0169881794558	0.000221604110320029	9
"pt_3_ard"	82.5427344865686	25.741526237284	1.71364635942112e-06	2
