"AICc"	"Delta_AICc"	"AICcWt"	"K_rates"
"pt_1_eq"	56.1760424668913	0	0.682261159647184	1
"pt_1_ard"	58.0271379836586	1.85109551676736	0.270389836943412	2
"pt_2_eq"	61.7439036644931	5.56786119760186	0.0421604221731143	4
"pt_2_ard"	65.9639883818171	9.78794591492584	0.00511122733890455	2
"pt_3_eq"	74.4007439058546	18.2247014389633	7.52500882268526e-05	9
"pt_3_ard"	81.5548788847637	25.3788364178725	2.10380915849366e-06	2
