"AICc"	"Delta_AICc"	"AICcWt"	"K_rates"
"pt_1_eq"	56.873940451587	0	0.644201121045646	1
"pt_1_ard"	58.8235695827518	1.94962913116478	0.243032799482669	2
"pt_2_eq"	60.623756638756	3.74981618716894	0.0988005215439477	4
"pt_2_ard"	64.5849232766319	7.71098282504489	0.0136333577398326	2
"pt_3_eq"	72.0578182636673	15.1838778120803	0.000325000704510256	9
"pt_3_ard"	79.6774544184392	22.8035139668522	7.1994833943661e-06	2
