"AICc"	"Delta_AICc"	"AICcWt"	"K_rates"
"pt_1_eq"	56.0321400039036	0	0.663989939344366	1
"pt_1_ard"	57.8078080866439	1.77566808274026	0.273262523155499	2
"pt_2_eq"	60.9513200791905	4.91918007528685	0.0567512090016496	4
"pt_2_ard"	65.4893384488647	9.45719844496107	0.00586890324279155	2
"pt_3_eq"	73.2254226101424	17.1932826062387	0.000122655666920292	9
"pt_3_ard"	79.7196643772977	23.687524373394	4.76958877292471e-06	2
