"AICc"	"Delta_AICc"	"AICcWt"	"K_rates"
"pt_1_eq"	55.0760113703723	0	0.694920763849354	1
"pt_1_ard"	56.937958859576	1.8619474892037	0.273916710969231	2
"pt_2_eq"	61.6894613360868	6.61344996571457	0.0254590899289334	4
"pt_2_ard"	64.7536028729096	9.67759150253737	0.00550139710431127	2
"pt_3_eq"	71.4029798357671	16.3269684653949	0.000197960769356498	9
"pt_3_ard"	79.1682089202594	24.0921975498872	4.07737881336714e-06	2
