"AICc"	"Delta_AICc"	"AICcWt"	"K_rates"
"pt_1_eq"	57.0863104837931	0	0.690024150081364	1
"pt_1_ard"	58.9214447593166	1.83513427552348	0.275657584420942	2
"pt_2_eq"	63.6997604375383	6.6134499537451	0.0252796979297076	4
"pt_2_ard"	65.804296898386	8.71798641459282	0.00882627783761189	2
"pt_3_eq"	73.2768468242532	16.19053634046	0.000210442762882006	9
"pt_3_ard"	82.7481840341051	25.6618735503119	1.8469674925427e-06	2
