"AICc"	"Delta_AICc"	"AICcWt"	"K_rates"
"pt_1_eq"	57.3434262664882	0	0.699072434728336	1
"pt_1_ard"	59.2808770653807	1.93745079889252	0.265344495203017	2
"pt_2_eq"	63.9568762311117	6.61344996462347	0.0256111903948734	4
"pt_2_ard"	65.8901156803701	8.54668941388184	0.00974164170323788	2
"pt_3_eq"	73.4182779121051	16.0748516456168	0.000225898056316316	9
"pt_3_ard"	81.3227363849542	23.9793101184659	4.33991421954396e-06	2
