"AICc"	"Delta_AICc"	"AICcWt"	"K_rates"
"pt_1_eq"	55.7331527965376	0	0.623891681695182	1
"pt_1_ard"	57.5495399639943	1.81638716745672	0.251585573095956	2
"pt_2_eq"	59.259586416562	3.52643362002441	0.106992630286451	4
"pt_2_ard"	62.9235121455672	7.19035934902968	0.0171294138115568	2
"pt_3_eq"	70.4728990080157	14.7397462114781	0.000393019386243924	9
"pt_3_ard"	78.342928725961	22.6097759294234	7.68172461000855e-06	2
