"AICc"	"Delta_AICc"	"AICcWt"	"K_rates"
"pt_1_eq"	57.2214404332473	0	0.652477187506568	1
"pt_1_ard"	59.2444855394496	2.02304510620225	0.237283024252333	2
"pt_2_eq"	61.1014547234171	3.88001429016978	0.093762879038417	4
"pt_2_ard"	64.62126870718	7.39982827393266	0.0161329221787835	6
"pt_3_eq"	72.361000926958	15.1395604937107	0.000336551508615675	9
"pt_3_ard"	79.9859675800742	22.7645271468269	7.43551528243698e-06	12
