"AICc"	"Delta_AICc"	"AICcWt"	"K_rates"
"pt_1_eq"	56.52051222564	0	0.66745600597052	1
"pt_1_ard"	58.3454290019666	1.82491677632657	0.268007533792195	2
"pt_2_eq"	61.570331135555	5.04981890991498	0.0534402402271304	4
"pt_2_ard"	64.7542019036373	8.23368967799733	0.0108767625830632	2
"pt_3_eq"	72.5969105980094	16.0763983723694	0.000215514797319328	9
"pt_3_ard"	80.5992738316755	24.0787616060355	3.94262977170442e-06	2
