"AICc"	"Delta_AICc"	"AICcWt"	"K_rates"
"pt_1_eq"	58.3693040537627	0	0.643565782218997	1
"pt_1_ard"	60.2643250810998	1.89502102733714	0.249513677621054	2
"pt_2_eq"	62.264559737286	3.89525568352332	0.0917801832622367	4
"pt_2_ard"	65.8920129847646	7.52270893100192	0.014964336177446	2
"pt_3_eq"	74.8215250754929	16.4522210217302	0.000172202139358149	9
"pt_3_ard"	82.4391053791283	24.0698013253656	3.81858090889653e-06	2
