"AICc"	"Delta_AICc"	"AICcWt"	"K_rates"
"pt_1_eq"	59.9382508313762	0	0.658545768826031	1
"pt_1_ard"	61.7975580315811	1.85930720020492	0.259921697796738	2
"pt_2_eq"	64.5135554455899	4.57530461421377	0.066845348256492	4
"pt_2_ard"	67.5628727091527	7.62462187777657	0.0145519220500221	2
"pt_3_eq"	76.9999733201605	17.0617224887843	0.00012992119288101	9
"pt_3_ard"	83.3826749445433	23.4444241131671	5.34187783600058e-06	2
