"AICc"	"Delta_AICc"	"AICcWt"	"K_rates"
"pt_1_eq"	57.0748172971705	0	0.693505121649454	1
"pt_1_ard"	59.0098246208104	1.93500732363992	0.263553125675559	2
"pt_2_eq"	63.6779918933376	6.60317459616706	0.02553809673457	4
"pt_2_ard"	64.4942359039538	7.41941860678332	0.0169802231300744	2
"pt_3_eq"	71.9209656811724	14.8461483840019	0.000414237595726826	9
"pt_3_ard"	79.5364787085691	22.4616614113986	9.19521461539808e-06	2
