"AICc"	"Delta_AICc"	"AICcWt"	"K_rates"
"pt_1_eq"	55.6573257382593	0	0.679200988397004	1
"pt_1_ard"	57.4756246704212	1.81829893216187	0.273627481327347	2
"pt_2_eq"	61.2096402475082	5.55231450924889	0.0422988473219433	4
"pt_2_ard"	65.6013268743731	9.94400113611377	0.00470636817358653	2
"pt_3_eq"	72.3083577631924	16.6510320249331	0.000164540436855585	9
"pt_3_ard"	81.3678097519108	25.7104840136515	1.77434326406884e-06	2
