"AICc"	"Delta_AICc"	"AICcWt"	"K_rates"
"pt_1_eq"	55.0734106877662	0	0.661399158554071	1
"pt_1_ard"	56.9545037311027	1.88109304333646	0.258219760349396	2
"pt_2_eq"	59.5872235812313	4.51381289346509	0.069231162167186	4
"pt_2_ard"	63.2625026709283	8.18909198316204	0.0110210991127068	2
"pt_3_eq"	72.1933867365108	17.1199760487446	0.000126738357338818	9
"pt_3_ard"	80.4114978328119	25.3380871450457	2.08145930110705e-06	2
