"AICc"	"Delta_AICc"	"AICcWt"	"K_rates"
"pt_1_eq"	55.263998715623	0	0.695241451889307	1
"pt_1_ard"	57.1220150196791	1.85801630405609	0.274582303330528	2
"pt_2_eq"	61.8774383442918	6.61343962866882	0.0254709702903766	4
"pt_2_ard"	65.297560938443	10.03356222282	0.0046065448539136	2
"pt_3_eq"	73.0627446494543	17.7987459338313	9.48827112194006e-05	9
"pt_3_ard"	79.4734795929891	24.2094808773661	3.8469246555126e-06	2
