"AICc"	"Delta_AICc"	"AICcWt"	"K_rates"
"pt_1_eq"	55.3043755254787	0	0.675616292825408	1
"pt_1_ard"	57.2938609346482	1.98948540916944	0.249855461368567	2
"pt_2_eq"	59.870639301044	4.56626377556528	0.0688887863988253	4
"pt_2_ard"	64.9606441940532	9.6562686685745	0.00540590009038809	6
"pt_3_eq"	71.2892995858571	15.9849240603783	0.000228358908081545	9
"pt_3_ard"	78.853662235963	23.5492867104843	5.2004087302286e-06	12
