"AICc"	"Delta_AICc"	"AICcWt"	"K_rates"
"pt_1_eq"	56.1250339598736	0	0.692623438669356	1
"pt_1_ard"	58.0669942752014	1.94196031532778	0.262304571515994	2
"pt_2_eq"	62.728208562999	6.6031746031254	0.0255056289616976	4
"pt_2_ard"	63.3002032092885	7.17516924941494	0.0191614768275665	2
"pt_3_eq"	71.0598363511592	14.9348023912857	0.000395772897784237	9
"pt_3_ard"	78.6025245040372	22.4774905441636	9.11112760164577e-06	2
