"AICc"	"Delta_AICc"	"AICcWt"	"K_rates"
"pt_1_eq"	56.8051303740741	0	0.637909514445823	1
"pt_1_ard"	58.7744256729261	1.96929529885202	0.238304387826906	2
"pt_2_eq"	60.3992189571807	3.59408858310662	0.105757861421408	4
"pt_2_ard"	63.9608972143834	7.15576684030928	0.0178198503875019	2
"pt_3_eq"	72.9418298061661	16.136699432092	0.000199856979718807	9
"pt_3_ard"	79.2501039701917	22.4449735961176	8.52893864246976e-06	2
