"AICc"	"Delta_AICc"	"AICcWt"	"K_rates"
"pt_1_eq"	58.2427865391024	0	0.69184899851482	1
"pt_1_ard"	60.1733766868205	1.93059014771811	0.263505080257085	2
"pt_2_eq"	64.8562357791364	6.61344924003397	0.0253465620510138	4
"pt_2_ard"	65.4421706137249	7.19938407462249	0.018909712600176	2
"pt_3_eq"	73.2424691004126	14.9996825613102	0.000382711606496096	9
"pt_3_ard"	81.2638789665643	23.0210924274619	6.93497040877905e-06	2
