"AICc"	"Delta_AICc"	"AICcWt"	"K_rates"
"pt_1_eq"	56.8331199575734	0	0.611387667038631	1
"pt_1_ard"	58.9437472547453	2.1106272971719	0.212813796595962	2
"pt_2_eq"	59.5654377417315	2.73231778415812	0.155955755042734	4
"pt_2_ard"	63.7345489932321	6.90142903565872	0.019395027518774	6
"pt_3_eq"	71.3132261902779	14.4801062327045	0.000438532269699455	9
"pt_3_ard"	79.0370101449611	22.2038901873877	9.22153420008953e-06	12
