"AICc"	"Delta_AICc"	"AICcWt"	"K_rates"
"pt_1_eq"	57.2216332354851	0	0.631374526101999	1
"pt_1_ard"	59.0554312228376	1.83379798735248	0.252396240748008	2
"pt_2_eq"	60.9068970535623	3.68526381807722	0.100009713989813	4
"pt_2_ard"	64.5726543347706	7.35102109928548	0.0159967996533046	2
"pt_3_eq"	73.1905840539984	15.9689508185133	0.000215116361915282	9
"pt_3_ard"	79.8758183093636	22.6541850738785	7.60314496020745e-06	2
