"AICc"	"Delta_AICc"	"AICcWt"	"K_rates"
"pt_1_eq"	54.7295873676088	0	0.662194995895891	1
"pt_1_ard"	56.6375677945932	1.90798042698435	0.255078120924062	2
"pt_2_eq"	59.0312668415983	4.30167947398944	0.0770704802642293	4
"pt_2_ard"	64.3487708662119	9.61918349860309	0.00539767507393409	6
"pt_3_eq"	70.4630107065693	15.7334233389605	0.000253814498109547	9
"pt_3_ard"	78.3523086160689	23.62272124846	4.9133437739665e-06	12
