"AICc"	"Delta_AICc"	"AICcWt"	"K_rates"
"pt_1_eq"	56.2998892264366	0	0.656066341325406	1
"pt_1_ard"	58.2302807413322	1.9303915148956	0.249901329124497	2
"pt_2_eq"	60.5262602001324	4.22637097369577	0.0792871781007061	4
"pt_2_ard"	63.931579736491	7.63169051005443	0.0144459869876867	6
"pt_3_eq"	71.6989726346156	15.399083408179	0.000297220857023877	9
"pt_3_ard"	81.7588349490993	25.4589457226627	1.94360468019671e-06	12
