"AICc"	"Delta_AICc"	"AICcWt"	"K_rates"
"pt_1_eq"	55.7403990418032	0	0.683771295547247	1
"pt_1_ard"	57.5862769885179	1.84587794671469	0.271696198586588	2
"pt_2_eq"	62.3435736376846	6.60317459588136	0.0251796518113227	4
"pt_2_ard"	62.8968499281393	7.15645088633603	0.0190944564614994	2
"pt_3_eq"	71.5551840885334	15.8147850467301	0.000251636668155189	9
"pt_3_ard"	78.7888371111718	23.0484380693686	6.76092518768382e-06	2
