"AICc"	"Delta_AICc"	"AICcWt"	"K_rates"
"pt_1_eq"	57.7105023098714	0	0.667111103845051	1
"pt_1_ard"	59.6667059310213	1.95620362114996	0.250849910451599	2
"pt_2_eq"	62.2384189121818	4.52791660231047	0.0693383610376388	4
"pt_2_ard"	65.6724930719045	7.96199076203312	0.0124529958378312	2
"pt_3_eq"	73.5402786529381	15.8297763430667	0.000243672159192684	9
"pt_3_ard"	81.7811212153713	24.0706189054999	3.9566686877484e-06	2
