"AICc"	"Delta_AICc"	"AICcWt"	"K_rates"
"pt_1_eq"	56.762057457656	0	0.695511491867791	1
"pt_1_ard"	58.6254625678251	1.86340511016911	0.273949827776566	2
"pt_2_eq"	63.3755074191074	6.61344996145139	0.0254807318718304	4
"pt_2_ard"	66.6761510970275	9.91409363937151	0.00489199753878995	2
"pt_3_eq"	73.4650670035147	16.7030095458587	0.000164169271767751	9
"pt_3_ard"	82.5117571771436	25.7496997194876	1.78167325498074e-06	2
