"AICc"	"Delta_AICc"	"AICcWt"	"K_rates"
"pt_1_eq"	56.3520631595453	0	0.630816461363222	1
"pt_1_ard"	58.2997899596942	1.94772680014884	0.238209741093508	2
"pt_2_eq"	59.8086393516021	3.45657619205679	0.112025537055631	4
"pt_2_ard"	63.4039150122489	7.05185185270355	0.0185614903730601	6
"pt_3_eq"	71.1915198518208	14.8394566922755	0.000378055830180337	9
"pt_3_ard"	78.7316764905472	22.3796133310019	8.71428439948974e-06	12
