"AICc"	"Delta_AICc"	"AICcWt"	"K_rates"
"pt_1_eq"	57.3053655460678	0	0.669229456142098	1
"pt_1_ard"	59.212823073564	1.90745752749618	0.257855208841174	2
"pt_2_eq"	62.0688497738038	4.76348422773599	0.0618297642831099	4
"pt_2_ard"	65.5318346629842	8.22646911691638	0.0109451061195096	2
"pt_3_eq"	74.3074313559313	17.0020658098635	0.000136026450955275	9
"pt_3_ard"	81.1526489008815	23.8472833548137	4.43816315345424e-06	2
