"AICc"	"Delta_AICc"	"AICcWt"	"K_rates"
"pt_1_eq"	57.407871421678	0	0.665963136100877	1
"pt_1_ard"	59.2815102229992	1.87363880132116	0.260972468516578	2
"pt_2_eq"	62.1561067753612	4.74823535368319	0.0619988998769171	4
"pt_2_ard"	65.6425951968511	8.23472377517313	0.0108468252146283	2
"pt_3_eq"	73.4749840186485	16.0671125969704	0.000216033458965379	9
"pt_3_ard"	82.2866941965545	24.8788227748764	2.6368320336744e-06	2
