"AICc"	"Delta_AICc"	"AICcWt"	"K_rates"
"pt_1_eq"	57.1563498350852	0	0.66564127878287	1
"pt_1_ard"	59.0447385465694	1.88838871148422	0.258929687819774	2
"pt_2_eq"	61.8124428604423	4.65609302535709	0.0648907049476692	4
"pt_2_ard"	65.4909602192962	8.33461038421098	0.0103134174533881	2
"pt_3_eq"	73.157492658653	16.0011428235677	0.000223170214089997	9
"pt_3_ard"	82.8646930884543	25.7083432533691	1.74078220842597e-06	2
