"AICc"	"Delta_AICc"	"AICcWt"	"K_rates"
"pt_1_eq"	55.9909389707059	0	0.651593841646911	1
"pt_1_ard"	57.9356649691635	1.94472599845763	0.246425182053398	2
"pt_2_eq"	59.8127479492462	3.82180897854032	0.0964010348278877	4
"pt_2_ard"	65.6299953263656	9.6390563556597	0.00525874943103339	2
"pt_3_eq"	71.2295704343326	15.2386314636268	0.000319852826472814	9
"pt_3_ard"	82.181126186887	26.1901872161811	1.33921429696933e-06	2
