"AICc"	"Delta_AICc"	"AICcWt"	"K_rates"
"pt_1_eq"	54.0367343080198	0	0.667346352415698	1
"pt_1_ard"	55.9812453505286	1.94451104250876	0.252409724707477	2
"pt_2_eq"	58.5578461853525	4.52111187733273	0.0695992117235257	4
"pt_2_ard"	62.3546712260956	8.31793691807584	0.0104263965578174	6
"pt_3_eq"	70.1335133615737	16.0967790535539	0.000213294733018073	9
"pt_3_ard"	77.6320581546417	23.5953238466219	5.01986246441969e-06	12
