"AICc"	"Delta_AICc"	"AICcWt"	"K_rates"
"pt_1_eq"	55.4498430375049	0	0.688469463770229	1
"pt_1_ard"	57.2835922718358	1.83374923433092	0.275227037564476	2
"pt_2_eq"	62.0632930099977	6.61344997249279	0.0252227402660352	4
"pt_2_ard"	63.7496752491493	8.2998322116444	0.0108542299324779	2
"pt_3_eq"	71.5240741423278	16.0742311048229	0.000222540852597727	9
"pt_3_ard"	79.5679093195392	24.1180662820343	3.9876141845613e-06	2
