"AICc"	"Delta_AICc"	"AICcWt"	"K_rates"
"pt_1_eq"	56.3708015590141	0	0.687822631659555	1
"pt_1_ard"	58.3068303086875	1.93602874967338	0.261260142904285	2
"pt_2_eq"	61.8625859315913	5.49178437257723	0.0441520260254153	4
"pt_2_ard"	65.6633362361519	9.29253467713779	0.00660128061843874	2
"pt_3_eq"	73.0861832074187	16.7153816484046	0.000161353152512583	9
"pt_3_ard"	81.3689583615709	24.9981568025568	2.56563979323407e-06	2
