"AICc"	"Delta_AICc"	"AICcWt"	"K_rates"
"pt_1_eq"	58.6422291482256	0	0.70039117863627	1
"pt_1_ard"	60.6137151613194	1.97148601309376	0.261359276488961	2
"pt_2_eq"	65.2556790754451	6.61344992721951	0.0256595043250237	4
"pt_2_ard"	66.7299239894819	8.08769484125624	0.0122777856519058	2
"pt_3_eq"	74.1137491854974	15.4715200372718	0.000306015044546189	9
"pt_3_ard"	81.8991043743209	23.2568752260953	6.23985329392294e-06	2
