"AICc"	"Delta_AICc"	"AICcWt"	"K_rates"
"pt_1_eq"	58.4836557227565	0	0.575366074910161	1
"pt_1_ard"	60.4494791164206	1.9658233936641	0.215313432778418	2
"pt_2_eq"	60.7420450653128	2.25838934255635	0.186012117410583	4
"pt_2_ard"	64.9310489572242	6.44739323446771	0.0229039611825268	2
"pt_3_eq"	73.0440224960882	14.5603667733317	0.000396461280287295	9
"pt_3_ard"	80.8622221583459	22.3785664355894	7.95243802469417e-06	2
