"AICc"	"Delta_AICc"	"AICcWt"	"K_rates"
"pt_1_eq"	57.6326008950404	0	0.60720682487761	1
"pt_1_ard"	59.6225583644266	1.98995746938622	0.224503372926773	2
"pt_2_eq"	60.4856229445436	2.8530220495032	0.145817879326782	4
"pt_2_ard"	64.2549427604706	6.6223418654302	0.0221469221774049	2
"pt_3_eq"	72.7445284514485	15.1119275564081	0.000317558154936166	9
"pt_3_ard"	80.2514269501093	22.6188260550689	7.44253649420331e-06	2
