"AICc"	"Delta_AICc"	"AICcWt"	"K_rates"
"pt_1_eq"	56.5468519131479	0	0.672682934396943	1
"pt_1_ard"	58.5843944398305	2.03754252668255	0.242864295484841	2
"pt_2_eq"	61.0024888825794	4.45563696943144	0.0724905066970461	4
"pt_2_ard"	64.6462830073702	8.09943109422227	0.0117230682830649	2
"pt_3_eq"	72.4421367047656	15.8952847916177	0.000237789773585611	9
"pt_3_ard"	82.7043172372087	26.1574653240608	1.40536451841074e-06	2
