"AICc"	"Delta_AICc"	"AICcWt"	"K_rates"
"pt_1_eq"	54.6065259582558	0	0.692981344753948	1
"pt_1_ard"	56.4561018362546	1.84957587799874	0.274847154210839	2
"pt_2_eq"	61.2097006082067	6.60317464995089	0.0255188081373775	4
"pt_2_ard"	63.992974867815	9.38644890955911	0.00634570765501787	2
"pt_3_eq"	70.1005995751681	15.4940736169123	0.00029938235921935	9
"pt_3_ard"	77.4469874823509	22.8404615240951	7.60288359872462e-06	2
