"AICc"	"Delta_AICc"	"AICcWt"	"K_rates"
"pt_1_eq"	56.4737219759627	0	0.617202362084235	1
"pt_1_ard"	58.3011788658363	1.82745688987355	0.247514335771859	2
"pt_2_eq"	59.8271256677863	3.35340369182355	0.115410472747396	4
"pt_2_ard"	63.3733205666027	6.89959859063993	0.0195974146565602	2
"pt_3_eq"	71.9738691925095	15.5001472165468	0.000265835745063087	9
"pt_3_ard"	78.620481092102	22.1467591161392	9.57899488568131e-06	2
