"AICc"	"Delta_AICc"	"AICcWt"	"K_rates"
"pt_1_eq"	55.7282811233083	0	0.651517045976686	1
"pt_1_ard"	57.6681846020259	1.93990347871758	0.246990980820474	2
"pt_2_eq"	59.7921573476659	4.0638762243576	0.0854016522882045	4
"pt_2_ard"	63.1728409534341	7.44455983012579	0.0157528869259466	2
"pt_3_eq"	70.9049616722259	15.1766805489176	0.000329876573548104	9
"pt_3_ard"	78.4573403637855	22.7290592404771	7.55741514105217e-06	2
