"AICc"	"Delta_AICc"	"AICcWt"	"K_rates"
"pt_1_eq"	56.5226969146718	0	0.67732393085829	1
"pt_1_ard"	58.36789145371	1.8451945390382	0.26922632124997	2
"pt_2_eq"	61.8099741786134	5.28727726394168	0.0481591430175532	4
"pt_2_ard"	66.302181971801	9.77948505712928	0.00509575127791599	2
"pt_3_eq"	72.840996019565	16.3182991048932	0.000193786175848746	9
"pt_3_ard"	83.2440169161087	26.7213200014369	1.06742042134314e-06	2
