"AICc"	"Delta_AICc"	"AICcWt"	"K_rates"
"pt_1_eq"	56.4194156250091	0	0.632722098234516	1
"pt_1_ard"	58.3810073482625	1.96159172325337	0.237278709770424	2
"pt_2_eq"	59.8566566614084	3.43724103639931	0.11345551073995	4
"pt_2_ard"	63.7491725249509	7.32975689994187	0.0162022942478385	2
"pt_3_eq"	71.4982788314223	15.0788632064132	0.00033641818294361	9
"pt_3_ard"	79.9286222707341	23.509206645725	4.96882432867433e-06	2
