"AICc"	"Delta_AICc"	"AICcWt"	"K_rates"
"pt_1_eq"	56.9487422648618	0	0.630366971561442	1
"pt_1_ard"	58.8763236111582	1.92758134629641	0.2404498325198	2
"pt_2_eq"	60.4249635763255	3.47622131146372	0.110851502310267	4
"pt_2_ard"	64.0522178830738	7.10347561821201	0.0180756248128056	2
"pt_3_eq"	72.6235318975645	15.6747896327027	0.000248803295653802	9
"pt_3_ard"	79.6905828672482	22.7418406023864	7.26550003163229e-06	2
