"AICc"	"Delta_AICc"	"AICcWt"	"K_rates"
"pt_1_eq"	57.1606612911656	0	0.659973323025177	1
"pt_1_ard"	59.1689863420096	2.00832505084392	0.241782095600709	2
"pt_2_eq"	61.2427958482054	4.08213455703979	0.0857239402463145	4
"pt_2_ard"	65.116591409192	7.95593011802638	0.0123571439773061	2
"pt_3_eq"	73.8488573547486	16.6881960635829	0.000156938916338705	9
"pt_3_ard"	80.1991279123002	23.0384666211346	6.55823415453483e-06	2
