"AICc"	"Delta_AICc"	"AICcWt"	"K_rates"
"pt_1_eq"	56.410968173825	0	0.656185625977273	1
"pt_1_ard"	58.2654498452962	1.85448167147113	0.259615808766195	2
"pt_2_eq"	60.6613821409427	4.25041396711767	0.07835397738079	4
"pt_2_ard"	65.9446380236814	9.53366984985635	0.0055823441705118	2
"pt_3_eq"	72.0976038463693	15.6866356725442	0.000257464322744361	9
"pt_3_ard"	80.0707434602046	23.6597752863796	4.77938248604316e-06	2
