"AICc"	"Delta_AICc"	"AICcWt"	"K_rates"
"pt_1_eq"	58.2506263420346	0	0.677494554162969	1
"pt_1_ard"	60.0244366315735	1.77381028953889	0.279079411349799	2
"pt_2_eq"	64.8640762756086	6.613449933574	0.0248206643912045	4
"pt_2_ard"	65.4806834738214	7.23005713178681	0.0182355493272854	2
"pt_3_eq"	73.3146475353877	15.0640211933531	0.000362906852586464	9
"pt_3_ard"	81.2358674999145	22.9852411578799	6.91391615531853e-06	2
