"AICc"	"Delta_AICc"	"AICcWt"	"K_rates"
"pt_1_eq"	54.378905024253	0	0.686332647439968	1
"pt_1_ard"	56.1955953443078	1.81669032005484	0.276723070043871	2
"pt_2_eq"	60.9820796008137	6.60317457656068	0.0252739729917983	4
"pt_2_ard"	62.5686037988563	8.18969877460327	0.0114331042824549	6
"pt_3_eq"	70.3670732269076	15.9881682026546	0.000231605060736754	9
"pt_3_ard"	77.8115425217401	23.4326374974871	5.60018117131761e-06	12
