"AICc"	"Delta_AICc"	"AICcWt"	"K_rates"
"pt_1_eq"	57.8468439504588	0	0.689099599179184	1
"pt_1_ard"	59.6928368857793	1.8459929353205	0.273797655238856	2
"pt_2_eq"	64.4602895934726	6.61344564301379	0.0252458805328532	4
"pt_2_ard"	66.019552338238	8.17270838777925	0.011577130260406	2
"pt_3_eq"	73.5027135707635	15.6558696203048	0.000274570013175673	9
"pt_3_ard"	81.4494028603331	23.6025589098743	5.16477552456725e-06	2
