"AICc"	"Delta_AICc"	"AICcWt"	"K_rates"
"pt_1_eq"	57.6108699752225	0	0.685516661338528	1
"pt_1_ard"	59.4309665458536	1.82009657063108	0.275923738780968	2
"pt_2_eq"	64.2243199478785	6.61344997265591	0.0251145615099375	4
"pt_2_ard"	65.5141162000838	7.90324622486122	0.0131780121127691	2
"pt_3_eq"	73.3486624447047	15.7377924694822	0.000262180146180906	9
"pt_3_ard"	81.3303728317691	23.7195028565465	4.84611161630705e-06	2
