"AICc"	"Delta_AICc"	"AICcWt"	"K_rates"
"pt_1_eq"	57.3104769304356	0	0.624664996872056	1
"pt_1_ard"	59.2805290263211	1.97005209588553	0.233268337286857	2
"pt_2_eq"	60.581398464078	3.27092153364241	0.121723823185392	4
"pt_2_ard"	64.186051045047	6.87557411461145	0.0200740601886133	6
"pt_3_eq"	72.8598719470524	15.5493950166168	0.00026250582485345	9
"pt_3_ard"	80.3267481696652	23.0162712392296	6.27664222785997e-06	12
