"AICc"	"Delta_AICc"	"AICcWt"	"K_rates"
"pt_1_eq"	55.6879789175864	0	0.694233960579641	1
"pt_1_ard"	57.6048685848233	1.91688966723689	0.266230956362725	2
"pt_2_eq"	62.2911535204988	6.60317460291242	0.0255649359008953	4
"pt_2_ard"	63.5236571127888	7.83567819520242	0.0138041590209093	2
"pt_3_eq"	72.4146605756241	16.7266816580377	0.000161939607521252	9
"pt_3_ard"	79.7924006520941	24.1044217345077	4.04852830830433e-06	2
