"AICc"	"Delta_AICc"	"AICcWt"	"K_rates"
"pt_1_eq"	55.3780425805057	0	0.662105551451358	1
"pt_1_ard"	57.3743552972741	1.99631271676841	0.244024499520378	2
"pt_2_eq"	59.5599359271204	4.18189334661476	0.081816449146216	4
"pt_2_ard"	63.4220638147294	8.0440212342237	0.0118628820434138	2
"pt_3_eq"	71.702506552466	16.3244639719604	0.000188849099253889	9
"pt_3_ard"	81.043868955743	25.6658263752373	1.76873937950416e-06	2
