"AICc"	"Delta_AICc"	"AICcWt"	"K_rates"
"pt_1_eq"	58.5412117387927	0	0.692080947382247	1
"pt_1_ard"	60.4600942361455	1.91888249735282	0.265140977762639	2
"pt_2_eq"	65.1546617012639	6.61344996247122	0.0253550505650154	4
"pt_2_ard"	65.9450061736503	7.40379443485753	0.0170782497137499	2
"pt_3_eq"	73.7868635086183	15.2456517698256	0.000338536636645785	9
"pt_3_ard"	81.7748282421382	23.2336165033455	6.23793970307353e-06	2
