"AICc"	"Delta_AICc"	"AICcWt"	"K_rates"
"pt_1_eq"	58.4597705692413	0	0.660798001139059	1
"pt_1_ard"	60.4240945394677	1.96432397022637	0.247469220381053	2
"pt_2_eq"	62.6908345229804	4.23106395373915	0.0796718417550458	4
"pt_2_ard"	66.507675164852	8.04790459561075	0.0118164886520059	2
"pt_3_eq"	74.2996970395524	15.8399264703111	0.000240144359664949	9
"pt_3_ard"	82.3432211650635	23.8834505958222	4.30371317164324e-06	2
