"AICc"	"Delta_AICc"	"AICcWt"	"K_rates"
"pt_1_eq"	57.4512384156006	0	0.636269505380393	1
"pt_1_ard"	59.333196195557	1.8819577799564	0.248301400835324	2
"pt_2_eq"	61.1176272080019	3.66638879240127	0.101740741543446	4
"pt_2_ard"	65.157047366736	7.70580895113537	0.0135003788581005	2
"pt_3_eq"	73.7680081009787	16.3167696853781	0.000182179535652508	9
"pt_3_ard"	80.6644004083625	23.2131619927619	5.79384708349826e-06	2
