"AICc"	"Delta_AICc"	"AICcWt"	"K_rates"
"pt_1_eq"	55.5742858103236	0	0.676711268532076	1
"pt_1_ard"	57.5954759197655	2.02119010944188	0.246324467532833	2
"pt_2_eq"	60.0646305992099	4.49034478888633	0.0716700036432229	4
"pt_2_ard"	65.3654692014678	9.79118339114419	0.0050614499807505	2
"pt_3_eq"	71.558757579358	15.9844717690344	0.000228780742769725	9
"pt_3_ard"	79.6369672377127	24.0626814273891	4.02956834810223e-06	2
