"AICc"	"Delta_AICc"	"AICcWt"	"K_rates"
"pt_1_eq"	58.1040036839764	0	0.664182995957524	1
"pt_1_ard"	60.0462414904823	1.94223780650584	0.251498947483657	2
"pt_2_eq"	62.3439830673214	4.23997938334496	0.0797237884490866	4
"pt_2_ard"	68.1772923385938	10.0732886546173	0.00431420635456747	2
"pt_3_eq"	73.6864517893127	15.5824481053363	0.000274537793892944	9
"pt_3_ard"	81.4984392082394	23.394435524263	5.52396127210043e-06	2
