"AICc"	"Delta_AICc"	"AICcWt"	"K_rates"
"pt_1_eq"	54.7562233976491	0	0.69703525578453	1
"pt_1_ard"	56.6940712260875	1.93784782843834	0.264518734180376	2
"pt_2_eq"	61.359397993312	6.60317459566287	0.0256680927630069	4
"pt_2_ard"	62.7951282508644	8.03890485321528	0.0125207036361217	6
"pt_3_eq"	70.575995701673	15.8197723040239	0.000255879113135998	9
"pt_3_ard"	81.0882583447362	26.3320349470871	1.33452282981332e-06	12
