"AICc"	"Delta_AICc"	"AICcWt"	"K_rates"
"pt_1_eq"	57.0792433260244	0	0.699068321241143	1
"pt_1_ard"	58.9788478855576	1.89960455953322	0.270411858631924	2
"pt_2_eq"	63.6926932986023	6.61344997257789	0.0256110395914569	4
"pt_2_ard"	67.1233010689171	10.0440577428927	0.00460765756469377	2
"pt_3_eq"	72.5874689374398	15.5082256114154	0.000299882566234273	9
"pt_3_ard"	83.563375692666	26.4841323666416	1.24040454765985e-06	2
