"AICc"	"Delta_AICc"	"AICcWt"	"K_rates"
"pt_1_eq"	58.4053379650879	0	0.655748053618664	1
"pt_1_ard"	60.278040037372	1.87270207228413	0.257089844789846	2
"pt_2_eq"	62.5647732685313	4.15943530344337	0.0819458774987359	4
"pt_2_ard"	68.1973983234275	9.79206035833959	0.00490250584529608	2
"pt_3_eq"	73.7313582967471	15.3260203316592	0.000308129997495947	9
"pt_3_ard"	81.7510694797447	23.3457315146568	5.58824996144448e-06	2
