"AICc"	"Delta_AICc"	"AICcWt"	"K_rates"
"pt_1_eq"	55.7815493215478	0	0.644778026687004	1
"pt_1_ard"	57.662878690838	1.88132936929021	0.251700887522625	2
"pt_2_eq"	59.5553982201033	3.77384889855556	0.0977078265296205	4
"pt_2_ard"	65.3131016867839	9.53155236523608	0.00549110730605142	2
"pt_3_eq"	71.022258051351	15.2407087298032	0.000316178531443933	9
"pt_3_ard"	78.960231759907	23.1786824383592	5.97342325547673e-06	2
