"AICc"	"Delta_AICc"	"AICcWt"	"K_rates"
"pt_1_eq"	54.367353673025	0	0.668143021717866	1
"pt_1_ard"	56.3589232690407	1.99156959601572	0.246834348299285	2
"pt_2_eq"	58.7608280182116	4.39347434518657	0.0742743063524072	4
"pt_2_ard"	62.6536849823622	8.28633130933714	0.0106051167861103	6
"pt_3_eq"	71.3353508876346	16.9679972146096	0.000138138793076666	9
"pt_3_ard"	77.9459559895997	23.5786023165747	5.06805125407609e-06	12
