"AICc"	"Delta_AICc"	"AICcWt"	"K_rates"
"pt_1_eq"	56.0065838036992	0	0.703230112265756	1
"pt_1_ard"	58.003478425839	1.99689462213982	0.259105899406765	2
"pt_2_eq"	62.6097584063211	6.60317460262198	0.0258962162139888	4
"pt_2_ard"	64.2355721465787	8.22898834287957	0.0114867017395172	2
"pt_3_eq"	71.7005584562044	15.6939746525052	0.000274912295116509	9
"pt_3_ard"	79.2979329862214	23.2913491825222	6.15807885639666e-06	2
