"AICc"	"Delta_AICc"	"AICcWt"	"K_rates"
"pt_1_eq"	55.2784034756045	0	0.685410414798538	1
"pt_1_ard"	57.1860906680154	1.90768719241087	0.264059434458264	2
"pt_2_eq"	60.866648084011	5.58824460840653	0.0419255531044458	4
"pt_2_ard"	64.0730883712403	8.79468489563578	0.00843740972362774	2
"pt_3_eq"	71.9592783500275	16.680874874423	0.000163585476586691	9
"pt_3_ard"	79.5907276669033	24.3123241912988	3.60243853819479e-06	2
