"AICc"	"Delta_AICc"	"AICcWt"	"K_rates"
"pt_1_eq"	57.962000457126	0	0.616045664322965	1
"pt_1_ard"	59.8846278320262	1.92262737490025	0.235569833811497	2
"pt_2_eq"	61.1382620815055	3.17626162437953	0.125862529923678	4
"pt_2_ard"	64.6227326006525	6.6607321435265	0.0220421167159573	6
"pt_3_eq"	72.3102781334974	14.3482776763714	0.000471980434302225	9
"pt_3_ard"	80.4968197554326	22.5348192983066	7.87479160110084e-06	12
