"AICc"	"Delta_AICc"	"AICcWt"	"K_rates"
"pt_1_eq"	59.4176731726724	0	0.617525797496413	1
"pt_1_ard"	61.2845123055298	1.86683913285739	0.24281535014037	2
"pt_2_eq"	62.6861413801001	3.26846820742767	0.120480358691926	4
"pt_2_ard"	66.4016837200047	6.98401054733231	0.0187973437749164	2
"pt_3_eq"	74.2373308176784	14.819657645006	0.000373772491728028	9
"pt_3_ard"	82.0877816149495	22.6701084422771	7.37740464613549e-06	2
