"AICc"	"Delta_AICc"	"AICcWt"	"K_rates"
"pt_1_eq"	56.5024794500761	0	0.677184592531745	1
"pt_1_ard"	58.3475265865209	1.84504713644476	0.269190775288392	2
"pt_2_eq"	61.8058704895171	5.30339103944098	0.0477628613620069	4
"pt_2_ard"	66.0703808278097	9.56790137773358	0.00566322325275275	2
"pt_3_eq"	72.8058774159228	16.3033979658467	0.000195195221631746	9
"pt_3_ard"	80.9345585140711	24.4320790639949	3.35234347236505e-06	2
