"AICc"	"Delta_AICc"	"AICcWt"	"K_rates"
"pt_1_eq"	54.5989128946197	0	0.688479107077759	1
"pt_1_ard"	56.411705470646	1.81279257602626	0.278130014975095	2
"pt_2_eq"	61.2123628644363	6.61344996981653	0.0252230935916234	4
"pt_2_ard"	63.4849609463931	8.88604805177334	0.00809673542311965	2
"pt_3_eq"	73.0135643555744	18.4146514609547	6.90557756382018e-05	9
"pt_3_ard"	80.1039540048973	25.5050411102776	1.99315676509156e-06	2
