"AICc"	"Delta_AICc"	"AICcWt"	"K_rates"
"pt_1_eq"	55.0243228667501	0	0.660111824984461	1
"pt_1_ard"	56.894555802496	1.87023293574582	0.259120391200802	2
"pt_2_eq"	59.5391532190389	4.51483035228878	0.06906126963536	4
"pt_2_ard"	63.134243493717	8.10992062696685	0.0114438096168179	2
"pt_3_eq"	70.6958407509422	15.671517884192	0.000260970034229281	9
"pt_3_ard"	80.72318088934	25.6988580225898	1.73452832933889e-06	2
