"AICc"	"Delta_AICc"	"AICcWt"	"K_rates"
"pt_1_eq"	56.416248783451	0	0.690654601026538	1
"pt_1_ard"	58.239249289666	1.82300050621505	0.277588441882245	2
"pt_2_eq"	63.0194233415786	6.60317455812763	0.0254331277391443	4
"pt_2_ard"	65.9264966059829	9.51024782253192	0.00594479432792287	6
"pt_3_eq"	71.4700900445134	15.0538412610624	0.0003718440304811	9
"pt_3_ard"	79.3613803040981	22.9451315206472	7.19099366861988e-06	12
