"AICc"	"Delta_AICc"	"AICcWt"	"K_rates"
"pt_1_eq"	56.4601419073075	0	0.685205676901705	1
"pt_1_ard"	58.2245167639975	1.76437485669	0.283590592702017	2
"pt_2_eq"	63.0735918789811	6.61344997167364	0.02510316830864	4
"pt_2_ard"	65.9726488998369	9.51250699252935	0.0058912344231074	2
"pt_3_eq"	72.6844823117486	16.2243404044411	0.000205470840441423	9
"pt_3_ard"	80.6354024280827	24.1752605207752	3.85682408937671e-06	2
