"AICc"	"Delta_AICc"	"AICcWt"	"K_rates"
"pt_1_eq"	58.0923037802776	0	0.616508581950143	1
"pt_1_ard"	59.825825318968	1.73352153869043	0.259125233949698	2
"pt_2_eq"	61.6293242211817	3.53702044090406	0.105168310348328	4
"pt_2_ard"	65.0713199352573	6.97901615497975	0.0188133018612741	2
"pt_3_eq"	72.8921366111761	14.7998328308985	0.000376874072510696	9
"pt_3_ard"	80.6740849880254	22.5817812077478	7.69781804600528e-06	2
