"AICc"	"Delta_AICc"	"AICcWt"	"K_rates"
"pt_1_eq"	57.1729496397364	0	0.648253256014282	1
"pt_1_ard"	59.2296531137109	2.05670347397452	0.231812698186951	2
"pt_2_eq"	60.814154550454	3.6412049107176	0.104970461530513	4
"pt_2_ard"	64.7524560663226	7.57950642658618	0.0146512877685305	6
"pt_3_eq"	72.4845429764864	15.31159333675	0.000306813495905982	9
"pt_3_ard"	80.5337169069987	23.3607672672624	5.48300381677687e-06	12
