"AICc"	"Delta_AICc"	"AICcWt"	"K_rates"
"pt_1_eq"	57.5710028727589	0	0.679773240985403	1
"pt_1_ard"	59.5707325750804	1.99972970232148	0.250108399592866	2
"pt_2_eq"	62.2476388933577	4.67663602059885	0.0655911817989865	4
"pt_2_ard"	67.6894725799743	10.1184697072154	0.00431684330971691	2
"pt_3_eq"	73.7577245393892	16.1867216666304	0.000207712252211072	9
"pt_3_ard"	82.5021108177191	24.9311079449602	2.62206081688981e-06	2
