"AICc"	"Delta_AICc"	"AICcWt"	"K_rates"
"pt_1_eq"	58.6131384834949	0	0.609417454555897	1
"pt_1_ard"	60.5888430015922	1.97570451809738	0.226932189751159	2
"pt_2_eq"	61.489087130717	2.87594864722213	0.144680691231356	4
"pt_2_ard"	65.6021865640024	6.98904808050756	0.0185038620190958	6
"pt_3_eq"	73.0007352976671	14.3875968141722	0.00045781280608927	9
"pt_3_ard"	81.0973655535203	22.4842270700255	7.98963640359877e-06	12
