"AICc"	"Delta_AICc"	"AICcWt"	"K_rates"
"pt_1_eq"	56.3103901747708	0	0.692461947403532	1
"pt_1_ard"	58.1464982040673	1.83610802929649	0.276496806814858	2
"pt_2_eq"	62.9238401454117	6.61344997064092	0.0253690087632899	4
"pt_2_ard"	65.9787708066648	9.66838063189395	0.00550723658980339	2
"pt_3_eq"	73.0306391346386	16.7202489598678	0.000162046622332185	9
"pt_3_ard"	81.0402181650759	24.7298279903051	2.95380618459439e-06	2
