"AICc"	"Delta_AICc"	"AICcWt"	"K_rates"
"pt_1_eq"	56.9102146008453	0	0.640825537210671	1
"pt_1_ard"	58.9109246041454	2.00071000330012	0.23566286495993	2
"pt_2_eq"	60.4724014904695	3.56218688962421	0.107949529907243	4
"pt_2_ard"	64.393639157104	7.48342455625874	0.0151961935007426	2
"pt_3_eq"	71.8906342772823	14.980419676437	0.000357917562594028	9
"pt_3_ard"	79.5031710504937	22.5929564496484	7.95685881860353e-06	2
