"AICc"	"Delta_AICc"	"AICcWt"	"K_rates"
"pt_1_eq"	55.7520495988138	0	0.660114502651158	1
"pt_1_ard"	57.5737258927316	1.82167629391783	0.265489465486937	2
"pt_2_eq"	60.428452876063	4.67640327724922	0.0637017267797972	4
"pt_2_ard"	64.0373982798496	8.28534868103586	0.010482833016051	2
"pt_3_eq"	71.8575651902337	16.1055155914199	0.000210063694550113	9
"pt_3_ard"	81.8675186203756	26.1154690215619	1.40837150658286e-06	2
