"AICc"	"Delta_AICc"	"AICcWt"	"K_rates"
"pt_1_eq"	55.4399838817459	0	0.703005696021149	1
"pt_1_ard"	57.4361014053142	1.99611752356832	0.259123875836831	2
"pt_2_eq"	62.0431584570359	6.60317457529001	0.0258879525138158	4
"pt_2_ard"	63.6254035701774	8.18541968843144	0.0117359308654196	2
"pt_3_eq"	71.3946535551102	15.9546696733643	0.000241238347015518	9
"pt_3_ard"	79.0283912063519	23.588407324606	5.30641576892538e-06	2
