"AICc"	"Delta_AICc"	"AICcWt"	"K_rates"
"pt_1_eq"	56.3511396816693	0	0.691323406543486	1
"pt_1_ard"	58.2017285136879	1.85058883201857	0.274050754628295	2
"pt_2_eq"	62.964589653937	6.61344997226768	0.0253272972043669	4
"pt_2_ard"	65.0172790838427	8.66613940217338	0.00907513303934436	2
"pt_3_eq"	72.4554716025705	16.1043319209012	0.000220125328609048	9
"pt_3_ard"	80.8661945572873	24.515054875618	3.28325589935876e-06	2
