"AICc"	"Delta_AICc"	"AICcWt"	"K_rates"
"pt_1_eq"	56.0794408369102	0	0.679967984341759	1
"pt_1_ard"	57.9766700064571	1.89722916954686	0.263336091407633	2
"pt_2_eq"	61.3566455199237	5.27720468301349	0.048591245148642	4
"pt_2_ard"	64.9859045450013	8.90646370809113	0.00791542875000931	2
"pt_3_eq"	72.4707708687928	16.3913300318826	0.000187566974366499	9
"pt_3_ard"	81.897438334991	25.8179974980808	1.68337758964735e-06	2
