"AICc"	"Delta_AICc"	"AICcWt"	"K_rates"
"pt_1_eq"	57.3580370667118	0	0.623292740155983	1
"pt_1_ard"	59.4827464252416	2.12470935852978	0.215435512118574	2
"pt_2_eq"	60.2967383282815	2.93870126156972	0.143403977593327	4
"pt_2_ard"	64.5087091854208	7.15067211870906	0.0174559442782727	2
"pt_3_eq"	72.0353369560333	14.6772998893216	0.000405095009372222	9
"pt_3_ard"	80.2301789885301	22.8721419218183	6.7308444710027e-06	2
