"AICc"	"Delta_AICc"	"AICcWt"	"K_rates"
"pt_1_eq"	56.470337416577	0	0.695516016361074	1
"pt_1_ard"	58.3549274097319	1.88458999315496	0.271065108035462	2
"pt_2_eq"	63.0837873468765	6.61344993029955	0.0254808980278782	4
"pt_2_ard"	65.4623770444732	8.9920396278962	0.00775729914825246	2
"pt_3_eq"	73.0058891448136	16.5355517282367	0.000178508006493429	9
"pt_3_ard"	81.8253138858882	25.3549764693112	2.17042083945357e-06	2
