"AICc"	"Delta_AICc"	"AICcWt"	"K_rates"
"pt_1_eq"	57.719745302019	0	0.629924368317223	1
"pt_1_ard"	59.7367276731313	2.01698237111231	0.22977683983613	2
"pt_2_eq"	61.0269926093599	3.30724730734087	0.120539332229959	4
"pt_2_ard"	64.6856339120014	6.96588860998237	0.0193492847873313	2
"pt_3_eq"	72.4370605863528	14.7173152843338	0.000401295233158663	9
"pt_3_ard"	80.0589432181598	22.3391979161408	8.87959619825445e-06	2
