"AICc"	"Delta_AICc"	"AICcWt"	"K_rates"
"pt_1_eq"	56.0998328333537	0	0.647857519566557	1
"pt_1_ard"	57.9774636717	1.87763083834628	0.25337114138615	2
"pt_2_eq"	59.9576898697696	3.85785703641591	0.0941361630054788	4
"pt_2_ard"	66.1346875482623	10.0348547149086	0.00428981426662354	6
"pt_3_eq"	71.2005739339235	15.1007411005698	0.000340718125379366	9
"pt_3_ard"	79.7916836726197	23.691850839266	4.64364981137972e-06	12
