"AICc"	"Delta_AICc"	"AICcWt"	"K_rates"
"pt_1_eq"	56.4775233211202	0	0.690984674898778	1
"pt_1_ard"	58.3396907093378	1.86216738821762	0.272335279181463	2
"pt_2_eq"	63.0909703023148	6.61344698119468	0.0253149253044849	4
"pt_2_ard"	64.7136866046246	8.23616328350447	0.0112462642138173	2
"pt_3_eq"	73.9018729734	17.4243496522799	0.000113715316132482	9
"pt_3_ard"	80.0947407501847	23.6172174290646	5.14108532459384e-06	2
