"AICc"	"Delta_AICc"	"AICcWt"	"K_rates"
"pt_1_eq"	55.6303308701404	0	0.637528276917729	1
"pt_1_ard"	57.628409379938	1.99807850979759	0.234758981474666	2
"pt_2_eq"	59.114998277212	3.48466740707163	0.111638383441543	4
"pt_2_ard"	63.037046440077	7.40671556993665	0.0157091107568856	2
"pt_3_eq"	70.6043257444131	14.9739948742727	0.000357221655849894	9
"pt_3_ard"	78.1957276179414	22.565396747801	8.02575332656809e-06	2
