"AICc"	"Delta_AICc"	"AICcWt"	"K_rates"
"pt_1_eq"	56.3231948207476	0	0.637994701781385	1
"pt_1_ard"	58.2362258623635	1.91303104161587	0.245136318557155	2
"pt_2_eq"	60.034878030381	3.7116832096334	0.0997321780932696	4
"pt_2_ard"	63.5988315296494	7.27563670890181	0.0167854363151204	2
"pt_3_eq"	71.3775303472969	15.0543355265493	0.000343407399022999	9
"pt_3_ard"	78.9070465937865	22.5838517730388	7.95785404644888e-06	2
