"AICc"	"Delta_AICc"	"AICcWt"	"K_rates"
"pt_1_eq"	57.0455565934456	0	0.671348489821073	1
"pt_1_ard"	58.9746812293019	1.92912463585628	0.255884467330267	2
"pt_2_eq"	61.6500697845614	4.60451319111576	0.0671569062305516	4
"pt_2_ard"	66.7153042027991	9.66974760935349	0.00533567050022236	2
"pt_3_eq"	72.6828136522532	15.6372570588076	0.000269998150946497	9
"pt_3_ard"	80.8857769101716	23.840220316726	4.46796693898861e-06	2
