"AICc"	"Delta_AICc"	"AICcWt"	"K_rates"
"pt_1_eq"	55.2655557371836	0	0.676230522599212	1
"pt_1_ard"	57.271039183179	2.0054834459954	0.248090178902591	2
"pt_2_eq"	59.8091744382433	4.54361870105965	0.0697365574324388	4
"pt_2_ard"	64.8130219987779	9.54746626159424	0.00571332346284924	2
"pt_3_eq"	71.2815910615923	16.0160353244087	0.000225038532804902	9
"pt_3_ard"	79.1604615565789	23.8949058193953	4.37907010458406e-06	2
