"AICc"	"Delta_AICc"	"AICcWt"	"K_rates"
"pt_1_eq"	58.9021093196229	0	0.649496262055624	1
"pt_1_ard"	60.835402877904	1.93329355828109	0.247040008647999	2
"pt_2_eq"	62.860458250024	3.95834893040112	0.0897495143115138	4
"pt_2_ard"	66.6485511329188	7.74644181329593	0.0135038681540947	2
"pt_3_eq"	75.0353087483012	16.1331994286784	0.000203843521008179	9
"pt_3_ard"	81.9253915571037	23.0232822374808	6.50330976047225e-06	2
