"AICc"	"Delta_AICc"	"AICcWt"	"K_rates"
"pt_1_eq"	56.5444839564547	0	0.645587836964567	1
"pt_1_ard"	58.5069379766733	1.96245402021866	0.241999162831115	2
"pt_2_eq"	60.3418199142413	3.79733595778666	0.0966883865953592	4
"pt_2_ard"	64.0172183811015	7.47273442464678	0.0153911714807555	2
"pt_3_eq"	71.7246599882203	15.1801760317656	0.000326303699083247	9
"pt_3_ard"	79.3693315863426	22.8248476298879	7.13842911986914e-06	2
