"AICc"	"Delta_AICc"	"AICcWt"	"K_rates"
"pt_1_eq"	55.9362592184332	0	0.641831163472767	1
"pt_1_ard"	57.9232556957744	1.98699647734122	0.237656664305097	2
"pt_2_eq"	59.5289756210078	3.5927164025746	0.106481055060626	4
"pt_2_ard"	63.6299081490413	7.69364893060814	0.0137014383798703	2
"pt_3_eq"	71.119717881389	15.1834586629559	0.000323872924771207	9
"pt_3_ard"	79.1626859182331	23.2264266998	5.80585686840925e-06	2
