"AICc"	"Delta_AICc"	"AICcWt"	"K_rates"
"pt_1_eq"	57.5912294120291	0	0.628725481446014	1
"pt_1_ard"	59.5148629922932	1.92363358026407	0.240297547046228	2
"pt_2_eq"	60.9562834600608	3.36505404803169	0.116882329848738	4
"pt_2_ard"	65.2303955482041	7.63916613617501	0.013792316432557	2
"pt_3_eq"	72.9130722109321	15.321842798903	0.000296050072678605	9
"pt_3_ard"	80.6209334355265	23.0297040234974	6.27515378429501e-06	2
