"AICc"	"Delta_AICc"	"AICcWt"	"K_rates"
"pt_1_eq"	56.181858213947	0	0.649638941401184	1
"pt_1_ard"	58.1846552046667	2.00279699071962	0.238654819579997	2
"pt_2_eq"	59.9491769430893	3.76731872914227	0.098766390446955	4
"pt_2_ard"	64.0614057565008	7.87954754255377	0.012637176208215	2
"pt_3_eq"	71.5592058872097	15.3773476732627	0.000297524976516738	9
"pt_3_ard"	79.6732237735538	23.4913655596068	5.14738713225171e-06	2
