"AICc"	"Delta_AICc"	"AICcWt"	"K_rates"
"pt_1_eq"	56.3231948438032	0	0.637996039700683	1
"pt_1_ard"	58.2362260612127	1.9130312174095	0.245136811078333	2
"pt_2_eq"	60.0348781417106	3.71168329790744	0.0997323828366986	4
"pt_2_ard"	63.5988409017596	7.27564605795644	0.0167853930513871	6
"pt_3_eq"	71.3775421845106	15.0543473407074	0.000343406090639296	9
"pt_3_ard"	79.4827997786762	23.159604934873	5.96724225894496e-06	12
