"AICc"	"Delta_AICc"	"AICcWt"	"K_rates"
"pt_1_eq"	56.6174520397045	0	0.619728623640662	1
"pt_1_ard"	58.4429214529604	1.82546941325588	0.24877452690113	2
"pt_2_eq"	60.0347848101858	3.41733277048125	0.11223729026489	4
"pt_2_ard"	63.6023130842317	6.9848610445272	0.0188563769449383	2
"pt_3_eq"	71.3378301361386	14.7203780964341	0.000394195866621774	9
"pt_3_ard"	78.9001053677585	22.282653328054	8.98638175783662e-06	2
