"AICc"	"Delta_AICc"	"AICcWt"	"K_rates"
"pt_1_eq"	58.0253832525442	0	0.646061863147343	1
"pt_1_ard"	60.0366355220792	2.01125226953503	0.236339452071203	2
"pt_2_eq"	61.6751514754098	3.64976822286561	0.104168642793995	4
"pt_2_ard"	65.8197884531803	7.79440520063612	0.0131141613087534	2
"pt_3_eq"	73.304926609759	15.2795433572148	0.000310715860570783	9
"pt_3_ard"	81.4989445538078	23.4735613012636	5.16481813509305e-06	2
