"AICc"	"Delta_AICc"	"AICcWt"	"K_rates"
"pt_1_eq"	57.1130522324826	0	0.694071722598149	1
"pt_1_ard"	58.9970741303561	1.8840218978735	0.27057906642976	2
"pt_2_eq"	63.7265025038787	6.61345027139615	0.0254279806004237	4
"pt_2_ard"	65.6271482140957	8.51409598161317	0.00983086878316383	2
"pt_3_eq"	75.0856765892239	17.9726243567414	8.6835749933092e-05	9
"pt_3_ard"	81.4934767939028	24.3804245614202	3.5258385698279e-06	2
