"AICc"	"Delta_AICc"	"AICcWt"	"K_rates"
"pt_1_eq"	57.3834647639526	0	0.688804246247946	1
"pt_1_ard"	59.2532515222975	1.86978675834489	0.27044364458308	2
"pt_2_eq"	63.9969147254189	6.6134499614663	0.0252350054828822	4
"pt_2_ard"	65.0100137157769	7.62654895182432	0.0152058867929659	2
"pt_3_eq"	72.830483647765	15.4470188838124	0.000304661996798652	9
"pt_3_ard"	80.5084649549485	23.1250001909959	6.55489632737773e-06	2
