"AICc"	"Delta_AICc"	"AICcWt"	"K_rates"
"pt_1_eq"	56.4861272013344	0	0.691427642547772	1
"pt_1_ard"	58.3721719848356	1.8860447835012	0.269275795236056	2
"pt_2_eq"	63.0995773362091	6.61345013487465	0.0253311139310232	4
"pt_2_ard"	64.3313006288064	7.84517342747199	0.0136832409200449	2
"pt_3_eq"	72.1306902093064	15.644563007972	0.000277059499352542	9
"pt_3_ard"	80.1019903506556	23.6158631493211	5.14786575127729e-06	2
