"AICc"	"Delta_AICc"	"AICcWt"	"K_rates"
"pt_1_eq"	57.1464943878415	0	0.698102663538363	1
"pt_1_ard"	59.139067075819	1.99257268797749	0.25777312314377	2
"pt_2_eq"	63.7496689882408	6.60317460039924	0.0257073996396369	4
"pt_2_ard"	64.4589874477292	7.3124930598877	0.0180314894697128	6
"pt_3_eq"	72.1607656369337	15.0142712490921	0.00038336434476964	9
"pt_3_ard"	82.7129873855923	25.5664929977508	1.95986374797496e-06	12
