"AICc"	"Delta_AICc"	"AICcWt"	"K_rates"
"pt_1_eq"	54.7562234048651	0	0.660638565071024	1
"pt_1_ard"	56.6940712281168	1.93784782325177	0.250706511595057	2
"pt_2_eq"	59.0328403239154	4.27661691905035	0.0778589168503064	4
"pt_2_ard"	63.0231430627669	8.2669196579018	0.0105882729281814	2
"pt_3_eq"	70.9409548601228	16.1847314552578	0.000202066417216424	9
"pt_3_ard"	78.0887792104285	23.3325558055634	5.66713821482715e-06	2
