"AICc"	"Delta_AICc"	"AICcWt"	"K_rates"
"pt_1_eq"	56.439090894979	0	0.693887205070398	1
"pt_1_ard"	58.4063706273673	1.96727973238836	0.25947738550347	2
"pt_2_eq"	63.0422654823912	6.60317458741225	0.0255521669420279	4
"pt_2_ard"	63.4534160064535	7.01432511147456	0.0208040330145693	2
"pt_3_eq"	72.1153104362497	15.6762195412707	0.000273678737314002	9
"pt_3_ard"	79.9185798588487	23.4794889638697	5.53073222098967e-06	2
