"AICc"	"Delta_AICc"	"AICcWt"	"K_rates"
"pt_1_eq"	57.2884990913604	0	0.634933571827906	1
"pt_1_ard"	59.2177264205781	1.9292273292176	0.241992496025567	2
"pt_2_eq"	60.8182689792519	3.52976988789145	0.108704744212091	4
"pt_2_ard"	64.9109769023453	7.62247781098485	0.0140452109023889	2
"pt_3_eq"	72.4581954200242	15.1696963286638	0.000322604623241166	9
"pt_3_ard"	83.3779155176387	26.0894164262783	1.37240880530103e-06	2
