"AICc"	"Delta_AICc"	"AICcWt"	"K_rates"
"pt_1_eq"	56.9696513192751	0	0.668429785044225	1
"pt_1_ard"	58.7684961529881	1.79884483371296	0.271920281488999	2
"pt_2_eq"	62.0012298700777	5.03157855080259	0.0540085345896777	4
"pt_2_ard"	66.5982461225579	9.62859480328279	0.00542291750559342	2
"pt_3_eq"	73.0563880489058	16.0867367296307	0.000214716439503355	9
"pt_3_ard"	81.1435649913558	24.1739136720806	3.76493200141691e-06	2
