"AICc"	"Delta_AICc"	"AICcWt"	"K_rates"
"pt_1_eq"	57.7026865701333	0	0.636048366637771	1
"pt_1_ard"	59.6293294806766	1.92664291054332	0.242730834716332	2
"pt_2_eq"	61.2970116978966	3.59432512776328	0.105436834104547	4
"pt_2_ard"	65.1381529380019	7.43546636786861	0.0154489559450299	6
"pt_3_eq"	72.8437768361139	15.1410902659806	0.000327826581823554	9
"pt_3_ard"	80.4855865168511	22.7828999467178	7.18201449645463e-06	12
