"AICc"	"Delta_AICc"	"AICcWt"	"K_rates"
"pt_1_eq"	56.7347286058882	0	0.624053273374523	1
"pt_1_ard"	58.764214868622	2.02948626273379	0.226216523082503	2
"pt_2_eq"	59.8534945445963	3.11876593870805	0.131217043049948	4
"pt_2_ard"	63.8019448762459	7.0672162703577	0.0182219626130934	6
"pt_3_eq"	72.1232473823158	15.3885187764275	0.000284215180615419	9
"pt_3_ard"	79.5358395139179	22.8011109080297	6.9826993172809e-06	12
