"AICc"	"Delta_AICc"	"AICcWt"	"K_rates"
"pt_1_eq"	56.6733575133117	0	0.660895334029037	1
"pt_1_ard"	58.505290616996	1.83193310368424	0.264443847132393	2
"pt_2_eq"	61.3642399879156	4.69088247460383	0.06331702467014	4
"pt_2_ard"	64.8297695886605	8.15641207534877	0.011194129003559	2
"pt_3_eq"	73.5245026450145	16.8511451317028	0.000144861511881198	9
"pt_3_ard"	80.3373057000772	23.6639481867654	4.80365298986472e-06	2
