"AICc"	"Delta_AICc"	"AICcWt"	"K_rates"
"pt_1_eq"	57.9144532435408	0	0.700548821323407	1
"pt_1_ard"	59.956888359577	2.04243511603621	0.252306974841343	2
"pt_2_eq"	64.5176278438907	6.60317460034987	0.0257974785914742	4
"pt_2_ard"	64.9226275052492	7.00817426170845	0.0210684556180966	2
"pt_3_eq"	73.6507617772474	15.7363085337066	0.000268128158735052	9
"pt_3_ard"	80.2004266047841	22.2859733612434	1.01414669434071e-05	2
