"AICc"	"Delta_AICc"	"AICcWt"	"K_rates"
"pt_1_eq"	56.1770720191776	0	0.639847266090606	1
"pt_1_ard"	58.1064314429957	1.9293594238181	0.243849148251608	2
"pt_2_eq"	59.8805556523721	3.70348363319442	0.10043268323793	4
"pt_2_ard"	63.6122352707195	7.43516325154186	0.0155435828558325	6
"pt_3_eq"	71.3796259047403	15.2025538855626	0.00031980384943677	9
"pt_3_ard"	78.8810493659847	22.703977346807	7.51571458657464e-06	12
