"AICc"	"Delta_AICc"	"AICcWt"	"K_rates"
"pt_1_eq"	55.4933211886808	0	0.676563127871844	1
"pt_1_ard"	57.4557132887045	1.96239210002376	0.253618129519867	2
"pt_2_eq"	60.161407939383	4.66808675070222	0.0655610902348908	4
"pt_2_ard"	65.7399648834852	10.2466436948044	0.00402974827512899	2
"pt_3_eq"	71.5013475298504	16.0080263411696	0.000226052634248215	9
"pt_3_ard"	81.1109298861199	25.6176086974391	1.85146402117547e-06	2
