"AICc"	"Delta_AICc"	"AICcWt"	"K_rates"
"pt_1_eq"	56.1759040870095	0	0.691802886462081	1
"pt_1_ard"	58.0091520423918	1.83324795538223	0.276628953781222	2
"pt_2_eq"	62.789354057901	6.61344997089144	0.0253448634292968	4
"pt_2_ard"	65.6609444713163	9.48504038430679	0.00603020421541233	2
"pt_3_eq"	72.5677012385011	16.3917971514916	0.000190787028542414	9
"pt_3_ard"	81.3997830271846	25.2238789401751	2.30508344558581e-06	2
