"AICc"	"Delta_AICc"	"AICcWt"	"K_rates"
"pt_1_eq"	57.0169061861822	0	0.633709555221013	1
"pt_1_ard"	58.9312669416114	1.91436075542912	0.243328007187121	2
"pt_2_eq"	60.3686032233821	3.35169703719988	0.118598307532397	4
"pt_2_ard"	67.0865333087709	10.0696271225887	0.00412380868064697	2
"pt_3_eq"	72.8501240203189	15.8332178341366	0.000231073789965113	9
"pt_3_ard"	79.2868725065633	22.2699663203811	9.24758885729029e-06	2
