"AICc"	"Delta_AICc"	"AICcWt"	"K_rates"
"pt_1_eq"	57.4570219695213	0	0.688948233227726	1
"pt_1_ard"	59.2963765812464	1.83935461172513	0.274647602135657	2
"pt_2_eq"	64.0704719250195	6.61344995549823	0.0252402806595718	4
"pt_2_ard"	65.7477579272261	8.29073595770483	0.0109112913436213	2
"pt_3_eq"	73.2955033836732	15.8384814141518	0.000250555563648586	9
"pt_3_ard"	82.9198400166984	25.4628180471771	2.03706977484848e-06	2
