"AICc"	"Delta_AICc"	"AICcWt"	"K_rates"
"pt_1_eq"	57.5704748767969	0	0.705727172029305	1
"pt_1_ard"	59.6579098207233	2.08743494392637	0.248516998831409	2
"pt_2_eq"	64.1736494666999	6.60317458990294	0.0259881697788785	4
"pt_2_ard"	64.7563407886735	7.18586591187658	0.0194198505077269	6
"pt_3_eq"	72.8298478160273	15.2593729392304	0.000342851541648058	9
"pt_3_ard"	81.3027159500793	23.7322410732823	4.95731103287119e-06	12
