"AICc"	"Delta_AICc"	"AICcWt"	"K_rates"
"pt_1_eq"	56.185977400549	0	0.679031791584444	1
"pt_1_ard"	58.0213178471148	1.83534044656584	0.271238287544904	2
"pt_2_eq"	61.6405561985672	5.45457879801818	0.0444061755459193	4
"pt_2_ard"	65.9554638313885	9.76948643083951	0.00513420356599931	2
"pt_3_eq"	72.5723130104492	16.3863356099002	0.000187777062552084	9
"pt_3_ard"	81.9068667735225	25.7208893729735	1.76469618097396e-06	2
