"AICc"	"Delta_AICc"	"AICcWt"	"K_rates"
"pt_1_eq"	58.1451269706528	0	0.68077756219594	1
"pt_1_ard"	60.0163680003498	1.87124102969695	0.267097858869564	2
"pt_2_eq"	63.4849350720997	5.33980810144691	0.047149884903056	4
"pt_2_ard"	68.0613222099417	9.91619523928892	0.00478333498615462	2
"pt_3_eq"	74.5318305652561	16.3867035946033	0.000188225196631944	9
"pt_3_ard"	82.7225850642006	24.5774580935478	3.13384865337327e-06	2
