"AICc"	"Delta_AICc"	"AICcWt"	"K_rates"
"pt_1_eq"	58.1060310561297	0	0.603953717514153	1
"pt_1_ard"	60.1296053117182	2.02357425558854	0.21957864075258	2
"pt_2_eq"	60.8203467889052	2.71431573277548	0.155452419671787	4
"pt_2_ard"	64.8509045322919	6.74487347616221	0.0207192004905945	6
"pt_3_eq"	73.4034587218915	15.2974276657618	0.000287878643463201	9
"pt_3_ard"	80.5342372518918	22.4282061957621	8.1429274216239e-06	12
