"AICc"	"Delta_AICc"	"AICcWt"	"K_rates"
"pt_1_eq"	57.0126732153174	0	0.653282298674945	1
"pt_1_ard"	59.0339007692127	2.02122755389529	0.237791816260482	2
"pt_2_eq"	60.8700772506211	3.85740403530374	0.0949459069192642	4
"pt_2_ard"	64.732730430111	7.72005721479367	0.0137629574288786	6
"pt_3_eq"	73.0933312836639	16.0806580683465	0.000210489462195676	9
"pt_3_ard"	80.0390044710293	23.0263312557119	6.53125423351466e-06	12
