"AICc"	"Delta_AICc"	"AICcWt"	"K_rates"
"pt_1_eq"	55.5469026361169	0	0.686001001699837	1
"pt_1_ard"	57.3592224973519	1.81231986123501	0.277194425562779	2
"pt_2_eq"	62.1500771897524	6.60317455363556	0.0252617605365513	4
"pt_2_ard"	63.7578611596872	8.21095852357033	0.0113067492495942	2
"pt_3_eq"	71.5105436013247	15.9636409652078	0.000234349568781906	9
"pt_3_ard"	81.3472324461825	25.8003298100656	1.71338245715297e-06	2
