"AICc"	"Delta_AICc"	"AICcWt"	"K_rates"
"pt_1_eq"	55.2250941173183	0	0.696193870917711	1
"pt_1_ard"	57.0795943176492	1.8545002003309	0.275442273083469	2
"pt_2_eq"	61.8385440670847	6.61344994976641	0.0255057316330885	4
"pt_2_ard"	66.3565573894667	11.1314632721484	0.00266418057993433	2
"pt_3_eq"	71.6406641282596	16.4155700109413	0.0001897293238701	9
"pt_3_ard"	79.2548171656665	24.0297230483482	4.21446192666673e-06	2
