"AICc"	"Delta_AICc"	"AICcWt"	"K_rates"
"pt_1_eq"	56.0150522670751	0	0.661626113370025	1
"pt_1_ard"	58.0284948357883	2.0134425687132	0.241768178897707	2
"pt_2_eq"	60.150161926883	4.13510965980788	0.0836921999887055	4
"pt_2_ard"	63.928613662515	7.9135613954399	0.0126533235923486	2
"pt_3_eq"	71.7332612855047	15.7182090184296	0.000255532954747385	9
"pt_3_ard"	79.7457150687478	23.7306628016727	4.65119646639692e-06	2
