"AICc"	"Delta_AICc"	"AICcWt"	"K_rates"
"pt_1_eq"	57.6171034554419	0	0.693414750918335	1
"pt_1_ard"	59.4746242056389	1.85752075019693	0.273928721283309	2
"pt_2_eq"	64.2305534221461	6.6134499667042	0.0254039156855162	4
"pt_2_ard"	66.7596672351184	9.14256377967645	0.00717316095933231	2
"pt_3_eq"	75.8439038741366	18.2268004186947	7.64000519370767e-05	9
"pt_3_ard"	82.284865234123	24.667761778681	3.05110157024097e-06	2
