"AICc"	"Delta_AICc"	"AICcWt"	"K_rates"
"pt_1_eq"	58.3208020977331	0	0.655641764556391	1
"pt_1_ard"	60.20064785771	1.87984575997686	0.256131675375421	2
"pt_2_eq"	62.3974185756384	4.07661647790524	0.0853966019520651	4
"pt_2_ard"	69.4776108373936	11.1568087396605	0.00247740137792741	2
"pt_3_eq"	73.4090654117588	15.0882633140257	0.000346969948044155	9
"pt_3_ard"	81.6667319349374	23.3459298372042	5.58679015102548e-06	2
