"AICc"	"Delta_AICc"	"AICcWt"	"K_rates"
"pt_1_eq"	57.8632514394827	0	0.696148229941664	1
"pt_1_ard"	59.8124755563422	1.94922411685956	0.262683675433826	2
"pt_2_eq"	64.4767014033889	6.61344996390619	0.0255040593517506	4
"pt_2_ard"	65.4912611109295	7.62800967144685	0.0153567908367164	2
"pt_3_eq"	73.3529462673872	15.4896948279045	0.000301409702388009	9
"pt_3_ard"	81.2422299834855	23.3789785440028	5.83473365557132e-06	2
