"AICc"	"Delta_AICc"	"AICcWt"	"K_rates"
"pt_1_eq"	56.9059397710878	0	0.696056374990917	1
"pt_1_ard"	58.8759213101349	1.96998153904706	0.259937153913652	2
"pt_2_eq"	63.5091143740579	6.60317460297003	0.0256320457078798	4
"pt_2_ard"	64.2213962532202	7.31545648213241	0.0179520158910796	2
"pt_3_eq"	71.7585748244785	14.8526350533907	0.000414415215781718	9
"pt_3_ard"	79.6548588957916	22.7489191247037	7.99428068982023e-06	2
