"AICc"	"Delta_AICc"	"AICcWt"	"K_rates"
"pt_1_eq"	56.9305386041482	0	0.685761745140048	1
"pt_1_ard"	58.8002295324768	1.86969092832854	0.269261975673651	2
"pt_2_eq"	62.6307202956433	5.70018169149504	0.039663818976609	4
"pt_2_ard"	66.7175113146984	9.78697271055021	0.00513995282717793	2
"pt_3_eq"	73.5441339988967	16.6135953947485	0.000169268775423172	9
"pt_3_ard"	81.4568230218151	24.5262844176668	3.23860709124538e-06	2
