"AICc"	"Delta_AICc"	"AICcWt"	"K_rates"
"pt_1_eq"	58.6859818569148	0	0.627218449403241	1
"pt_1_ard"	60.5901368182979	1.90415496138306	0.242067691361854	2
"pt_2_eq"	62.030280056203	3.34429819928815	0.117818556521627	4
"pt_2_ard"	66.5035643791431	7.81758252222828	0.0125849747596093	2
"pt_3_eq"	73.9490565188674	15.2630746619525	0.000304147515513834	9
"pt_3_ard"	81.7413038475124	23.0553219905976	6.18043815478885e-06	2
