"AICc"	"Delta_AICc"	"AICcWt"	"K_rates"
"pt_1_eq"	55.7210865227289	0	0.638593720895418	1
"pt_1_ard"	57.7120743150749	1.99098779234599	0.235986488542856	2
"pt_2_eq"	59.2374343846468	3.51634786191797	0.11006757734505	4
"pt_2_ard"	63.2044776540169	7.48339113128803	0.0151435224880042	2
"pt_3_eq"	71.8211420477422	16.1000555250133	0.000203770826754692	9
"pt_3_ard"	79.2685567865465	23.5474702638177	4.9199019168008e-06	2
