"AICc"	"Delta_AICc"	"AICcWt"	"K_rates"
"pt_1_eq"	56.8051629031042	0	0.647167214459658	1
"pt_1_ard"	58.733567816699	1.92840491359482	0.246756556688717	2
"pt_2_eq"	60.728648178938	3.92348527583378	0.0910002331894009	4
"pt_2_ard"	64.3520400776517	7.54687717454747	0.0148673289813057	6
"pt_3_eq"	72.9236799008763	16.1185169977721	0.000204609132224018	9
"pt_3_ard"	80.7647248323516	23.9595619292474	4.05754869395675e-06	12
