"AICc"	"Delta_AICc"	"AICcWt"	"K_rates"
"pt_1_eq"	56.524463965887	0	0.675191910669092	1
"pt_1_ard"	58.4946035943133	1.97013962842638	0.252125542593324	2
"pt_2_eq"	61.1040930239028	4.57962905801583	0.0683869784904027	4
"pt_2_ard"	66.7103790230498	10.1859150571629	0.0041455664338707	2
"pt_3_eq"	73.373799682387	16.8493357165	0.000148129128509932	9
"pt_3_ard"	82.1152222027016	25.5907582368146	1.87268480002313e-06	2
