"AICc"	"Delta_AICc"	"AICcWt"	"K_rates"
"pt_1_eq"	59.159387744781	0	0.661608824318236	1
"pt_1_ard"	61.0370381496647	1.87765040488372	0.258746619309488	2
"pt_2_eq"	63.5121889202106	4.35280117542962	0.0750589566765406	4
"pt_2_ard"	69.2246476446795	10.0652598998985	0.00431477220413548	2
"pt_3_eq"	74.800425260727	15.6410375159461	0.00026557864260083	9
"pt_3_ard"	82.648229637212	23.4888418924311	5.24884899874031e-06	2
