"AICc"	"Delta_AICc"	"AICcWt"	"K_rates"
"pt_1_eq"	57.2223617373001	0	0.60808946232925	1
"pt_1_ard"	59.2318978323725	2.00953609507237	0.222639520963154	2
"pt_2_eq"	60.0593613745199	2.83699963721985	0.147204414333062	4
"pt_2_ard"	63.8816494686875	6.65928773138739	0.0217731628053175	2
"pt_3_eq"	72.5657159690518	15.3433542317517	0.000283269906469634	9
"pt_3_ard"	79.2196982255174	21.9973364882173	1.01696627474801e-05	2
