"AICc"	"Delta_AICc"	"AICcWt"	"K_rates"
"pt_1_eq"	57.5397361271434	0	0.648841965286005	1
"pt_1_ard"	59.312295913934	1.77255978679058	0.267443756647105	2
"pt_2_eq"	61.9937991797539	4.45406305261048	0.0699763729504664	4
"pt_2_ard"	65.2911739573167	7.75143783017334	0.0134566077375805	2
"pt_3_eq"	73.0387772084987	15.4990410813553	0.000279617869819476	9
"pt_3_ard"	83.2686220441669	25.7288859170236	1.67950902313777e-06	2
