"AICc"	"Delta_AICc"	"AICcWt"	"K_rates"
"pt_1_eq"	58.1643972850597	0	0.690487419245077	1
"pt_1_ard"	60.023743205786	1.85934592072628	0.272523484637232	2
"pt_2_eq"	64.7778472551274	6.61344997006768	0.025296670034321	4
"pt_2_ard"	66.3705377900619	8.2061405050022	0.0114081441607827	2
"pt_3_eq"	73.7779979278878	15.6136006428281	0.00028099944956152	9
"pt_3_ard"	82.6775091292134	24.5131118441536	3.28247302655589e-06	2
