"AICc"	"Delta_AICc"	"AICcWt"	"K_rates"
"pt_1_eq"	56.0066486193071	0	0.67243078194246	1
"pt_1_ard"	57.8653546851047	1.85870606579756	0.265481762400825	2
"pt_2_eq"	61.1181072163481	5.11145859704099	0.0522045617636529	4
"pt_2_ard"	64.469858701343	8.46321008203589	0.00976978186399561	2
"pt_3_eq"	73.4296465662928	17.4229979469857	0.000110736719242497	9
"pt_3_ard"	81.113701773643	25.1070531543359	2.37530982477032e-06	2
