"AICc"	"Delta_AICc"	"AICcWt"	"K_rates"
"pt_1_eq"	58.6169272568072	0	0.661588180379301	1
"pt_1_ard"	60.5727788734199	1.95585161661274	0.248816946139052	2
"pt_2_eq"	62.7184135563454	4.10148629953822	0.0851062204411936	4
"pt_2_ard"	68.6846820318784	10.0677547750713	0.00430925868640223	2
"pt_3_eq"	75.0808107869699	16.4638835301627	0.000175995212373355	9
"pt_3_ard"	82.9746784673053	24.3577512104981	3.39914167790336e-06	2
