"AICc"	"Delta_AICc"	"AICcWt"	"K_rates"
"pt_1_eq"	55.6163680443299	0	0.69476379648215	1
"pt_1_ard"	57.4700080097978	1.85363996546783	0.274994732761396	2
"pt_2_eq"	62.229818016783	6.61344997245311	0.0254533391928476	4
"pt_2_ard"	65.601844433181	9.9854763888511	0.00471539992492391	2
"pt_3_eq"	74.017666812304	18.4012987679741	7.01529474189901e-05	9
"pt_3_ard"	80.6244584389953	25.0080903946653	2.5786912641405e-06	2
