"AICc"	"Delta_AICc"	"AICcWt"	"K_rates"
"pt_1_eq"	55.2942733029615	0	0.64960561446319	1
"pt_1_ard"	57.1838355327256	1.88956222976412	0.252543703493916	2
"pt_2_eq"	59.3969979271107	4.1027246241492	0.0835130677565119	4
"pt_2_ard"	62.9634835502923	7.66921024733085	0.0140378928875331	2
"pt_3_eq"	70.6948698825182	15.4005965795567	0.000294071348823286	9
"pt_3_ard"	78.599185925834	23.3049126228725	5.65005002618072e-06	2
