"AICc"	"Delta_AICc"	"AICcWt"	"K_rates"
"pt_1_eq"	57.4844131894315	0	0.668731736994479	1
"pt_1_ard"	59.3506762540804	1.86626306464882	0.263025623804354	2
"pt_2_eq"	62.2221263802267	4.73771319079511	0.06258504759545	4
"pt_2_ard"	67.1257021849626	9.6412889955311	0.00539104094175508	2
"pt_3_eq"	73.1762987790552	15.6918855896237	0.000261699126788214	9
"pt_3_ard"	81.1520985293694	23.6676853399378	4.85153717330657e-06	2
