"AICc"	"Delta_AICc"	"AICcWt"	"K_rates"
"pt_1_eq"	58.6996263687774	0	0.670354264938038	1
"pt_1_ard"	60.6220368128116	1.92241044403424	0.256364716459756	2
"pt_2_eq"	63.4714783113708	4.77185194259344	0.0616751043893915	4
"pt_2_ard"	66.8537764008525	8.15415003207507	0.0113671919850317	2
"pt_3_eq"	74.6126122186533	15.9129858498759	0.00023487857543386	9
"pt_3_ard"	82.8379034851226	24.1382771163452	3.84365234892576e-06	2
