"AICc"	"Delta_AICc"	"AICcWt"	"K_rates"
"pt_1_eq"	54.8349251783361	0	0.664771482238841	1
"pt_1_ard"	56.6495694395605	1.8146442612244	0.268304147366427	2
"pt_2_eq"	59.575280582646	4.74035540430983	0.0621322789477031	4
"pt_2_ard"	64.8038497337236	9.96892455538745	0.00454933499881528	2
"pt_3_eq"	70.6833523925052	15.8484272141691	0.000240563723677701	9
"pt_3_ard"	80.0790327270674	25.2441075487313	2.19272453494314e-06	2
