"AICc"	"Delta_AICc"	"AICcWt"	"K_rates"
"pt_1_eq"	55.196583164049	0	0.676518928298284	1
"pt_1_ard"	57.0207205566821	1.82413739263314	0.271752501374524	2
"pt_2_eq"	60.5338119681364	5.3372288040874	0.0469154021186271	4
"pt_2_ard"	65.1604483053137	9.96386514126469	0.0046414548220654	2
"pt_3_eq"	71.7815375584302	16.5849543943812	0.000169395888125638	9
"pt_3_ard"	80.365037942766	25.1684547787171	2.3174983734199e-06	2
