"AICc"	"Delta_AICc"	"AICcWt"	"K_rates"
"pt_1_eq"	56.0403224779572	0	0.70686209934119	1
"pt_1_ard"	58.1083416849829	2.06801920702571	0.251344873211928	2
"pt_2_eq"	62.6434971045201	6.60317462656288	0.0260299626247748	4
"pt_2_ard"	63.6892608385861	7.64893836062892	0.0154308139500398	2
"pt_3_eq"	71.4005498261851	15.3602273482279	0.000326515428334054	9
"pt_3_ard"	79.4841739877694	23.4438515098122	5.7354437337124e-06	2
