"AICc"	"Delta_AICc"	"AICcWt"	"K_rates"
"pt_1_eq"	57.3890893699147	0	0.682505250399295	1
"pt_1_ard"	59.1332011600299	1.74411179011523	0.285349380186782	2
"pt_2_eq"	64.0025392992911	6.6134499293764	0.025004236118	4
"pt_2_ard"	66.5551749112432	9.16608554132848	0.00697775651735923	2
"pt_3_eq"	74.1039545607217	16.714865190807	0.000160147121721302	9
"pt_3_ard"	81.9113885863504	24.5222992164357	3.22965684187986e-06	2
