"AICc"	"Delta_AICc"	"AICcWt"	"K_rates"
"pt_1_eq"	56.246288907018	0	0.670419298614748	1
"pt_1_ard"	58.0602586438175	1.81396973679946	0.270674899274641	2
"pt_2_eq"	61.4850909717994	5.23880206478135	0.0488376876681333	4
"pt_2_ard"	64.6843536715674	8.43806476454939	0.0098637947059922	2
"pt_3_eq"	72.4721319414575	16.2258430344394	0.000200885902419838	9
"pt_3_ard"	80.6102512556788	24.3639623486608	3.43383406504735e-06	2
