"AICc"	"Delta_AICc"	"AICcWt"	"K_rates"
"pt_1_eq"	58.0957702465148	0	0.681117428759805	1
"pt_1_ard"	60.0037935569007	1.90802331038586	0.262361433915798	2
"pt_2_eq"	63.5020784004576	5.40630815394285	0.0456306960975338	4
"pt_2_ard"	66.4079096449822	8.31213939846742	0.0106724433096568	2
"pt_3_eq"	74.2309399357275	16.1351696892127	0.00021355729587739	9
"pt_3_ard"	81.9771616471449	23.8813914006301	4.44062132946334e-06	2
