"AICc"	"Delta_AICc"	"AICcWt"	"K_rates"
"pt_1_eq"	57.3095320371616	0	0.64303709578866	1
"pt_1_ard"	59.3286224928035	2.01909045564187	0.23431284959362	2
"pt_2_eq"	60.9350225712636	3.62549053410195	0.104947176987462	4
"pt_2_ard"	64.5376499636382	7.22811792647661	0.0173248770968685	2
"pt_3_eq"	72.2306287369704	14.9210966998088	0.000369965346591392	9
"pt_3_ard"	79.8897869298425	22.5802548926808	8.03518679796721e-06	2
