"AICc"	"Delta_AICc"	"AICcWt"	"K_rates"
"pt_1_eq"	56.5708968802625	0	0.695934578443494	1
"pt_1_ard"	58.4739848659047	1.90308798564214	0.268731211582188	2
"pt_2_eq"	63.1740714781332	6.60317459787068	0.0256275606556611	4
"pt_2_ard"	65.1408942789485	8.56999739868595	0.00958555195456972	2
"pt_3_eq"	73.9385122054484	17.3676153251859	0.000117825330264719	9
"pt_3_ard"	81.1060952454026	24.5351983651401	3.27203382316223e-06	2
