"AICc"	"Delta_AICc"	"AICcWt"	"K_rates"
"pt_1_eq"	57.2321364367067	0	0.671452649261413	1
"pt_1_ard"	59.1626599458351	1.93052350912838	0.255745227546474	2
"pt_2_eq"	61.8438231238584	4.61168668715168	0.0669268448545261	4
"pt_2_ard"	66.8021433478222	9.57000691111552	0.00560937913924683	2
"pt_3_eq"	72.914665944426	15.6825295077194	0.000263996019062635	9
"pt_3_ard"	82.7794824077366	25.5473459710299	1.90317927819022e-06	2
