"AICc"	"Delta_AICc"	"AICcWt"	"K_rates"
"pt_1_eq"	55.3145169712829	0	0.676906241623971	1
"pt_1_ard"	57.2073850231946	1.89286805191173	0.262722606234036	2
"pt_2_eq"	60.522075900996	5.20755892971314	0.0500865899959487	4
"pt_2_ard"	63.7282976260125	8.41378065472961	0.0100808989982679	2
"pt_3_eq"	71.5679876293276	16.2534706580447	0.00020004707669547	9
"pt_3_ard"	79.5943168741513	24.2797999028684	3.6160710818038e-06	2
