"AICc"	"Delta_AICc"	"AICcWt"	"K_rates"
"pt_1_eq"	54.1628241577001	0	0.700402556216242	1
"pt_1_ard"	56.0758122656161	1.91298810791599	0.269121027855863	2
"pt_2_eq"	60.7659987182998	6.6031745605997	0.0257920929399098	4
"pt_2_ard"	64.2440973544386	10.0812731967385	0.00453134430565956	6
"pt_3_eq"	71.0849171095224	16.9220929518223	0.000148170561551638	9
"pt_3_ard"	77.9410325834266	23.7782084257265	4.80812077339463e-06	12
