"AICc"	"Delta_AICc"	"AICcWt"	"K_rates"
"pt_1_eq"	56.5354605039357	0	0.709959527320255	1
"pt_1_ard"	58.6078262639251	2.07236575998941	0.251898211839541	2
"pt_2_eq"	63.1386350868516	6.6031745829159	0.0261440249544795	4
"pt_2_ard"	64.7272598662644	8.19179936232867	0.0118142718974586	2
"pt_3_eq"	73.1058780595177	16.570417555582	0.000179066002303075	9
"pt_3_ard"	80.3037388059101	23.7682783019744	4.89798596284804e-06	2
