"AICc"	"Delta_AICc"	"AICcWt"	"K_rates"
"pt_1_eq"	55.8107065897806	0	0.679903818409125	1
"pt_1_ard"	57.7745085062336	1.96380191645301	0.254690832095404	2
"pt_2_eq"	60.8010730958191	4.99036650603858	0.0560793746500486	4
"pt_2_ard"	64.4300269410297	8.6193203512491	0.00913662598464289	2
"pt_3_eq"	72.2076424935726	16.3969359037921	0.000187024321844412	9
"pt_3_ard"	80.9830764137583	25.1723698239777	2.32453893452685e-06	2
