"AICc"	"Delta_AICc"	"AICcWt"	"K_rates"
"pt_1_eq"	54.3893287984189	0	0.701034464210346	1
"pt_1_ard"	56.3567302718654	1.96740147344649	0.262134128460799	2
"pt_2_eq"	60.992503400832	6.60317460241311	0.025815362203495	4
"pt_2_ard"	62.7369045768289	8.34757577841	0.0107916119489642	6
"pt_3_eq"	70.5193377848098	16.1300089863908	0.000220369974459679	9
"pt_3_ard"	78.5060108227783	24.1166820243594	4.06320193601383e-06	12
