"AICc"	"Delta_AICc"	"AICcWt"	"K_rates"
"pt_1_eq"	55.8411148326947	0	0.648199249196021	1
"pt_1_ard"	57.7678258377597	1.92671100506492	0.247359471759484	2
"pt_2_eq"	59.7739534051674	3.93283857247266	0.0907200912825448	4
"pt_2_ard"	63.5922107321884	7.75109589949366	0.0134455767080608	2
"pt_3_eq"	71.3802065612753	15.5390917285806	0.000273802637871359	9
"pt_3_ard"	81.4201189871529	25.5790041544581	1.80841601839154e-06	2
