"AICc"	"Delta_AICc"	"AICcWt"	"K_rates"
"pt_1_eq"	56.4025694488075	0	0.643038063725786	1
"pt_1_ard"	58.4438465269101	2.04127707810255	0.231728257325042	2
"pt_2_eq"	59.9356323779661	3.53306292915855	0.109911165701823	4
"pt_2_ard"	63.9037100676302	7.50114061882267	0.0151141835388936	6
"pt_3_eq"	72.5419203185149	16.1393508697073	0.000201196846310011	9
"pt_3_ard"	79.2210626921041	22.8184932432966	7.13286214618295e-06	12
