"AICc"	"Delta_AICc"	"AICcWt"	"K_rates"
"pt_1_eq"	56.9593710547328	0	0.667812400029639	1
"pt_1_ard"	58.916065637671	1.9566945829382	0.251051978750105	2
"pt_2_eq"	61.4996008197384	4.54022976500558	0.0689852292825434	4
"pt_2_ard"	65.0119568203069	8.05258576557409	0.0119140027857517	2
"pt_3_eq"	72.865430058954	15.9060590042212	0.000234799761615385	9
"pt_3_ard"	82.8561951798101	25.8968241250772	1.58939034559219e-06	2
