"AICc"	"Delta_AICc"	"AICcWt"	"K_rates"
"pt_1_eq"	56.4876055078332	0	0.698867518045914	1
"pt_1_ard"	58.390602391918	1.90299688408481	0.26987604244836	2
"pt_2_eq"	63.1010554411508	6.61344993331759	0.0256036834760784	4
"pt_2_ard"	66.1917831636759	9.70417765584268	0.00545958274035801	2
"pt_3_eq"	72.8924195641937	16.4048140563605	0.000191484993835878	9
"pt_3_ard"	82.3545996273533	25.8669941195201	1.68829545391924e-06	2
