"AICc"	"Delta_AICc"	"AICcWt"	"K_rates"
"pt_1_eq"	57.7699470656665	0	0.691862914000068	1
"pt_1_ard"	59.6404237841992	1.8704767185327	0.271550866541836	2
"pt_2_eq"	64.3833967583716	6.6134496927051	0.0253470661214289	4
"pt_2_ard"	66.0520452007461	8.28209813507966	0.011004879521428	2
"pt_3_eq"	73.7828726152542	16.0129255495877	0.000230599015614607	9
"pt_3_ard"	82.0612360788358	24.2912890131693	3.67479962450663e-06	2
