"AICc"	"Delta_AICc"	"AICcWt"	"K_rates"
"pt_1_eq"	55.7789788557626	0	0.70466860254274	1
"pt_1_ard"	57.8239630038756	2.044984148113	0.253467485106295	2
"pt_2_eq"	62.3821533588914	6.60317450312878	0.0259491894333848	4
"pt_2_ard"	63.3931670414973	7.61418818573463	0.0156525451336746	2
"pt_3_eq"	71.618569901996	15.8395910462334	0.000256130577000002	9
"pt_3_ard"	79.1107516697956	23.331772814033	6.04720690560738e-06	2
