"AICc"	"Delta_AICc"	"AICcWt"	"K_rates"
"pt_1_eq"	57.1720934575492	0	0.685548514054456	1
"pt_1_ard"	59.0472855253004	1.87519206775125	0.26843887500023	2
"pt_2_eq"	62.8289014326513	5.6568079751021	0.0405207942543063	4
"pt_2_ard"	66.8897390067408	9.71764554919164	0.00531959138823633	2
"pt_3_eq"	73.7860381344828	16.6139446769336	0.00016918659339732	9
"pt_3_ard"	81.8251767974935	24.6530833399443	3.03870937412544e-06	2
