"AICc"	"Delta_AICc"	"AICcWt"	"K_rates"
"pt_1_eq"	54.1463665285232	0	0.689619882198665	1
"pt_1_ard"	55.9805768840613	1.8342103555382	0.275623381109807	2
"pt_2_eq"	60.7598165004436	6.61344997192044	0.0252648869576788	4
"pt_2_ard"	62.7567909297016	8.61042440117847	0.00930850361737129	2
"pt_3_eq"	70.635166347146	16.4887998186228	0.0001811808892079	9
"pt_3_ard"	79.4891075262455	25.3427409977224	2.1652272700185e-06	2
