"AICc"	"Delta_AICc"	"AICcWt"	"K_rates"
"pt_1_eq"	56.8805040777382	0	0.689875549878337	1
"pt_1_ard"	58.8046697136369	1.92416563589872	0.263598839701558	2
"pt_2_eq"	63.483678661392	6.60317458365379	0.025404439113491	4
"pt_2_ard"	63.8841765914991	7.0036725137609	0.0207942178888381	2
"pt_3_eq"	72.2446094304623	15.3641053527241	0.000318051659692332	9
"pt_3_ard"	79.3965394838778	22.5160354061396	8.90175808384868e-06	2
