"AICc"	"Delta_AICc"	"AICcWt"	"K_rates"
"pt_1_eq"	55.2971291682007	0	0.683214613773443	1
"pt_1_ard"	57.1901939078949	1.89306473969413	0.265144951326652	2
"pt_2_eq"	60.649427249619	5.35229808141824	0.0470240885012979	4
"pt_2_ard"	65.3799548700576	10.0828257018568	0.00441671488693349	2
"pt_3_eq"	71.5913745332332	16.2942453650325	0.000197836637872682	9
"pt_3_ard"	80.9963883638528	25.6992591956521	1.79487380093938e-06	2
