"AICc"	"Delta_AICc"	"AICcWt"	"K_rates"
"pt_1_eq"	57.371086737655	0	0.659190409229242	1
"pt_1_ard"	59.2821253328668	1.91103859521181	0.253532781886597	2
"pt_2_eq"	61.5974001829763	4.22631344532124	0.0796670206630422	4
"pt_2_ard"	66.3580444488632	8.98695771120818	0.00737085399352372	2
"pt_3_eq"	73.2433132744994	15.8722265368444	0.000235722305346637	9
"pt_3_ard"	81.8348829762591	24.463796238604	3.21192224798933e-06	2
