"AICc"	"Delta_AICc"	"AICcWt"	"K_rates"
"pt_1_eq"	56.8155915290521	0	0.643409999906189	1
"pt_1_ard"	58.7456096355277	1.93001810647555	0.245126181312897	2
"pt_2_eq"	60.6613202288801	3.84572869982793	0.0940585825771134	4
"pt_2_ard"	64.0768213515773	7.26122982252515	0.0170502905681851	2
"pt_3_eq"	71.8316662588284	15.0160747297762	0.00035301130116875	9
"pt_3_ard"	82.2451397769793	25.4295482479271	1.93433444644072e-06	2
