"AICc"	"Delta_AICc"	"AICcWt"	"K_rates"
"pt_1_eq"	55.3562010388569	0	0.694731041481069	1
"pt_1_ard"	57.2481924321496	1.89199139329276	0.269759031166789	2
"pt_2_eq"	61.9593756125597	6.60317457370279	0.0255832411142623	4
"pt_2_ard"	63.8942168968433	8.5380158579864	0.00972322011340997	6
"pt_3_eq"	71.6614719976304	16.3052709587735	0.000200065453315445	9
"pt_3_ard"	79.8108155359117	24.4546144970548	3.40067115423004e-06	12
