"AICc"	"Delta_AICc"	"AICcWt"	"K_rates"
"pt_1_eq"	59.1582563497121	0	0.653977609517996	1
"pt_1_ard"	60.9731330556581	1.81487670594595	0.263917026896403	2
"pt_2_eq"	63.7039636940208	4.54570734430871	0.0673713223198877	4
"pt_2_ard"	66.7848514930687	7.62659514335655	0.0144367284040979	2
"pt_3_eq"	74.5936292208939	15.4353728711818	0.00029094724382877	9
"pt_3_ard"	82.2380905622815	23.0798342125693	6.36561778727064e-06	2
