"AICc"	"Delta_AICc"	"AICcWt"	"K_rates"
"pt_1_eq"	55.662639693877	0	0.653826561287274	1
"pt_1_ard"	57.6310605031683	1.96842080929132	0.24435735287483	2
"pt_2_eq"	59.6688182282046	4.00617853432753	0.088212868375035	4
"pt_2_ard"	63.4484138147958	7.78577412091879	0.013329172563637	2
"pt_3_eq"	71.2272845790464	15.5646448851694	0.000272673458316409	9
"pt_3_ard"	81.8121106014291	26.1494709075521	1.37144090784815e-06	2
