"AICc"	"Delta_AICc"	"AICcWt"	"K_rates"
"pt_1_eq"	56.5468518919932	0	0.677310735685213	1
"pt_1_ard"	58.5843944439438	2.03754255195057	0.244535105853028	2
"pt_2_eq"	61.0024887974696	4.45563690547633	0.0729892159896104	4
"pt_2_ard"	66.393939412582	9.84708752058878	0.00492629111949554	6
"pt_3_eq"	72.4853225162283	15.9384706242351	0.000234311194689165	9
"pt_3_ard"	80.4628012744728	23.9159493824795	4.34015796339955e-06	12
