"AICc"	"Delta_AICc"	"AICcWt"	"K_rates"
"pt_1_eq"	56.0872258255865	0	0.671070380356624	1
"pt_1_ard"	58.0659135980122	1.97868777242576	0.249517769729549	2
"pt_2_eq"	60.6087081021386	4.52148227655213	0.0699746393883819	4
"pt_2_ard"	64.6611394497898	8.57391362420335	0.00922500016790408	6
"pt_3_eq"	72.2521257779882	16.1648999524018	0.000207302550545497	9
"pt_3_ard"	79.7388300207832	23.6516041951967	4.90780699553852e-06	12
