"AICc"	"Delta_AICc"	"AICcWt"	"K_rates"
"pt_1_eq"	56.5271384006048	0	0.641501192566265	1
"pt_1_ard"	58.5384028978144	2.01126449720958	0.234669653285272	2
"pt_2_eq"	60.1056035755968	3.57846517499205	0.107187373328607	4
"pt_2_ard"	63.8734322026361	7.34629380203131	0.0162918363033654	2
"pt_3_eq"	71.5903526784445	15.0632142778398	0.00034376530895946	9
"pt_3_ard"	79.6278909806825	23.1007525800777	6.17920753104593e-06	2
