"AICc"	"Delta_AICc"	"AICcWt"	"K_rates"
"pt_1_eq"	56.6293129829643	0	0.624819865430778	1
"pt_1_ard"	58.6153432447765	1.98603026181221	0.231469533931349	2
"pt_2_eq"	59.8182333549301	3.18892037196585	0.126849736260784	4
"pt_2_ard"	63.896687893629	7.2673749106647	0.0165068581095061	2
"pt_3_eq"	71.6099499574929	14.9806369745286	0.000348940068723638	9
"pt_3_ard"	80.0745687173243	23.44525573436	5.06619886013924e-06	2
