"AICc"	"Delta_AICc"	"AICcWt"	"K_rates"
"pt_1_eq"	58.2952198226977	0	0.654134653021321	1
"pt_1_ard"	60.2591863633878	1.96396654069006	0.245017577137422	2
"pt_2_eq"	62.3666092538611	4.07138943116342	0.085423266586412	4
"pt_2_ard"	65.814077725192	7.51885790249435	0.0152394013880421	2
"pt_3_eq"	74.6983560576259	16.4031362349282	0.00017937890983258	9
"pt_3_ard"	81.5883855747196	23.2931657520218	5.72295697051928e-06	2
