"AICc"	"Delta_AICc"	"AICcWt"	"K_rates"
"pt_1_eq"	57.1588169592157	0	0.647064566112631	1
"pt_1_ard"	59.0545886035393	1.89577164432365	0.250776037622548	2
"pt_2_eq"	61.1084826810626	3.94966572184688	0.0898025365584722	4
"pt_2_ard"	65.1150604466988	7.95624348748309	0.0121135461003878	2
"pt_3_eq"	72.9741247889674	15.8153078297517	0.000238065881095644	9
"pt_3_ard"	80.603630434635	23.4448134754193	5.24772486620681e-06	2
