"AICc"	"Delta_AICc"	"AICcWt"	"K_rates"
"pt_1_eq"	55.0507512869457	0	0.678848624144912	1
"pt_1_ard"	56.9673341438664	1.91658285692063	0.260370791139553	2
"pt_2_eq"	60.0335182564625	4.98276696951672	0.0562055034657493	4
"pt_2_ard"	65.0987429344843	10.0479916475386	0.00446559444359638	6
"pt_3_eq"	72.5747477153157	17.52399642837	0.000106288301558043	9
"pt_3_ard"	79.5816913752071	24.5309400882614	3.19850463221093e-06	12
