"AICc"	"Delta_AICc"	"AICcWt"	"K_rates"
"pt_1_eq"	56.7564294770404	0	0.664463577071893	1
"pt_1_ard"	58.577813423059	1.82138394601865	0.267277672819294	2
"pt_2_eq"	61.6637845989714	4.90735512193107	0.0571284649613029	4
"pt_2_ard"	64.9569940974153	8.20056462037493	0.0110088308352708	2
"pt_3_eq"	74.0371166568559	17.2806871798155	0.000117494526931448	9
"pt_3_ard"	80.8175205461214	24.061091069081	3.95978530766187e-06	2
