"AICc"	"Delta_AICc"	"AICcWt"	"K_rates"
"pt_1_eq"	59.158639280082	0	0.645461612148411	1
"pt_1_ard"	61.0201928563973	1.8615535763153	0.254471526713258	2
"pt_2_eq"	63.2148942488029	4.05625496872085	0.0849309228898701	4
"pt_2_ard"	66.711759994985	7.55312071490302	0.0147819284073383	2
"pt_3_eq"	74.2131183664851	15.0544790864031	0.000347401605180568	9
"pt_3_ard"	82.137447833284	22.978808553202	6.60823594108451e-06	2
