"AICc"	"Delta_AICc"	"AICcWt"	"K_rates"
"pt_1_eq"	54.3265802593242	0	0.684770569089553	1
"pt_1_ard"	56.1097978317045	1.78321757238035	0.280752938545429	2
"pt_2_eq"	60.9400302318176	6.61344997249341	0.0250872277056139	4
"pt_2_ard"	62.9445046016307	8.6179243423065	0.00920845123942994	2
"pt_3_eq"	70.8292299724773	16.5026497131532	0.000178665308184465	9
"pt_3_ard"	79.6710800728229	25.3444998134987	2.14811178935945e-06	2
