"AICc"	"Delta_AICc"	"AICcWt"	"K_rates"
"pt_1_eq"	56.2955893404455	0	0.702936660172832	1
"pt_1_ard"	58.3126071517884	2.01701781134296	0.256404912082889	2
"pt_2_eq"	62.8987639338438	6.60317459339839	0.0258854100571365	4
"pt_2_ard"	64.0562146402009	7.76062529975545	0.0145116842973928	6
"pt_3_eq"	72.125080573939	15.8294912334936	0.000256794576144321	9
"pt_3_ard"	80.1963021603094	23.9007128198639	4.53881360525288e-06	12
