"AICc"	"Delta_AICc"	"AICcWt"	"K_rates"
"pt_1_eq"	54.7295873532101	0	0.699927340099826	1
"pt_1_ard"	56.6375677732346	1.90798042002446	0.269612655522703	2
"pt_2_eq"	61.3327619556459	6.60317460243581	0.0257745927241305	4
"pt_2_ard"	64.8292479943075	10.0996606410974	0.00448682896894192	2
"pt_3_eq"	71.0993670961109	16.3697797429008	0.00019516433306508	9
"pt_3_ard"	79.1887342339332	24.4591468807231	3.4183513328296e-06	2
