"AICc"	"Delta_AICc"	"AICcWt"	"K_rates"
"pt_1_eq"	55.1318532827146	0	0.685103775475184	1
"pt_1_ard"	56.980337425534	1.84848414281941	0.271871153153413	2
"pt_2_eq"	60.9331111405686	5.80125785785404	0.037672914761235	4
"pt_2_ard"	64.8896386636589	9.75778538094435	0.00521050944617222	2
"pt_3_eq"	72.1359147343505	17.0040614516359	0.000139114158049534	9
"pt_3_ard"	80.1476910518317	25.0158377691172	2.53300594555523e-06	2
