"AICc"	"Delta_AICc"	"AICcWt"	"K_rates"
"pt_1_eq"	56.1489024709396	0	0.659262154061086	1
"pt_1_ard"	58.1320962916482	1.98319382070856	0.244575572443125	2
"pt_2_eq"	60.2940914641281	4.14518899318843	0.0829739551071744	4
"pt_2_ard"	63.9966193261895	7.84771685524984	0.0130301100061882	6
"pt_3_eq"	72.8808837985574	16.7319813276177	0.000153374995920215	9
"pt_3_ard"	79.7955608272483	23.6466583563087	4.83338650670692e-06	12
