"AICc"	"Delta_AICc"	"AICcWt"	"K_rates"
"pt_1_eq"	55.4548657163991	0	0.684671091819069	1
"pt_1_ard"	57.3082117425538	1.85334602615474	0.271039767035818	2
"pt_2_eq"	61.223627851405	5.76876213500591	0.0382658363770523	4
"pt_2_ard"	64.9664447814053	9.51157906500617	0.00588937000898743	2
"pt_3_eq"	72.5699847968614	17.1151190804623	0.000131516761026379	9
"pt_3_ard"	80.5623735155093	25.1075077991102	2.41799804687476e-06	2
