"AICc"	"Delta_AICc"	"AICcWt"	"K_rates"
"pt_1_eq"	54.7060258182308	0	0.65910047800322	1
"pt_1_ard"	56.5551872394815	1.84916142125068	0.261463653807613	2
"pt_2_eq"	59.0620267129041	4.35600089467325	0.0746548540480813	4
"pt_2_ard"	64.6931402478485	9.98711442961765	0.00446968876411169	6
"pt_3_eq"	70.0462633711754	15.3402375529446	0.000307511503346724	9
"pt_3_ard"	78.8259976176475	24.1199717994167	3.81387362669207e-06	12
