"AICc"	"Delta_AICc"	"AICcWt"	"K_rates"
"pt_1_eq"	56.7031993882129	0	0.639706299909251	1
"pt_1_ard"	58.6961447298646	1.99294534165173	0.236166365163189	2
"pt_2_eq"	60.2186732804092	3.5154738921963	0.110307532895099	4
"pt_2_ard"	64.404314382254	7.70111499404113	0.0136051944899859	2
"pt_3_eq"	72.7581643169553	16.0549649287425	0.000208780190671118	9
"pt_3_ard"	79.9156029534488	23.2124035652359	5.82735180313159e-06	2
