"AICc"	"Delta_AICc"	"AICcWt"	"K_rates"
"pt_1_eq"	54.4040257233821	0	0.698414939528331	1
"pt_1_ard"	56.3513389024308	1.94731317904871	0.263790916352775	2
"pt_2_eq"	61.0072003203048	6.60317459692274	0.0257188991443668	4
"pt_2_ard"	62.542425435008	8.13839971162595	0.0119366504831672	2
"pt_3_eq"	71.5350076737149	17.1309819503328	0.000133096935246536	9
"pt_3_ard"	77.9085557710318	23.5045300476497	5.49755611373253e-06	2
