"AICc"	"Delta_AICc"	"AICcWt"	"K_rates"
"pt_1_eq"	56.864943801444	0	0.643961200914039	1
"pt_1_ard"	58.9260689941868	2.06112519274276	0.229769327303482	2
"pt_2_eq"	60.372237068716	3.50729326727202	0.111496348738662	4
"pt_2_ard"	64.4632080640978	7.59826426265374	0.0144184169739014	2
"pt_3_eq"	71.9163226713439	15.0513788698998	0.000347131725843495	9
"pt_3_ard"	79.5661978008041	22.7012539993601	7.57434407254942e-06	2
