"AICc"	"Delta_AICc"	"AICcWt"	"K_rates"
"pt_1_eq"	58.3677718106369	0	0.634714388123644	1
"pt_1_ard"	60.3031707552963	1.93539894465938	0.241163624487646	2
"pt_2_eq"	61.9031732806106	3.53540146997373	0.108361664750068	4
"pt_2_ard"	65.7847018350889	7.416930024452	0.0155601024512908	2
"pt_3_eq"	74.5580522219941	16.1902804113572	0.000193599228251697	9
"pt_3_ard"	81.30915212206	22.9413803114231	6.6209590992672e-06	2
