"AICc"	"Delta_AICc"	"AICcWt"	"K_rates"
"pt_1_eq"	58.2339828016117	0	0.680949196701712	1
"pt_1_ard"	60.0885383724967	1.85455557088497	0.269403408718909	2
"pt_2_eq"	63.6869346420246	5.45295184041286	0.0445678069949675	4
"pt_2_ard"	68.0633690993561	9.82938629774435	0.0049967842397303	2
"pt_3_eq"	76.3421655080302	18.1081827064185	7.96109485598929e-05	9
"pt_3_ard"	82.7749252238207	24.540942422209	3.19239612187251e-06	2
