"AICc"	"Delta_AICc"	"AICcWt"	"K_rates"
"pt_1_eq"	56.9073798056214	0	0.692064313001361	1
"pt_1_ard"	58.7336881287288	1.82630832310743	0.277695371694864	2
"pt_2_eq"	63.5208297497882	6.61344994416681	0.0253544413805358	4
"pt_2_ard"	66.8571030816359	9.94972327601451	0.00478180098743464	2
"pt_3_eq"	74.570743471148	17.6633636655266	0.000101063833836118	9
"pt_3_ard"	81.5989647721286	24.6915849665072	3.00910196844219e-06	2
