"AICc"	"Delta_AICc"	"AICcWt"	"K_rates"
"pt_1_eq"	57.1332565877539	0	0.689351526218823	1
"pt_1_ard"	58.9550249703752	1.8217683826213	0.27723545059872	2
"pt_2_eq"	63.7467065597385	6.61344997198459	0.025255055477716	4
"pt_2_ard"	66.0823809157611	8.94912432800726	0.00785530558823114	2
"pt_3_eq"	72.6421182847705	15.5088616970166	0.000295620272946682	9
"pt_3_ard"	80.1165298115337	22.9832732237798	7.04184356350717e-06	2
