"AICc"	"Delta_AICc"	"AICcWt"	"K_rates"
"pt_1_eq"	55.2722741211054	0	0.695690490238959	1
"pt_1_ard"	57.1841278579919	1.91185373688654	0.26746213236184	2
"pt_2_eq"	61.8754487026202	6.60317458151484	0.0256185723977732	4
"pt_2_ard"	63.572043406097	8.29976928499158	0.010968419849241	2
"pt_3_eq"	71.0685980233651	15.7963239022597	0.000258397265997317	9
"pt_3_ard"	80.8034506905768	25.5311765694714	1.98788618927683e-06	2
