"AICc"	"Delta_AICc"	"AICcWt"	"K_rates"
"pt_1_eq"	57.7550846553746	0	0.677263486299852	1
"pt_1_ard"	59.6844960696586	1.92941141428405	0.258101956463766	2
"pt_2_eq"	62.8317223099833	5.0766376546087	0.0535032054354426	4
"pt_2_ard"	66.012026962026	8.25694230665142	0.0109090120451936	2
"pt_3_eq"	73.8372258167239	16.0821411613493	0.000218054513269899	9
"pt_3_ard"	81.6963617262388	23.9412770708643	4.285242476126e-06	2
