"AICc"	"Delta_AICc"	"AICcWt"	"K_rates"
"pt_1_eq"	55.4202203548069	0	0.676024023278547	1
"pt_1_ard"	57.3162117472919	1.89599139248497	0.2619707657853	2
"pt_2_eq"	60.5336502424672	5.11342988766026	0.0524318205265798	4
"pt_2_ard"	63.954659043638	8.53443868883105	0.00947834069136301	2
"pt_3_eq"	73.1883114045619	17.768091049755	9.36850258439471e-05	9
"pt_3_ard"	81.6463300774484	26.2261097226414	1.36469236616974e-06	2
