"AICc"	"Delta_AICc"	"AICcWt"	"K_rates"
"pt_1_eq"	55.8680425449633	0	0.653723268273909	1
"pt_1_ard"	57.8983170658292	2.03027452086583	0.236878384599336	2
"pt_2_eq"	59.7486133861689	3.88057084120562	0.093915806380693	4
"pt_2_ard"	63.382284764895	7.51424221993171	0.0152650059313824	2
"pt_3_eq"	71.9296554995947	16.0616129546314	0.000212646875063237	9
"pt_3_ard"	79.4753796156042	23.6073370706409	4.88793961649395e-06	2
