"AICc"	"Delta_AICc"	"AICcWt"	"K_rates"
"pt_1_eq"	55.5302545085977	0	0.670654633643148	1
"pt_1_ard"	57.3809489825098	1.85069447391218	0.265843306938355	2
"pt_2_eq"	60.4192437262449	4.88898921764728	0.0581926868697362	4
"pt_2_ard"	65.2961830926807	9.76592858408308	0.00507989203527057	2
"pt_3_eq"	71.5279476376749	15.9976931290772	0.000225239214941696	9
"pt_3_ard"	79.4725346999376	23.9422801913399	4.24129854860464e-06	2
