"AICc"	"Delta_AICc"	"AICcWt"	"K_rates"
"pt_1_eq"	57.065932903141	0	0.65674780054281	1
"pt_1_ard"	59.0422847791649	1.97635187602395	0.244477710594315	2
"pt_2_eq"	60.9703647525113	3.90443184937033	0.093231360847601	4
"pt_2_ard"	66.7449625330119	9.67902962987093	0.00519546050557916	2
"pt_3_eq"	72.1908430511584	15.1249101480174	0.00034124486014217	9
"pt_3_ard"	80.1363821494285	23.0704492462875	6.42264955218629e-06	2
