"AICc"	"Delta_AICc"	"AICcWt"	"K_rates"
"pt_1_eq"	56.7708785340638	0	0.679660134253053	1
"pt_1_ard"	58.6379731529958	1.86709461893197	0.26721285784769	2
"pt_2_eq"	62.2251581659692	5.45427963190546	0.0444539158950172	4
"pt_2_ard"	65.5334601460016	8.76258161193786	0.00850200539666872	2
"pt_3_eq"	73.3805475967104	16.6096690626466	0.000168092364718807	9
"pt_3_ard"	81.4361920418567	24.6653135077929	2.99424285242953e-06	2
