"AICc"	"Delta_AICc"	"AICcWt"	"K_rates"
"pt_1_eq"	55.7237278962321	0	0.710093095386566	1
"pt_1_ard"	57.7455562437955	2.0218283475634	0.258393058438862	2
"pt_2_eq"	62.3269024538281	6.60317455759596	0.0261489438854225	4
"pt_2_ard"	65.5670513292993	9.84332343306713	0.00517445678815325	2
"pt_3_eq"	72.1982035348732	16.4744756386411	0.00018790068300737	9
"pt_3_ard"	80.8019123570808	25.0781844608486	2.54481798876529e-06	2
