"AICc"	"Delta_AICc"	"AICcWt"	"K_rates"
"pt_1_eq"	58.1193238543875	0	0.667160554003133	1
"pt_1_ard"	60.0242231770368	1.90489932264928	0.25738707140897	2
"pt_2_eq"	62.8115594616186	4.69223560723105	0.0638740339272776	4
"pt_2_ard"	66.2686029905464	8.14927913615887	0.0113406221432981	2
"pt_3_eq"	74.0316049248329	15.9122810704453	0.00023384195270201	9
"pt_3_ard"	82.2309971595718	24.1116733051842	3.87656461912645e-06	2
