"AICc"	"Delta_AICc"	"AICcWt"	"K_rates"
"pt_1_eq"	57.5534792639052	0	0.659913076132597	1
"pt_1_ard"	59.4276276602663	1.87414839636105	0.258535735283735	2
"pt_2_eq"	61.8698490560283	4.31636979212308	0.0762428185008041	4
"pt_2_ard"	67.2943206771584	9.74084141325314	0.00506162418458701	2
"pt_3_eq"	73.3750623563907	15.8215830924854	0.00024203246166125	9
"pt_3_ard"	81.2523715005231	23.6988922366179	4.71343661486493e-06	2
