"AICc"	"Delta_AICc"	"AICcWt"	"K_rates"
"pt_1_eq"	58.7125562840779	0	0.691672315692373	1
"pt_1_ard"	60.5864387915603	1.87388250748243	0.271014156490644	2
"pt_2_eq"	65.3260062553824	6.6134499713045	0.0253400798384628	4
"pt_2_ard"	66.8446684453525	8.13211216127464	0.0118586342457307	2
"pt_3_eq"	76.1857375018181	17.4731812177402	0.000111082923542201	9
"pt_3_ard"	82.9730411313849	24.260484847307	3.73080924749864e-06	2
