"AICc"	"Delta_AICc"	"AICcWt"	"K_rates"
"pt_1_eq"	56.6889318246197	0	0.701416495586815	1
"pt_1_ard"	58.6621156795005	1.97318385488075	0.261519781803768	2
"pt_2_eq"	63.3023821225625	6.61345029794282	0.0256970630342005	4
"pt_2_ard"	64.9425647237131	8.25363289909335	0.0113167667136182	2
"pt_3_eq"	75.9577490231795	19.2688171985597	4.58992388995395e-05	9
"pt_3_ard"	80.8412485664772	24.1523167418575	3.99362269895943e-06	2
