"AICc"	"Delta_AICc"	"AICcWt"	"K_rates"
"pt_1_eq"	54.8594781407448	0	0.674993743484488	1
"pt_1_ard"	56.6942336773571	1.83475553661231	0.269704159740822	2
"pt_2_eq"	60.2071554902093	5.3476773494645	0.0465657246134668	4
"pt_2_ard"	63.5766265644931	8.71714842374831	0.00863763838206204	2
"pt_3_eq"	72.561244499857	17.7017663591122	9.66963369655094e-05	9
"pt_3_ard"	80.2810051514312	25.4215270106864	2.03744219577087e-06	2
