"AICc"	"Delta_AICc"	"AICcWt"	"K_rates"
"pt_1_eq"	58.0599214495065	0	0.70034020789496	1
"pt_1_ard"	59.9764459919195	1.91652454241303	0.2686216696314	2
"pt_2_eq"	64.6733714211302	6.61344997162372	0.0256576363932489	4
"pt_2_ard"	67.8277695484369	9.76784809893037	0.00529965740971013	2
"pt_3_eq"	76.2533061258677	18.1933846763612	7.84631563740873e-05	9
"pt_3_ard"	83.2565735354012	25.1966520858947	2.36551430706606e-06	2
