"AICc"	"Delta_AICc"	"AICcWt"	"K_rates"
"pt_1_eq"	55.1019914836377	0	0.670357030993229	1
"pt_1_ard"	57.0755469011775	1.97355541753978	0.249892979388634	2
"pt_2_eq"	59.5084914100328	4.40649992639503	0.0740366683956746	4
"pt_2_ard"	64.7276324828824	9.62564099924464	0.00544659124255041	2
"pt_3_eq"	70.798954515485	15.6969630318473	0.000261670012482979	9
"pt_3_ard"	78.6904028541086	23.5884113704709	5.05996742878639e-06	2
