"AICc"	"Delta_AICc"	"AICcWt"	"K_rates"
"pt_1_eq"	57.1030579636294	0	0.642461065198464	1
"pt_1_ard"	59.0943723842538	1.9913144206244	0.237376860214432	2
"pt_2_eq"	60.7469785417109	3.64392057808156	0.103891379657668	4
"pt_2_ard"	64.4859565746548	7.38289861102541	0.0160203038841375	2
"pt_3_eq"	72.8530303531586	15.7499723895292	0.000244221426696607	9
"pt_3_ard"	80.2099069112022	23.1068489475728	6.16961860274161e-06	2
