"AICc"	"Delta_AICc"	"AICcWt"	"K_rates"
"pt_1_eq"	57.1084381291865	0	0.643751243410008	1
"pt_1_ard"	58.9401711234435	1.831732994257	0.257609761197128	2
"pt_2_eq"	61.1545581361937	4.04612000700726	0.0851362045079112	4
"pt_2_ard"	64.8775829151692	7.7691447859827	0.0132333477771327	2
"pt_3_eq"	72.6806099134053	15.5721717842188	0.000267463142115759	9
"pt_3_ard"	82.4924144072124	25.3839762780259	1.97996570422109e-06	2
