"AICc"	"Delta_AICc"	"AICcWt"	"K_rates"
"pt_1_eq"	56.9110513185925	0	0.672796878955002	1
"pt_1_ard"	58.9444447009033	2.03339338231076	0.243409881765828	2
"pt_2_eq"	61.4048472606261	4.49379594203358	0.0711325827769093	4
"pt_2_ard"	64.8990548135283	7.98800349493574	0.0123968414983564	2
"pt_3_eq"	72.6433588276216	15.7323075090291	0.000258022036541548	9
"pt_3_ard"	80.2361594997545	23.325108181162	5.79296736259008e-06	2
