"AICc"	"Delta_AICc"	"AICcWt"	"K_rates"
"pt_1_eq"	55.4167306158245	0	0.684912768553782	1
"pt_1_ard"	57.1794254647098	1.76269484888522	0.28370758020178	2
"pt_2_eq"	62.0301805453645	6.61344992953998	0.02509243785851	4
"pt_2_ard"	64.8810793701078	9.46434875428322	0.00603223209850682	2
"pt_3_eq"	71.248966138787	15.8322355229625	0.000249867056514185	9
"pt_3_ard"	79.0267700879346	23.6100394721101	5.11423090760215e-06	2
