"AICc"	"Delta_AICc"	"AICcWt"	"K_rates"
"pt_1_eq"	57.2548860544087	0	0.629328205358612	1
"pt_1_ard"	59.3548197821918	2.0999337277831	0.220232993178795	2
"pt_2_eq"	60.3573803485132	3.1024942941045	0.133407154327846	4
"pt_2_ard"	64.5226747678814	7.26778871347265	0.0166225225020335	2
"pt_3_eq"	71.9651903406882	14.7103042862795	0.000402323320649493	9
"pt_3_ard"	80.1254713435565	22.8705852891478	6.80131206393027e-06	2
