"AICc"	"Delta_AICc"	"AICcWt"	"K_rates"
"pt_1_eq"	55.2988256344851	0	0.662637927731435	1
"pt_1_ard"	57.2430939832344	1.94426834874928	0.250659276956084	2
"pt_2_eq"	59.6964689145944	4.39764328010927	0.0735089442240879	4
"pt_2_ard"	63.1548356202906	7.85600998580554	0.013042636688415	2
"pt_3_eq"	72.089296706454	16.7904710719689	0.000149717243523701	9
"pt_3_ard"	81.299658426307	26.0008327918219	1.49715645459594e-06	2
