"AICc"	"Delta_AICc"	"AICcWt"	"K_rates"
"pt_1_eq"	56.089916777683	0	0.64231002090348	1
"pt_1_ard"	58.0143412451378	1.92442446745484	0.245392471177548	2
"pt_2_eq"	59.8869713109354	3.79705453325242	0.0962110118205026	4
"pt_2_ard"	63.4894780058014	7.39956122811847	0.0158836530719297	6
"pt_3_eq"	72.2864080214027	16.1964912437197	0.000195308574829887	9
"pt_3_ard"	78.7965973796754	22.7066806019925	7.5344517103789e-06	12
