"AICc"	"Delta_AICc"	"AICcWt"	"K_rates"
"pt_1_eq"	56.4296761441339	0	0.667610790216311	1
"pt_1_ard"	58.4086841274098	1.97900798327593	0.248191682943773	2
"pt_2_eq"	60.8758580217221	4.44618187758825	0.0722848392961106	4
"pt_2_ard"	64.5224196714898	8.09274352735596	0.0116736432934704	2
"pt_3_eq"	72.3223024964584	15.8926263523245	0.000236310698247524	9
"pt_3_ard"	81.2413936218833	24.8117174777494	2.7335520876347e-06	2
