"AICc"	"Delta_AICc"	"AICcWt"	"K_rates"
"pt_1_eq"	56.800442345717	0	0.632892105726999	1
"pt_1_ard"	58.790819155584	1.99037680986697	0.233950967685151	2
"pt_2_eq"	60.1632243366652	3.36278199094821	0.117790657868741	4
"pt_2_ard"	64.2836140518047	7.4831717060877	0.0150099618722227	2
"pt_3_eq"	71.8097456713133	15.0093033255963	0.000348418232156102	9
"pt_3_ard"	79.3857117276547	22.5852693819377	7.88861472980196e-06	2
