"AICc"	"Delta_AICc"	"AICcWt"	"K_rates"
"pt_1_eq"	58.0141966911044	0	0.640398098219916	1
"pt_1_ard"	59.8067014783773	1.79250478727295	0.261344018458852	2
"pt_2_eq"	62.0043370901517	3.99014039904732	0.0870967710939381	4
"pt_2_ard"	66.1545742671564	8.14037757605197	0.010934262670025	2
"pt_3_eq"	73.9406750461265	15.9264783550221	0.00022287389381408	9
"pt_3_ard"	81.9935039898842	23.9793072987798	3.97566345475329e-06	2
