"AICc"	"Delta_AICc"	"AICcWt"	"K_rates"
"pt_1_eq"	59.1718959709732	0	0.644318278014796	1
"pt_1_ard"	61.0061378993454	1.83424192837223	0.257513426463778	2
"pt_2_eq"	63.2504506313455	4.07855466037231	0.0838404421547635	4
"pt_2_ard"	66.8073704997436	7.63547452877041	0.0141604881303291	2
"pt_3_eq"	75.7516720911804	16.5797761202072	0.000161751311803483	9
"pt_3_ard"	82.4732921086826	23.3013961377094	5.61392452996274e-06	2
