"AICc"	"Delta_AICc"	"AICcWt"	"K_rates"
"pt_1_eq"	56.9035668348799	0	0.695205214639812	1
"pt_1_ard"	58.7703852213529	1.86681838647301	0.27336226173528	2
"pt_2_eq"	63.5170167987764	6.61344996389651	0.0254695110801214	4
"pt_2_ard"	66.5250694811649	9.62150264628508	0.00566018032756188	2
"pt_3_eq"	72.4246027689348	15.521035934055	0.000296321314282924	9
"pt_3_ard"	80.0605352479731	23.1569684130932	6.51090294140381e-06	2
