"AICc"	"Delta_AICc"	"AICcWt"	"K_rates"
"pt_1_eq"	55.2811028824052	0	0.669205968625866	1
"pt_1_ard"	57.2080097128226	1.92690683041739	0.255350847716671	2
"pt_2_eq"	59.7990929080056	4.51799002560048	0.0699021827370228	4
"pt_2_ard"	64.9260058035023	9.64490292109714	0.00538512448628136	2
"pt_3_eq"	72.0760415704364	16.7949386880313	0.000150863857337411	9
"pt_3_ard"	78.8848969794306	23.6037940970254	5.0125768219434e-06	2
