"AICc"	"Delta_AICc"	"AICcWt"	"K_rates"
"pt_1_eq"	57.3637160735019	0	0.621789089377214	1
"pt_1_ard"	59.414753197369	2.0510371238671	0.222980068535472	2
"pt_2_eq"	60.4052803865607	3.04156431305885	0.135886339060281	4
"pt_2_ard"	64.3472880560691	6.9835719825672	0.0189312682413555	6
"pt_3_eq"	72.0041808893514	14.6404648158495	0.000411629561239968	9
"pt_3_ard"	83.0979013668804	25.7341852933786	1.60522443697498e-06	12
