"AICc"	"Delta_AICc"	"AICcWt"	"K_rates"
"pt_1_eq"	55.5902960155808	0	0.654491197965597	1
"pt_1_ard"	57.4138003087767	1.82350429319592	0.262987365256795	2
"pt_2_eq"	60.0477285118296	4.45743249624877	0.0704668149202775	4
"pt_2_ard"	63.6191171281449	8.02882111256414	0.0118159177049411	2
"pt_3_eq"	71.4412833504728	15.850987334892	0.000236540572779035	9
"pt_3_ard"	80.8299946930537	25.2396986774729	2.16357961033747e-06	2
