"AICc"	"Delta_AICc"	"AICcWt"	"K_rates"
"pt_1_eq"	55.7157257883886	0	0.663888101896487	1
"pt_1_ard"	57.6673765542758	1.95165076588717	0.250206913886764	2
"pt_2_eq"	60.0998914378953	4.38416564950666	0.0741456045700097	4
"pt_2_ard"	63.8285828105145	8.11285702212584	0.0114923902962646	6
"pt_3_eq"	71.3999314083368	15.6842056199482	0.000260803195599489	9
"pt_3_ard"	78.8828361537405	23.1671103653519	6.18615487511859e-06	12
