"AICc"	"Delta_AICc"	"AICcWt"	"K_rates"
"pt_1_eq"	56.1014469693946	0	0.663413745733696	1
"pt_1_ard"	57.9549161679187	1.85346919852404	0.262608478255789	2
"pt_2_eq"	60.8486860349979	4.74723906560322	0.0617923341337132	4
"pt_2_ard"	64.1149638185701	8.01351684917546	0.0120690028990222	2
"pt_3_eq"	73.4298996015014	17.3284526321067	0.000114540424072596	9
"pt_3_ard"	81.6295704413497	25.5281234719551	1.89855370693698e-06	2
