"AICc"	"Delta_AICc"	"AICcWt"	"K_rates"
"pt_1_eq"	57.2965869934334	0	0.67593000543402	1
"pt_1_ard"	59.2749335570504	1.97834656361707	0.251367559038947	2
"pt_2_eq"	62.0766264349699	4.78003944153655	0.0619340313225159	4
"pt_2_ard"	65.5968977869203	8.30031079348697	0.010653986396837	2
"pt_3_eq"	74.7277377128161	17.4311507193827	0.00011086014453092	9
"pt_3_ard"	81.6060687868949	24.3094817934615	3.55766314960316e-06	2
