"AICc"	"Delta_AICc"	"AICcWt"	"K_rates"
"pt_1_eq"	58.1173204390735	0	0.667492819115382	1
"pt_1_ard"	60.0714693953271	1.95414895625359	0.25125143083184	2
"pt_2_eq"	62.6796252925911	4.56230485351762	0.0681953380570448	4
"pt_2_ard"	66.0248551531582	7.90753471408466	0.012804046775492	2
"pt_3_eq"	73.8910335572382	15.7737131181647	0.000250742709648698	9
"pt_3_ard"	81.4863316840775	23.369011245004	5.62251059260759e-06	2
