"AICc"	"Delta_AICc"	"AICcWt"	"K_rates"
"pt_1_eq"	56.4912521193871	0	0.62831840908088	1
"pt_1_ard"	58.5221542286801	2.03090210929295	0.227601434318632	2
"pt_2_eq"	59.7391714922257	3.24791937283852	0.123852008423786	4
"pt_2_ard"	63.4048728808331	6.91362076144601	0.0198109869067322	2
"pt_3_eq"	71.1548141688609	14.6635620494738	0.00041117598617313	9
"pt_3_ard"	79.6142492832084	23.1229971638213	5.98528379668068e-06	2
