"AICc"	"Delta_AICc"	"AICcWt"	"K_rates"
"pt_1_eq"	57.4885770002938	0	0.68851072429421	1
"pt_1_ard"	59.3480343773835	1.85945737708968	0.271728173867141	2
"pt_2_eq"	64.1020269726861	6.61344997239231	0.0252242518862405	4
"pt_2_ard"	65.2380301549558	7.74945315466199	0.0142934918321122	2
"pt_3_eq"	73.425015616375	15.9364386160812	0.000238427877769185	9
"pt_3_ard"	81.1823729853838	23.69379598509	4.9302425262072e-06	2
