"AICc"	"Delta_AICc"	"AICcWt"	"K_rates"
"pt_1_eq"	56.247285059297	0	0.664619210812721	1
"pt_1_ard"	58.1507072974992	1.90342223820228	0.256596071496184	2
"pt_2_eq"	60.7053785018347	4.45809344253774	0.0715336193622646	4
"pt_2_ard"	65.3203144619822	9.07302940268519	0.00711851801634562	2
"pt_3_eq"	73.3607357242534	17.1134506649565	0.000127771588859287	9
"pt_3_ard"	79.9203607590289	23.6730756997319	4.8087236258179e-06	2
