"AICc"	"Delta_AICc"	"AICcWt"	"K_rates"
"pt_1_eq"	57.1539893407324	0	0.665257543909933	1
"pt_1_ard"	59.07197632855	1.91798698781755	0.254978889599468	2
"pt_2_eq"	61.7193428980352	4.56535355730277	0.0678634413865018	4
"pt_2_ard"	65.2412281072766	8.08723876654415	0.0116645562836251	2
"pt_3_eq"	73.0603784505595	15.9063891098271	0.000233862883070104	9
"pt_3_ard"	82.9016188875542	25.7476295468217	1.70593740162396e-06	2
