"AICc"	"Delta_AICc"	"AICcWt"	"K_rates"
"pt_1_eq"	56.2246755212612	0	0.660817135832715	1
"pt_1_ard"	58.2132917555861	1.98861623432487	0.244488686695013	2
"pt_2_eq"	60.2293606600652	4.00468513880394	0.0892226190664419	4
"pt_2_ard"	65.8845459472367	9.6598704259755	0.00527797204119855	2
"pt_3_eq"	72.5099029796728	16.2852274584116	0.000192215800846574	9
"pt_3_ard"	82.396696032696	26.1720205114348	1.37056378499946e-06	2
