"AICc"	"Delta_AICc"	"AICcWt"	"K_rates"
"pt_1_eq"	58.3184591549114	0	0.669307364865605	1
"pt_1_ard"	60.2506147988945	1.93215564398306	0.254720170466774	2
"pt_2_eq"	63.0231803400798	4.70472118516835	0.0636807807062399	4
"pt_2_ard"	66.3532810221948	8.03482186728338	0.0120472023184497	2
"pt_3_eq"	74.1828122486543	15.8643530937429	0.000240284136698021	9
"pt_3_ard"	82.277475311045	23.9590161561336	4.19750623255803e-06	2
