"AICc"	"Delta_AICc"	"AICcWt"	"K_rates"
"pt_1_eq"	58.7758271456058	0	0.695275226514048	1
"pt_1_ard"	60.70491952521	1.92909237960424	0.265008416734574	2
"pt_2_eq"	65.3892770863859	6.61344994078013	0.0254720763268215	4
"pt_2_ard"	66.5941306019642	7.81830345635844	0.0139454884640836	2
"pt_3_eq"	74.3187395427932	15.5429123971874	0.000293127262269631	9
"pt_3_ard"	82.2114460183885	23.4356188727827	5.66469820322303e-06	2
