"AICc"	"Delta_AICc"	"AICcWt"	"K_rates"
"pt_1_eq"	57.1717557744518	0	0.647905275933578	1
"pt_1_ard"	59.0474472937181	1.87569151926628	0.253635639480732	2
"pt_2_eq"	61.2727863051484	4.10103053069658	0.0833650570376443	4
"pt_2_ard"	64.7134201336272	7.54166435917531	0.0149231295324295	2
"pt_3_eq"	73.7344437812894	16.5626880068376	0.000164047460969971	9
"pt_3_ard"	80.0860961071378	22.914340332686	6.85055464583664e-06	2
