"AICc"	"Delta_AICc"	"AICcWt"	"K_rates"
"pt_1_eq"	58.7047474766389	0	0.683074751453001	1
"pt_1_ard"	60.5420448253399	1.83729734870101	0.272586399160628	2
"pt_2_eq"	65.3181974034182	6.61344992677928	0.0250251003692084	4
"pt_2_ard"	65.8760856590647	7.17133818242574	0.0189335448400801	2
"pt_3_eq"	73.7195285425499	15.014781065911	0.000375016132620769	9
"pt_3_ard"	82.2807529603464	23.5760054837075	5.18804446142655e-06	2
