"AICc"	"Delta_AICc"	"AICcWt"	"K_rates"
"pt_1_eq"	54.6167123083814	0	0.689387885450537	1
"pt_1_ard"	56.4813922008379	1.8646798924565	0.27136482550156	2
"pt_2_eq"	61.219886879294	6.60317457091259	0.0253864811938423	4
"pt_2_ard"	62.469630481369	7.85291817298756	0.013590146319873	2
"pt_3_eq"	70.3131991872733	15.6964868788919	0.000269162670765692	9
"pt_3_ard"	80.6944168241951	26.0777045158137	1.49886342226597e-06	2
