"AICc"	"Delta_AICc"	"AICcWt"	"K_rates"
"pt_1_eq"	55.3289901753637	0	0.669559563889001	1
"pt_1_ard"	57.389401179917	2.06041100455339	0.238988307136071	2
"pt_2_eq"	59.5861310185603	4.25714084319664	0.0796824776100215	4
"pt_2_ard"	63.4528193893051	8.12382921394141	0.0115271546046759	2
"pt_3_eq"	71.2105145038197	15.881524328456	0.000238319746247393	9
"pt_3_ard"	79.2985477249822	23.9695575496185	4.17701398274963e-06	2
