"AICc"	"Delta_AICc"	"AICcWt"	"K_rates"
"pt_1_eq"	55.8363885141458	0	0.694585557850689	1
"pt_1_ard"	57.7696122589166	1.93322374477081	0.264199229483646	2
"pt_2_eq"	62.4395630885792	6.60317457443345	0.0255778837182864	4
"pt_2_ard"	63.451169901392	7.6147813872462	0.0154239987130976	2
"pt_3_eq"	72.0566852060627	16.2202966919169	0.000208705106324687	9
"pt_3_ard"	79.6755216945509	23.8391331804051	4.62512795642523e-06	2
