"AICc"	"Delta_AICc"	"AICcWt"	"K_rates"
"pt_1_eq"	56.5249537063184	0	0.68042298225142	1
"pt_1_ard"	58.3214769223343	1.79652321601588	0.277120666232934	2
"pt_2_eq"	63.1281283035043	6.60317459718591	0.0250563512652652	4
"pt_2_ard"	63.8996003082001	7.37464660188174	0.0170370662230565	2
"pt_3_eq"	71.6303036488259	15.1053499425075	0.000357021121979832	9
"pt_3_ard"	79.8316189218746	23.3066652155562	5.91290534472055e-06	2
