"AICc"	"Delta_AICc"	"AICcWt"	"K_rates"
"pt_1_eq"	55.0797285756242	0	0.707160477983354	1
"pt_1_ard"	57.1245082693762	2.04477969375206	0.254389810521229	2
"pt_2_eq"	61.6829031531314	6.60317457750726	0.0260409509581471	4
"pt_2_ard"	63.2093566494936	8.12962807386945	0.0121392449396549	2
"pt_3_eq"	70.8683547870968	15.7886262114726	0.000263670389324453	9
"pt_3_ard"	78.486509922493	23.4067813468688	5.84520829134406e-06	2
