"AICc"	"Delta_AICc"	"AICcWt"	"K_rates"
"pt_1_eq"	57.7607950800653	0	0.692153450967599	1
"pt_1_ard"	59.5893818278054	1.82858674774018	0.277414924309838	2
"pt_2_eq"	64.3742450248561	6.61344994479087	0.0253577070277039	4
"pt_2_ard"	67.7155478684418	9.95475278837658	0.00477040538088501	2
"pt_3_eq"	73.2621529267529	15.5013578466876	0.000297937590472082	9
"pt_3_ard"	81.2194355596963	23.4586404796311	5.57472350251352e-06	2
