"AICc"	"Delta_AICc"	"AICcWt"	"K_rates"
"pt_1_eq"	55.4819171141624	0	0.672811291021546	1
"pt_1_ard"	57.4143991985297	1.93248208436724	0.256011879697429	2
"pt_2_eq"	60.3086129793607	4.8266958651983	0.0602267712164647	4
"pt_2_ard"	63.7414918734284	8.259574759266	0.010823043418809	6
"pt_3_eq"	72.7003262324274	17.218409118265	0.000122733533434653	9
"pt_3_ard"	79.4119317276964	23.930014613534	4.28111231653472e-06	12
