"AICc"	"Delta_AICc"	"AICcWt"	"K_rates"
"pt_1_eq"	57.659791100851	0	0.691026352823784	1
"pt_1_ard"	59.5293762091088	1.86958510825784	0.2713434620712	2
"pt_2_eq"	64.2732410595112	6.61344995866026	0.0253164145281896	4
"pt_2_ard"	65.7542252632267	8.09443416237571	0.0120728711181442	2
"pt_3_eq"	73.6175322198859	15.957741119035	0.000236763719507388	9
"pt_3_ard"	81.7123254335496	24.0525343326986	4.13573917425517e-06	2
