"AICc"	"Delta_AICc"	"AICcWt"	"K_rates"
"pt_1_eq"	55.276305620222	0	0.671357398310818	1
"pt_1_ard"	57.1978030488594	1.92149742863737	0.256865580807701	2
"pt_2_eq"	59.9208591014547	4.64455348123275	0.0658266577912212	4
"pt_2_ard"	64.8160393814817	9.53973376125967	0.00569412390861138	2
"pt_3_eq"	71.0575288968319	15.7812232766099	0.000251249198969109	9
"pt_3_ard"	78.8955545618267	23.6192489416047	4.98998267936448e-06	2
