"AICc"	"Delta_AICc"	"AICcWt"	"K_rates"
"pt_1_eq"	56.0334491605722	0	0.664876343210443	1
"pt_1_ard"	57.8537594898778	1.82031032930563	0.267587310815532	2
"pt_2_eq"	60.9729489852841	4.93949982471187	0.0562525380496669	4
"pt_2_ard"	64.2340756054453	8.20062644487314	0.0110153290297344	2
"pt_3_eq"	71.6901204569327	15.6566712963605	0.000264812149314498	9
"pt_3_ard"	80.2495530014292	24.216103840857	3.66674530918266e-06	2
