"AICc"	"Delta_AICc"	"AICcWt"	"K_rates"
"pt_1_eq"	56.3377328714142	0	0.65707687022773	1
"pt_1_ard"	58.1786562462321	1.84092337481788	0.261736775768561	2
"pt_2_eq"	60.8703201938282	4.53258732241405	0.0681361120472443	4
"pt_2_ard"	64.2156240686417	7.87789119722746	0.012792453348374	2
"pt_3_eq"	72.0488651920139	15.7111323205997	0.000254675486357206	9
"pt_3_ard"	80.857593465449	24.5198605940348	3.11312173317688e-06	2
