"AICc"	"Delta_AICc"	"AICcWt"	"K_rates"
"pt_1_eq"	55.390013049125	0	0.708865586326005	1
"pt_1_ard"	57.3927739899377	2.0027609408127	0.260417329094478	2
"pt_2_eq"	61.9931875601022	6.60317451097711	0.0261037418778457	4
"pt_2_ard"	65.5952845027694	10.2052714536444	0.00431039781226699	2
"pt_3_eq"	70.9346356792803	15.5446226301553	0.000298601494588658	9
"pt_3_ard"	79.3955429439376	24.0055298948125	4.34339481632573e-06	2
