"AICc"	"Delta_AICc"	"AICcWt"	"K_rates"
"pt_1_eq"	57.9568893558987	0	0.677039030435562	1
"pt_1_ard"	59.8451496656985	1.88826030979975	0.263380240232993	2
"pt_2_eq"	63.1659755399169	5.20908618401815	0.0500581751101991	4
"pt_2_ard"	66.5333608606027	8.57647150470395	0.00929515383140086	2
"pt_3_eq"	73.98021920491	16.0233298490113	0.000224487331955166	9
"pt_3_ard"	82.6694510594824	24.7125617035837	2.91305788919708e-06	2
