"AICc"	"Delta_AICc"	"AICcWt"	"K_rates"
"pt_1_eq"	55.1575882838095	0	0.672786972099608	1
"pt_1_ard"	56.9484744334612	1.79088614965175	0.274784092176528	2
"pt_2_eq"	60.6271603138015	5.46957202999201	0.0436691860980587	4
"pt_2_ard"	63.8787357398628	8.72114745605336	0.0085922017337091	2
"pt_3_eq"	71.7670810540504	16.6094927702409	0.000166407173698782	9
"pt_3_ard"	81.7326398571808	26.5750515733713	1.14071839737108e-06	2
