"AICc"	"Delta_AICc"	"AICcWt"	"K_rates"
"pt_1_eq"	57.8865848502771	0	0.692493656417868	1
"pt_1_ard"	59.7610926618076	1.87450781153051	0.271251157424105	2
"pt_2_eq"	64.5000347778277	6.61344992755059	0.0253701710001008	4
"pt_2_ard"	66.2321428538972	8.34555800362003	0.010670896429566	2
"pt_3_eq"	74.0859019745253	16.1993171242482	0.000210270709723393	9
"pt_3_ard"	82.0875768110884	24.2009919608112	3.84801863739132e-06	2
