"AICc"	"Delta_AICc"	"AICcWt"	"K_rates"
"pt_1_eq"	56.9910184777601	0	0.637288339816869	1
"pt_1_ard"	59.0343117493573	2.04329327159714	0.229424860377928	2
"pt_2_eq"	60.3902674512291	3.39924897346896	0.116465806000188	4
"pt_2_ard"	64.3052397217162	7.31422124395607	0.0164464818321446	2
"pt_3_eq"	71.9029810921895	14.9119626144294	0.000368336225650227	9
"pt_3_ard"	80.0797136827537	23.0886952049936	6.17574721959362e-06	2
