"AICc"	"Delta_AICc"	"AICcWt"	"K_rates"
"pt_1_eq"	56.143944926626	0	0.619824485183404	1
"pt_1_ard"	57.9902424379815	1.84629751135549	0.246235302716358	2
"pt_2_eq"	59.2994828938595	3.15553796723352	0.127953557484968	4
"pt_2_ard"	65.561986875839	9.41804194921302	0.00558684861929495	2
"pt_3_eq"	70.8467940251405	14.7028490985145	0.000397727492781769	9
"pt_3_ard"	81.3550321514958	25.2110872248699	2.07850319337831e-06	2
