"AICc"	"Delta_AICc"	"AICcWt"	"K_rates"
"pt_1_eq"	58.4998892296033	0	0.690243613921658	1
"pt_1_ard"	60.4046837159752	1.90479448637192	0.266306354773476	2
"pt_2_eq"	65.1133391892406	6.61344995963738	0.0252877381239253	4
"pt_2_ard"	65.8169628188718	7.31707358926856	0.0177877106209591	2
"pt_3_eq"	73.5735131889721	15.0736239593689	0.000367965026964887	9
"pt_3_ard"	81.6100436964127	23.1101544668094	6.61753301738321e-06	2
