"AICc"	"Delta_AICc"	"AICcWt"	"K_rates"
"pt_1_eq"	57.2434797503987	0	0.648197322640323	1
"pt_1_ard"	59.2559636055955	2.0124838551968	0.236974664042759	2
"pt_2_eq"	60.8005020307082	3.55702228030957	0.109473665223647	4
"pt_2_ard"	66.9445989823125	9.70111923191386	0.00507149448451856	2
"pt_3_eq"	72.765961928183	15.5224821777844	0.00027608515488856	9
"pt_3_ard"	80.1828352682498	22.9393555178512	6.76845386375111e-06	2
