"AICc"	"Delta_AICc"	"AICcWt"	"K_rates"
"pt_1_eq"	54.9753162129226	0	0.691974420134654	1
"pt_1_ard"	56.8758372513527	1.90052103843011	0.26754518570547	2
"pt_2_eq"	61.5784906538886	6.60317444096594	0.0254817311349489	4
"pt_2_ard"	62.6608611089056	7.68554489598296	0.0148318447542111	2
"pt_3_eq"	71.7252636028597	16.749947389937	0.000159545727483787	9
"pt_3_ard"	77.9017126385903	22.9263964256676	7.27254323202993e-06	2
