"AICc"	"Delta_AICc"	"AICcWt"	"K_rates"
"pt_1_eq"	56.670197785869	0	0.644737605379997	1
"pt_1_ard"	58.6700665120554	1.99986872618636	0.237201278616684	2
"pt_2_eq"	60.3668096120694	3.6966118262004	0.101548600603302	4
"pt_2_ard"	64.0421745153075	7.3719767294385	0.0161651074129633	2
"pt_3_eq"	71.7656885078452	15.0954907219762	0.000339968626602619	9
"pt_3_ard"	79.4098254166408	22.7396276307718	7.43936045095233e-06	2
