"AICc"	"Delta_AICc"	"AICcWt"	"K_rates"
"pt_1_eq"	57.9835785595846	0	0.696432013375525	1
"pt_1_ard"	59.8599762773706	1.87639771778595	0.272536164144389	2
"pt_2_eq"	64.5970285176548	6.61344995807023	0.0255144561049961	4
"pt_2_ard"	67.7631140765421	9.77953551695746	0.00523937605708861	2
"pt_3_eq"	73.6728945340311	15.6893159744465	0.000272889641101414	9
"pt_3_ard"	81.6322829581128	23.6487043985282	5.10067689975545e-06	2
