"AICc"	"Delta_AICc"	"AICcWt"	"K_rates"
"pt_1_eq"	56.0866180878841	0	0.660369023513569	1
"pt_1_ard"	57.9730065364258	1.88638844854171	0.25713585940466	2
"pt_2_eq"	60.390914145183	4.30429605729886	0.0767574750608027	4
"pt_2_ard"	65.6790430955822	9.59242500769813	0.00545529284409254	2
"pt_3_eq"	71.6127612651994	15.5261431773153	0.000280755026034052	9
"pt_3_ard"	81.9550438423535	25.8684257544694	1.5941508420688e-06	2
