"AICc"	"Delta_AICc"	"AICcWt"	"K_rates"
"pt_1_eq"	57.0940830661954	0	0.648905502413077	1
"pt_1_ard"	59.2090704869747	2.11498742077934	0.225381245065278	2
"pt_2_eq"	60.4180843300578	3.32400126386248	0.12313563473702	4
"pt_2_ard"	68.4604266403948	11.3663435741994	0.0022080622348532	2
"pt_3_eq"	72.0793717874693	14.985288721274	0.00036154915936698	9
"pt_3_ard"	79.6996877798171	22.6056047136217	8.00639040443978e-06	2
