"AICc"	"Delta_AICc"	"AICcWt"	"K_rates"
"pt_1_eq"	57.9463556202684	0	0.667570119395703	1
"pt_1_ard"	59.8268156325827	1.88046001231429	0.260711498542952	2
"pt_2_eq"	62.56577610504	4.61942048477156	0.0662830487908442	4
"pt_2_ard"	67.6752281309473	9.72887251067889	0.00515108914716178	2
"pt_3_eq"	73.5127313847717	15.5663757645033	0.000278164267444398	9
"pt_3_ard"	81.1591930548781	23.2128374346097	6.07985589500871e-06	2
