"AICc"	"Delta_AICc"	"AICcWt"	"K_rates"
"pt_1_eq"	58.1566470104142	0	0.62710049589666	1
"pt_1_ard"	60.2429194676014	2.08627245718721	0.220957545163884	2
"pt_2_eq"	61.2650595001337	3.10841248971952	0.132542130837057	4
"pt_2_ard"	65.1505389482115	6.99389193779733	0.018994716079831	2
"pt_3_eq"	72.8813250126833	14.7246780022691	0.000398028291199478	9
"pt_3_ard"	80.9387695884623	22.7821225780481	7.0837313682228e-06	2
