"AICc"	"Delta_AICc"	"AICcWt"	"K_rates"
"pt_1_eq"	54.0583333250591	0	0.665361606407384	1
"pt_1_ard"	56.0189135525795	1.96058022752031	0.24964515963149	2
"pt_2_eq"	58.4246259250723	4.36629260001311	0.0749772220864275	4
"pt_2_ard"	62.4969631847942	8.43862985973507	0.00978661594206408	2
"pt_3_eq"	70.0492890047176	15.9909556796585	0.000224215602714057	9
"pt_3_ard"	77.5847677161623	23.5264343911032	5.18032991983617e-06	2
