"AICc"	"Delta_AICc"	"AICcWt"	"K_rates"
"pt_1_eq"	55.4849840692613	0	0.661071616548876	1
"pt_1_ard"	57.4343940569549	1.94940998769357	0.249424729897476	2
"pt_2_eq"	59.7711280834997	4.28614401423842	0.0775397084798467	4
"pt_2_ard"	63.556935655964	8.07195158670272	0.0116800982174578	2
"pt_3_eq"	71.0201425885548	15.5351585192935	0.000279789685880462	9
"pt_3_ard"	79.4872473862332	24.0022633169719	4.05717046256154e-06	2
