"AICc"	"Delta_AICc"	"AICcWt"	"K_rates"
"pt_1_eq"	58.8973518247039	0	0.642534568026917	1
"pt_1_ard"	60.7284309820312	1.83107915732732	0.25720695649798	2
"pt_2_eq"	62.9367840636493	4.0394322389454	0.0852599221481779	4
"pt_2_ard"	66.4530458294094	7.55569400470551	0.0146959745382177	2
"pt_3_eq"	74.2556767479349	15.358324923231	0.000297083556741522	9
"pt_3_ard"	82.2359420162805	23.3385901915767	5.49523196553332e-06	2
