"AICc"	"Delta_AICc"	"AICcWt"	"K_rates"
"pt_1_eq"	58.3221975143236	0	0.555403312430139	1
"pt_1_ard"	60.1167339229785	1.79453640865486	0.226427846250479	2
"pt_2_eq"	60.4536705554126	2.13147304108896	0.191322027915223	4
"pt_2_ard"	64.4245674736668	6.10236995934312	0.0262721530600018	2
"pt_3_eq"	72.112348843741	13.7901513294174	0.000562490448321446	9
"pt_3_ard"	79.7791664542098	21.4569689398861	1.21698958366702e-05	2
