"AICc"	"Delta_AICc"	"AICcWt"	"K_rates"
"pt_1_eq"	57.0846647520051	0	0.655547432840441	1
"pt_1_ard"	58.9906047554199	1.90594000341478	0.252775226287718	2
"pt_2_eq"	61.3331939616466	4.24852920964149	0.0783515739322079	4
"pt_2_ard"	64.9002342526099	7.81556950060479	0.0131666341234086	2
"pt_3_eq"	73.7958923378503	16.7112275858452	0.00015410160351622	9
"pt_3_ard"	80.6397945335163	23.5551297815112	5.03121270821251e-06	2
