"AICc"	"Delta_AICc"	"AICcWt"	"K_rates"
"pt_1_eq"	55.6803497127558	0	0.676181428699816	1
"pt_1_ard"	57.498281426969	1.81793171421321	0.272461022882171	2
"pt_2_eq"	61.0457036987213	5.36535398596547	0.0462371890789781	4
"pt_2_ard"	65.511068536306	9.83071882355021	0.00495849374369315	2
"pt_3_eq"	72.3901983015994	16.7098485888436	0.000159061737058565	9
"pt_3_ard"	80.466790267566	24.7864405548102	2.80385828406369e-06	2
