"AICc"	"Delta_AICc"	"AICcWt"	"K_rates"
"pt_1_eq"	57.1145811695761	0	0.632436096202248	1
"pt_1_ard"	58.9611173081148	1.8465361385387	0.251215493981793	2
"pt_2_eq"	60.8015818914659	3.68700072188983	0.100090904782583	4
"pt_2_ard"	64.4820461244756	7.36746495489952	0.0158924905367646	2
"pt_3_eq"	72.0634992940693	14.9489181244932	0.000358839566474725	9
"pt_3_ard"	80.1882549541033	23.0736737845272	6.1749301366278e-06	2
