"AICc"	"Delta_AICc"	"AICcWt"	"K_rates"
"pt_1_eq"	57.3731304895461	0	0.661565973860891	1
"pt_1_ard"	59.2149387525049	1.8418082629588	0.263408374019763	2
"pt_2_eq"	62.1039883642333	4.73085787468723	0.0621270060827608	4
"pt_2_ard"	65.287501805612	7.91437131606594	0.0126470508584806	2
"pt_3_eq"	73.1590055700829	15.7858750805368	0.000247009661444613	9
"pt_3_ard"	81.1320549034212	23.7589244138751	4.58551666069876e-06	2
