"AICc"	"Delta_AICc"	"AICcWt"	"K_rates"
"pt_1_eq"	55.9886763174974	0	0.678448447743448	1
"pt_1_ard"	57.8637225571837	1.87504623968624	0.265678087039775	2
"pt_2_eq"	61.179620437354	5.1909441198566	0.0506194776852195	4
"pt_2_ard"	65.785467737225	9.7967914197276	0.00506023430103716	2
"pt_3_eq"	72.3471601590596	16.3584838415621	0.000190246738782091	9
"pt_3_ard"	80.3345718030592	24.3458954855617	3.50649173817111e-06	2
