"AICc"	"Delta_AICc"	"AICcWt"	"K_rates"
"pt_1_eq"	58.8484488184581	0	0.689355766457565	1
"pt_1_ard"	60.7336145014792	1.88516568302111	0.268586936700961	2
"pt_2_eq"	65.46189878693	6.61344996847182	0.0252552108672941	4
"pt_2_ard"	66.2995759659824	7.45112714752424	0.0166131394581015	2
"pt_3_eq"	75.3145053953052	16.4660565768471	0.000183182785132286	9
"pt_3_ard"	82.2323043582786	23.3838555398205	5.76373094611601e-06	2
