"AICc"	"Delta_AICc"	"AICcWt"	"K_rates"
"pt_1_eq"	55.6923187852575	0	0.68726495675424	1
"pt_1_ard"	57.6822528836077	1.98993409835025	0.254106340001162	2
"pt_2_eq"	60.762140094195	5.0698213089375	0.0544786692709554	4
"pt_2_ard"	65.9673363653345	10.275017580077	0.00403582644552644	2
"pt_3_eq"	73.1781108494791	17.4857920642217	0.000109681327313555	9
"pt_3_ard"	79.5535032977634	23.861184512506	4.5262008027939e-06	2
