"AICc"	"Delta_AICc"	"AICcWt"	"K_rates"
"pt_1_eq"	56.8558774226705	0	0.661492050824838	1
"pt_1_ard"	58.7173440230027	1.86146660033219	0.260802826140751	2
"pt_2_eq"	61.2617787845169	4.40590136184642	0.0730794558597553	4
"pt_2_ard"	66.896765808777	10.0408883861065	0.00436690173938019	2
"pt_3_eq"	72.5640521686009	15.7081747459304	0.000256766181869898	9
"pt_3_ard"	82.2748362871013	25.4189588644308	1.9992534049776e-06	2
