"AICc"	"Delta_AICc"	"AICcWt"	"K_rates"
"pt_1_eq"	56.2759463841889	0	0.673354817925257	1
"pt_1_ard"	58.1378895301344	1.86194314594554	0.265416644859199	2
"pt_2_eq"	61.2517135709278	4.97576718673886	0.0559461049469706	4
"pt_2_ard"	66.0623463037051	9.78639991951619	0.00504840549199304	2
"pt_3_eq"	72.2172151906191	15.9412688064302	0.000232616990820166	9
"pt_3_ard"	82.4291262601101	26.1531798759212	1.40978576065738e-06	2
