"AICc"	"Delta_AICc"	"AICcWt"	"K_rates"
"pt_1_eq"	57.0201973194427	0	0.638242118671661	1
"pt_1_ard"	59.0201416237301	1.99994430428733	0.234802692609614	2
"pt_2_eq"	60.5490698887534	3.52887256931061	0.109320225416942	4
"pt_2_ard"	64.2395271499061	7.21932983046331	0.0172714144763551	2
"pt_3_eq"	71.9883748467827	14.96817752734	0.000358663356534135	9
"pt_3_ard"	80.5806127581332	23.5604154386904	4.88546889382488e-06	2
