"AICc"	"Delta_AICc"	"AICcWt"	"K_rates"
"pt_1_eq"	56.0176901691021	0	0.648402890312749	1
"pt_1_ard"	57.9040071514105	1.8863169823084	0.252485483583655	2
"pt_2_eq"	59.8945062696557	3.8768161005536	0.0933265092997275	4
"pt_2_ard"	65.5656147836153	9.54792461451318	0.00547695856337093	2
"pt_3_eq"	71.3300711957809	15.3123810266788	0.000306763475673453	9
"pt_3_ard"	82.1167735891137	26.0990834200115	1.39476482444698e-06	2
