"AICc"	"Delta_AICc"	"AICcWt"	"K_rates"
"pt_1_eq"	58.2073631685758	0	0.66011657202239	1
"pt_1_ard"	60.1276620880991	1.92029891952331	0.252716165621015	2
"pt_2_eq"	62.602262211148	4.39489904257226	0.0733297888325446	4
"pt_2_ard"	65.9787668672953	7.77140369871957	0.0135544457662248	2
"pt_3_eq"	73.7532209980091	15.5458578294334	0.000277894850899071	9
"pt_3_ard"	81.7363623119181	23.5289991433423	5.13290692637948e-06	2
