"AICc"	"Delta_AICc"	"AICcWt"	"K_rates"
"pt_1_eq"	56.6294671133825	0	0.671312530339099	1
"pt_1_ard"	58.5134597564558	1.88399264307331	0.261710380661786	2
"pt_2_eq"	61.3974698419461	4.76800272856359	0.0618822528792707	4
"pt_2_ard"	66.4807362514391	9.85126913805658	0.00487246625865901	2
"pt_3_eq"	72.6793571200414	16.0498900066588	0.000219652131006951	9
"pt_3_ard"	81.4638531871826	24.8343860738001	2.71773017824985e-06	2
