"AICc"	"Delta_AICc"	"AICcWt"	"K_rates"
"pt_1_eq"	54.4903648986127	0	0.661305284152252	1
"pt_1_ard"	56.5018796858692	2.01151478725655	0.241883980450602	2
"pt_2_eq"	58.6019421343147	4.11157723570203	0.0846416927526015	4
"pt_2_ard"	62.5093503641898	8.01898546557709	0.0119977946341701	2
"pt_3_eq"	71.0708231647574	16.5804582661447	0.000165959159521961	9
"pt_3_ard"	77.9631046427006	23.4727397440879	5.28885085259582e-06	2
