"AICc"	"Delta_AICc"	"AICcWt"	"K_rates"
"pt_1_eq"	56.3411532721767	0	0.690985472968377	1
"pt_1_ard"	58.1883719945798	1.84721872240308	0.27437874670266	2
"pt_2_eq"	62.9546026145512	6.61344934237448	0.0253149246560131	4
"pt_2_ard"	64.9926332183627	8.65147994618599	0.00913742692018616	2
"pt_3_eq"	72.847098417322	16.5059451451453	0.000179990038331423	9
"pt_3_ard"	80.7627060506012	24.4215527784244	3.43871443270899e-06	2
