"AICc"	"Delta_AICc"	"AICcWt"	"K_rates"
"pt_1_eq"	57.2315163552669	0	0.701274019774288	1
"pt_1_ard"	59.1535959149684	1.92207955970146	0.268233784157001	2
"pt_2_eq"	63.8346904344926	6.6031740792256	0.0258241905133249	4
"pt_2_ard"	67.3675270148191	10.1360106595522	0.0044144947110449	2
"pt_3_eq"	73.1213322625705	15.8898159073035	0.00024857535384977	9
"pt_3_ard"	80.959920214715	23.7284038594481	4.93549049142359e-06	2
