"AICc"	"Delta_AICc"	"AICcWt"	"K_rates"
"pt_1_eq"	53.7579195034884	0	0.65418472427884	1
"pt_1_ard"	55.6131022453576	1.85518274186919	0.25873345323021	2
"pt_2_eq"	58.1405877660512	4.38266826256281	0.073116615073743	4
"pt_2_ard"	61.4771345812303	7.71921507774189	0.01378777356257	2
"pt_3_eq"	70.2003096762298	16.4423901727414	0.00017590603443542	9
"pt_3_ard"	79.6925255606794	25.934606057191	1.52782020202228e-06	2
