"AICc"	"Delta_AICc"	"AICcWt"	"K_rates"
"pt_1_eq"	56.8285115067728	0	0.702278948683653	1
"pt_1_ard"	58.8435737620677	2.01506225529494	0.256415598620097	2
"pt_2_eq"	63.4316860843296	6.60317457755682	0.0258611902538866	4
"pt_2_ard"	64.5067824226212	7.67827091584838	0.015107559232357	2
"pt_3_eq"	72.1496582309632	15.3211467241904	0.000330799550652422	9
"pt_3_ard"	80.2015386641894	23.3730271574166	5.90365935417007e-06	2
