"AICc"	"Delta_AICc"	"AICcWt"	"K_rates"
"pt_1_eq"	55.0393175007063	0	0.6508271990766	1
"pt_1_ard"	56.9790172757656	1.93969977505931	0.246754590067353	2
"pt_2_eq"	59.0600898436908	4.02077234298454	0.0871698048484804	4
"pt_2_ard"	62.5870317652432	7.54771426453689	0.0149451530340349	2
"pt_3_eq"	70.4104981568521	15.3711806561458	0.000298989698217818	9
"pt_3_ard"	78.9112409584702	23.8719234577639	4.26327531378795e-06	2
