"AICc"	"Delta_AICc"	"AICcWt"	"K_rates"
"pt_1_eq"	56.1568941260297	0	0.694820820403761	1
"pt_1_ard"	58.0341909908872	1.87729686485743	0.271783438592019	2
"pt_2_eq"	62.7703440688003	6.61344994277055	0.0254554286967939	4
"pt_2_ard"	65.1246127013761	8.96771857534632	0.00784435929440852	2
"pt_3_eq"	74.0023920170474	17.8454978910177	9.26343787387959e-05	9
"pt_3_ard"	80.6606060113845	24.5037118853547	3.31863427804619e-06	2
