"AICc"	"Delta_AICc"	"AICcWt"	"K_rates"
"pt_1_eq"	58.3887823313509	0	0.608926475428912	1
"pt_1_ard"	60.3812458238311	1.99246349248023	0.224857256243074	2
"pt_2_eq"	61.3008480732041	2.91206574185321	0.141976941341026	4
"pt_2_ard"	64.869790018394	6.48100768704318	0.023835920006836	2
"pt_3_eq"	73.0749103715851	14.6861280402342	0.000394014924997452	9
"pt_3_ard"	80.5479596789585	22.1591773476076	9.39205515479695e-06	2
