"AICc"	"Delta_AICc"	"AICcWt"	"K_rates"
"pt_1_eq"	54.8980183719092	0	0.657279575277163	1
"pt_1_ard"	56.8228794321972	1.92486106028799	0.25105673036231	2
"pt_2_eq"	59.1007606580342	4.20274228612499	0.0803778240651954	4
"pt_2_ard"	63.0542762371163	8.15625786520712	0.0111337443524059	2
"pt_3_eq"	71.702975316169	16.8049569442598	0.00014743483299796	9
"pt_3_ard"	78.5984094265411	23.7003910546318	4.69110992754248e-06	2
