"AICc"	"Delta_AICc"	"AICcWt"	"K_rates"
"pt_1_eq"	2000002.06349206	0	0.722030726487897	1
"pt_1_ard"	2000004.19354839	2.13005632371642	0.248897093914823	2
"pt_2_eq"	2000008.66666667	6.60317460331134	0.0265885426031972	4
"pt_2_ard"	2000013.44827586	11.3847837985959	0.0024343403008482	2
"pt_3_eq"	2000021.27272727	19.2092352092732	4.8676938205878e-05	9
"pt_3_ard"	2000030	27.9365079365671	6.19755028805263e-07	2
