"AICc"	"Delta_AICc"	"AICcWt"	"K_rates"
"pt_1_eq"	55.4830785112227	0	0.697286880849626	1
"pt_1_ard"	57.4409585462638	1.95788003504115	0.261977049426888	2
"pt_2_eq"	62.0862531068449	6.60317459562228	0.0256773587733299	4
"pt_2_ard"	63.1948369132895	7.7117584020668	0.0147511009223529	2
"pt_3_eq"	70.9790101982089	15.4959316869862	0.000300962705574482	9
"pt_3_ard"	78.6045547063871	23.1214761951644	6.64732222896499e-06	2
