"AICc"	"Delta_AICc"	"AICcWt"	"K_rates"
"pt_1_eq"	56.7176096977149	0	0.695537186004745	1
"pt_1_ard"	58.6906138309342	1.97300413321933	0.259351013828305	2
"pt_2_eq"	63.3207784786227	6.60316878090784	0.0256130013053804	4
"pt_2_ard"	63.8939230689087	7.17631337119382	0.0192310813585758	2
"pt_3_eq"	72.5093127830692	15.7917030853543	0.000258937886588593	9
"pt_3_ard"	79.2776237744475	22.5600140767326	8.77961640561974e-06	2
