"AICc"	"Delta_AICc"	"AICcWt"	"K_rates"
"pt_1_eq"	56.1027983741323	0	0.664048952285589	1
"pt_1_ard"	57.9477053620257	1.84490698789341	0.263987664356946	2
"pt_2_eq"	60.9163402418395	4.81354186770724	0.0598346506963508	4
"pt_2_ard"	64.150591641398	8.04779326726572	0.0118752836558971	6
"pt_3_eq"	71.8792863657887	15.7764879916564	0.000249103171303932	9
"pt_3_ard"	79.9765853422292	23.8737869680969	4.34583391287449e-06	12
