"AICc"	"Delta_AICc"	"AICcWt"	"K_rates"
"pt_1_eq"	58.1025756892952	0	0.674912172581224	1
"pt_1_ard"	60.1084853449004	2.00590965560522	0.247553752416677	2
"pt_2_eq"	62.7524515982389	4.64987590894373	0.0659993315035163	4
"pt_2_ard"	66.2815131567841	8.17893746748884	0.0113035160701322	2
"pt_3_eq"	74.0731293163028	15.9705536270076	0.000229765915782904	9
"pt_3_ard"	84.1883074369756	26.0857317476804	1.4615126672922e-06	2
