"AICc"	"Delta_AICc"	"AICcWt"	"K_rates"
"pt_1_eq"	56.0468076933269	0	0.695272842223267	1
"pt_1_ard"	57.9065153268713	1.85970763354441	0.274362583896541	2
"pt_2_eq"	62.6602576657283	6.61344997240141	0.0254719885733081	4
"pt_2_ard"	66.0460959722706	9.99928827894371	0.00468637896139755	2
"pt_3_eq"	72.3224033790542	16.2755956857273	0.000203214441465444	9
"pt_3_ard"	80.7591069834665	24.7122992901396	2.99190402136454e-06	2
