"AICc"	"Delta_AICc"	"AICcWt"	"K_rates"
"pt_1_eq"	58.5425335562818	0	0.661884902651486	1
"pt_1_ard"	60.5050925146714	1.96255895838964	0.248095114429232	2
"pt_2_eq"	63.0773428846953	4.53480932841352	0.0685584738206917	4
"pt_2_ard"	65.4250207720892	6.88248721580744	0.0211967542777991	6
"pt_3_eq"	74.2388634091603	15.6963298528785	0.000258444773846915	9
"pt_3_ard"	81.6639412372122	23.1214076809305	6.31004694481188e-06	12
