"AICc"	"Delta_AICc"	"AICcWt"	"K_rates"
"pt_1_eq"	56.1138467769744	0	0.654405550582567	1
"pt_1_ard"	58.0227731818702	1.9089264048958	0.251958417694282	2
"pt_2_eq"	60.3319900464646	4.21814326949018	0.0794124877590724	4
"pt_2_ard"	63.794955000761	7.68110822378661	0.0140577403025982	2
"pt_3_eq"	72.7590043323616	16.6451575553872	0.000158999931035744	9
"pt_3_ard"	79.061869756237	22.9480229792626	6.80373044454501e-06	2
