"AICc"	"Delta_AICc"	"AICcWt"	"K_rates"
"pt_1_eq"	56.0430863139353	0	0.666138807526092	1
"pt_1_ard"	57.9271264020138	1.88404008807845	0.259687250555701	2
"pt_2_eq"	60.7354362811172	4.69234996718183	0.0637725651752753	4
"pt_2_ard"	64.3874945627774	8.34440824884203	0.0102706872931567	2
"pt_3_eq"	73.1840634241741	17.1409771102388	0.000126313232264959	9
"pt_3_ard"	79.9092234706399	23.8661371567046	4.37621751029786e-06	2
