"AICc"	"Delta_AICc"	"AICcWt"	"K_rates"
"pt_1_eq"	54.795236687654	0	0.645027694392092	1
"pt_1_ard"	56.6871105985739	1.89187391091983	0.250474294240283	2
"pt_2_eq"	58.7317068135717	3.93647012591764	0.0901124369416815	4
"pt_2_ard"	62.4344406053217	7.63920391766763	0.014149669884251	2
"pt_3_eq"	70.6392449772667	15.8440082896126	0.00023393525454465	9
"pt_3_ard"	80.1939905050559	25.3987538174018	1.96928714748666e-06	2
