"AICc"	"Delta_AICc"	"AICcWt"	"K_rates"
"pt_1_eq"	56.6284786094878	0	0.686284872081736	1
"pt_1_ard"	58.4363171502373	1.80783854074954	0.277931182081787	2
"pt_2_eq"	63.2419286190889	6.6134500096011	0.0251427051841355	4
"pt_2_ard"	65.0010755468533	8.37259693736551	0.0104332136573385	2
"pt_3_eq"	72.8705163620637	16.2420377525759	0.000203981480864304	9
"pt_3_ard"	80.7113574868347	24.0828788773469	4.04551413902804e-06	2
