"AICc"	"Delta_AICc"	"AICcWt"	"K_rates"
"pt_1_eq"	54.7418006563324	0	0.653849038617766	1
"pt_1_ard"	56.6854397865355	1.94363913020315	0.247412487075754	2
"pt_2_eq"	58.8205181061709	4.07871744983849	0.0850736857464174	4
"pt_2_ard"	62.5202479091635	7.77844725283106	0.0133785525749729	2
"pt_3_eq"	70.2546021340129	15.5128014776805	0.000279843645186666	9
"pt_3_ard"	77.8128634417267	23.0710627853943	6.39233990256185e-06	2
