"AICc"	"Delta_AICc"	"AICcWt"	"K_rates"
"pt_1_eq"	56.6411505127802	0	0.623991065549072	1
"pt_1_ard"	58.7311182251757	2.08996771239552	0.219456095945827	2
"pt_2_eq"	59.6729544417458	3.03180392896556	0.137034687300351	4
"pt_2_ard"	63.6127381977128	6.97158768493253	0.019112493052897	2
"pt_3_eq"	71.3508157474527	14.7096652346725	0.000399038822590641	9
"pt_3_ard"	79.5489450813563	22.9077945685761	6.6193292623611e-06	2
