"AICc"	"Delta_AICc"	"AICcWt"	"K_rates"
"pt_1_eq"	56.5911247185826	0	0.683423272040931	1
"pt_1_ard"	58.3974985010382	1.80637378245563	0.276975069739497	2
"pt_2_eq"	63.1942992743777	6.60317455579509	0.0251668364652286	4
"pt_2_ard"	64.3546598448954	7.76353512631285	0.0140883304812235	2
"pt_3_eq"	71.8018677167715	15.210742998189	0.000340187920512022	9
"pt_3_ard"	79.7787007577008	23.1875760391182	6.30335260798005e-06	2
