"AICc"	"Delta_AICc"	"AICcWt"	"K_rates"
"pt_1_eq"	56.6001046179359	0	0.657475173234268	1
"pt_1_ard"	58.4620555954175	1.86195097748156	0.259156341639544	2
"pt_2_eq"	61.0904018270459	4.49029720911004	0.0696343792025242	4
"pt_2_ard"	64.3559285823189	7.75582396438303	0.013605784345046	2
"pt_3_eq"	73.7389541826146	17.1388495646787	0.000124803125618569	9
"pt_3_ard"	80.876386376067	24.2762817581311	3.51845299840219e-06	2
