"AICc"	"Delta_AICc"	"AICcWt"	"K_rates"
"pt_1_eq"	53.8314526000312	0	0.660289203965816	1
"pt_1_ard"	55.8133232404893	1.98187064045809	0.245118705791864	2
"pt_2_eq"	58.0161439240752	4.18469132404404	0.0814779364221451	4
"pt_2_ard"	61.7105875061873	7.87913490615612	0.0128470019622983	2
"pt_3_eq"	69.5028275602565	15.6713749602253	0.000261058814732869	9
"pt_3_ard"	77.0180237075518	23.1865711075207	6.09304314362959e-06	2
