"AICc"	"Delta_AICc"	"AICcWt"	"K_rates"
"pt_1_eq"	56.9329042488598	0	0.619159625134745	1
"pt_1_ard"	58.8738388643095	1.94093461544963	0.234603254234159	2
"pt_2_eq"	60.0889171876103	3.15601293875051	0.127785956055892	4
"pt_2_ard"	63.9997746175437	7.06687036868383	0.0180821982269418	6
"pt_3_eq"	71.8088560335002	14.8759517846404	0.000364360040826237	9
"pt_3_ard"	80.5502879454454	23.6173836965856	4.60630743567859e-06	12
