"AICc"	"Delta_AICc"	"AICcWt"	"K_rates"
"pt_1_eq"	55.0446498077653	0	0.691225699613058	1
"pt_1_ard"	56.8645485173475	1.81989870958215	0.278249179999868	2
"pt_2_eq"	61.6581000410059	6.61345023324061	0.0253237143126943	4
"pt_2_ard"	64.8971705138792	9.85252070611382	0.00501385983638527	2
"pt_3_eq"	71.4885725991339	16.4439227913686	0.000185723736370728	9
"pt_3_ard"	80.7366730105595	25.6920232027941	1.82250162318517e-06	2
