"AICc"	"Delta_AICc"	"AICcWt"	"K_rates"
"pt_1_eq"	55.71586560916	0	0.628376424162829	1
"pt_1_ard"	57.6974638412854	1.98159823212539	0.233303521303248	2
"pt_2_eq"	59.0152899672271	3.29942435806712	0.120714373968122	4
"pt_2_ard"	62.9109118301151	7.19504622095516	0.0172121628775494	2
"pt_3_eq"	70.5072211183751	14.7913555092151	0.000385760578013085	9
"pt_3_ard"	78.3204351982637	22.6045695891037	7.75711023825301e-06	2
