"AICc"	"Delta_AICc"	"AICcWt"	"K_rates"
"pt_1_eq"	56.2287376718494	0	0.662798560044196	1
"pt_1_ard"	58.0118545713446	1.7831168994953	0.271758189925629	2
"pt_2_eq"	61.1401255633868	4.91138789153745	0.0568705235435471	4
"pt_2_ard"	64.9578969024162	8.72915923056684	0.00843079857562882	2
"pt_3_eq"	73.1735167982641	16.9447791264148	0.000138633925397312	9
"pt_3_ard"	80.6529939348455	24.4242562629961	3.29398560111513e-06	2
