"AICc"	"Delta_AICc"	"AICcWt"	"K_rates"
"pt_1_eq"	58.1865226730746	0	0.650646816837132	1
"pt_1_ard"	60.1973854428438	2.01086276976925	0.238063057496842	2
"pt_2_eq"	62.0055593390418	3.81903666596723	0.0963944510218579	4
"pt_2_ard"	65.7830862029051	7.59656352983053	0.0145805027188095	2
"pt_3_eq"	73.4955367344323	15.3090140613577	0.000308343746045576	9
"pt_3_ard"	81.115851040719	22.9293283676445	6.82817931353543e-06	2
