"AICc"	"Delta_AICc"	"AICcWt"	"K_rates"
"pt_1_eq"	56.0468558667344	0	0.675968294485411	1
"pt_1_ard"	57.982267358508	1.93541149177356	0.256836687936415	2
"pt_2_eq"	60.7964590889541	4.74960322221968	0.0628873205424088	4
"pt_2_ard"	66.2747043952021	10.2278485284677	0.00406422026982823	2
"pt_3_eq"	71.9425379015255	15.895682034791	0.000238903674441439	9
"pt_3_ard"	79.8542798664926	23.8074239997581	4.57309149622525e-06	2
