"AICc"	"Delta_AICc"	"AICcWt"	"K_rates"
"pt_1_eq"	56.9467273608496	0	0.689858231864453	1
"pt_1_ard"	58.8578221928279	1.91109483197836	0.265320545171803	2
"pt_2_eq"	63.5499018656387	6.60317450478911	0.0254038023850848	4
"pt_2_ard"	64.1286099330966	7.18188257224701	0.0190210227742578	6
"pt_3_eq"	71.9074893146106	14.9607619537611	0.000389109353113925	9
"pt_3_ard"	79.8626279896726	22.915900628823	7.28845128713768e-06	12
