"AICc"	"Delta_AICc"	"AICcWt"	"K_rates"
"pt_1_eq"	57.3474352871089	0	0.656058106636943	1
"pt_1_ard"	59.1688398494118	1.82140456230284	0.263893887500533	2
"pt_2_eq"	61.8717749959126	4.52433970880368	0.0683115943102186	4
"pt_2_ard"	65.4408781075708	8.09344282046189	0.0114676261947028	2
"pt_3_eq"	72.9742312352381	15.6267959481292	0.000265232464805396	9
"pt_3_ard"	81.5999202810372	24.2524849939283	3.55289279762664e-06	2
