"AICc"	"Delta_AICc"	"AICcWt"	"K_rates"
"pt_1_eq"	55.1716826931719	0	0.678527651705879	1
"pt_1_ard"	57.1891514627535	2.01746876958163	0.247445621764354	2
"pt_2_eq"	59.752441591304	4.58075889813217	0.0686860267641823	4
"pt_2_ard"	64.9520367247519	9.78035403158002	0.0051025898105301	2
"pt_3_eq"	71.1042462569667	15.9325635637949	0.000235426492200261	9
"pt_3_ard"	80.0528275752636	24.8811448820917	2.68346285503081e-06	2
