"AICc"	"Delta_AICc"	"AICcWt"	"K_rates"
"pt_1_eq"	56.6810929977082	0	0.690505161768365	1
"pt_1_ard"	58.5289283977892	1.84783540008102	0.274103493393572	2
"pt_2_eq"	63.2945426413677	6.6134496436595	0.0252973241773354	4
"pt_2_ard"	65.1794789954969	8.49838599778862	0.00985747893024917	2
"pt_3_eq"	72.6827535410465	16.0016605433383	0.000231446432934869	9
"pt_3_ard"	80.3148143239316	23.6337213262234	5.09529754356274e-06	2
