"AICc"	"Delta_AICc"	"AICcWt"	"K_rates"
"pt_1_eq"	56.7421390334995	0	0.698013941031071	1
"pt_1_ard"	58.6155794162035	1.87344038270404	0.273559427659703	2
"pt_2_eq"	63.3555890057936	6.6134499722941	0.0255724113630742	4
"pt_2_ard"	67.8904580188822	11.1483189853827	0.00264872815345198	2
"pt_3_eq"	73.0480845144783	16.3059454809788	0.00020094306593484	9
"pt_3_ard"	80.6244330184017	23.8822939849022	4.54872676492429e-06	2
