"AICc"	"Delta_AICc"	"AICcWt"	"K_rates"
"pt_1_eq"	58.3523511384849	0	0.675745512434633	1
"pt_1_ard"	60.2376371318342	1.88528599334936	0.263268269283457	2
"pt_2_eq"	63.3489919470756	4.99664080859072	0.055561812512704	4
"pt_2_ard"	68.0863717423898	9.73402060390489	0.00520076766364645	2
"pt_3_eq"	74.4180710193799	16.0657198808951	0.000219359488231274	9
"pt_3_ard"	82.2922349781162	23.9398838396313	4.27861732902637e-06	2
