"AICc"	"Delta_AICc"	"AICcWt"	"K_rates"
"pt_1_eq"	58.3770583271953	0	0.648708675252515	1
"pt_1_ard"	60.2316279131165	1.85456958592115	0.256646317471475	2
"pt_2_eq"	62.5169691575513	4.13991083035593	0.081861460982887	4
"pt_2_ard"	66.261576270785	7.88451794358968	0.0125877580914463	2
"pt_3_eq"	74.6562417684238	16.2791834412284	0.000189264837681106	9
"pt_3_ard"	81.3917559658085	23.0146976386132	6.52336399538243e-06	2
