"AICc"	"Delta_AICc"	"AICcWt"	"K_rates"
"pt_1_eq"	55.2628442477665	0	0.685814262420186	1
"pt_1_ard"	57.1346655927321	1.87182134496554	0.268995907059254	2
"pt_2_eq"	61.0508907795183	5.78804653175174	0.037961920709122	4
"pt_2_ard"	64.381080666593	9.11823641882653	0.00718135890123282	2
"pt_3_eq"	74.5316614417439	19.2688171939774	4.48782612637623e-05	9
"pt_3_ard"	81.1107513549229	25.8479071071563	1.67264894101613e-06	2
