"AICc"	"Delta_AICc"	"AICcWt"	"K_rates"
"pt_1_eq"	58.0150524785597	0	0.642474771435972	1
"pt_1_ard"	59.8584669274039	1.84341444884419	0.255601687687755	2
"pt_2_eq"	62.0056871454334	3.9906346668737	0.0873576154817182	4
"pt_2_ard"	65.6331134923935	7.61806101383378	0.014243448446228	2
"pt_3_eq"	73.2492967049636	15.2342442264039	0.000316069054158325	9
"pt_3_ard"	81.0461567477494	23.0311042691897	6.40789416873077e-06	2
