"AICc"	"Delta_AICc"	"AICcWt"	"K_rates"
"pt_1_eq"	55.938439220836	0	0.684577537384511	1
"pt_1_ard"	57.7437507816349	1.80531156079883	0.277590257861809	2
"pt_2_eq"	62.5518891907034	6.61344996986737	0.0250801558365714	4
"pt_2_ard"	63.9437881443919	8.00534892355589	0.0125049860963357	2
"pt_3_eq"	71.8097822872143	15.8713430663782	0.000244908742129303	9
"pt_3_ard"	81.2768274304931	25.338388209657	2.15407864328187e-06	2
