"AICc"	"Delta_AICc"	"AICcWt"	"K_rates"
"pt_1_eq"	54.0968276443692	0	0.692826335853155	1
"pt_1_ard"	55.9929797472847	1.89615210291546	0.268460373603521	2
"pt_2_eq"	60.700002241963	6.60317459759383	0.0255131006539224	4
"pt_2_ard"	62.0581502186012	7.96132257423197	0.0129373449065549	2
"pt_3_eq"	69.8885331617959	15.7917055174267	0.000257928364770391	9
"pt_3_ard"	77.8086551202167	23.7118274758474	4.91661807603722e-06	2
