"AICc"	"Delta_AICc"	"AICcWt"	"K_rates"
"pt_1_eq"	56.4684672856124	0	0.694038476723825	1
"pt_1_ard"	58.3467399826642	1.87827269705183	0.271344994154184	2
"pt_2_eq"	63.071641874538	6.6031745889256	0.0255577374513193	4
"pt_2_ard"	65.1961503836593	8.72768309804691	0.00883468853763712	2
"pt_3_eq"	72.5579951501507	16.0895278645384	0.000222631680194488	9
"pt_3_ard"	82.5965321669977	26.1280648813853	1.47145283996536e-06	2
