"AICc"	"Delta_AICc"	"AICcWt"	"K_rates"
"pt_1_eq"	57.5534151538287	0	0.639458762604417	1
"pt_1_ard"	59.3967605365898	1.84334538276107	0.254410586385475	2
"pt_2_eq"	61.4410981299836	3.88768297615488	0.0915404221677286	4
"pt_2_ard"	65.1540221315622	7.60060697773347	0.0143008452836611	2
"pt_3_eq"	72.9917395017391	15.4383243479104	0.000284068452815416	9
"pt_3_ard"	80.9490641085926	23.3956489547639	5.31510590209743e-06	2
