"AICc"	"Delta_AICc"	"AICcWt"	"K_rates"
"pt_1_eq"	55.7573419109963	0	0.672597260424493	1
"pt_1_ard"	57.7309812853524	1.97363937435606	0.250717558099273	2
"pt_2_eq"	60.2450590645073	4.487717153511	0.0713279423831449	4
"pt_2_ard"	65.4772649742459	9.7199230632496	0.00521315476987915	2
"pt_3_eq"	72.6965549244416	16.9392130134452	0.000141075540965769	9
"pt_3_ard"	80.3920750671049	24.6347331561085	3.00878224494064e-06	2
