"AICc"	"Delta_AICc"	"AICcWt"	"K_rates"
"pt_1_eq"	56.8451937790187	0	0.691720435521977	1
"pt_1_ard"	58.7150056273487	1.86981184833	0.271585214289279	2
"pt_2_eq"	63.4483683773996	6.60317459838088	0.0254723762299978	4
"pt_2_ard"	65.1405439320243	8.2953501530056	0.0109299508193521	2
"pt_3_eq"	72.4209502330503	15.5757564540315	0.000286878542994359	9
"pt_3_ard"	80.4631742532881	23.6179804742693	5.14459639902288e-06	2
