"AICc"	"Delta_AICc"	"AICcWt"	"K_rates"
"pt_1_eq"	55.3562010286069	0	0.681141248002943	1
"pt_1_ard"	57.2481924030434	1.89199137443651	0.264482215289611	2
"pt_2_eq"	60.806089444492	5.44988841588511	0.0446487132952971	4
"pt_2_ard"	63.8942379636764	8.53803693506953	0.00953292150778502	2
"pt_3_eq"	71.7088859566568	16.3526849280499	0.000191556444058384	9
"pt_3_ard"	79.8040423928696	24.4478413642628	3.34546030549431e-06	2
