"AICc"	"Delta_AICc"	"AICcWt"	"K_rates"
"pt_1_eq"	57.0183623250625	0	0.710280745363702	1
"pt_1_ard"	59.0220506166843	2.00368829162186	0.260816256697686	2
"pt_2_eq"	63.6215391537968	6.60317682873433	0.0261558243321354	4
"pt_2_ard"	68.276777023191	11.2584146981286	0.00255091714399904	6
"pt_3_eq"	73.4726216063975	16.454259281335	0.000189859807813411	9
"pt_3_ard"	80.2536432089476	23.2352808838852	6.39665466379554e-06	12
