"AICc"	"Delta_AICc"	"AICcWt"	"K_rates"
"pt_1_eq"	57.7139641688235	0	0.667744949929049	1
"pt_1_ard"	59.4666192772442	1.75265510842077	0.277988218955356	2
"pt_2_eq"	62.969698207662	5.25573403883851	0.0482327991403578	4
"pt_2_ard"	67.156441187948	9.44247701912455	0.00594569708878429	2
"pt_3_eq"	75.6229131272645	17.908948958441	8.62445692667806e-05	9
"pt_3_ard"	83.0626556690346	25.3486915002111	2.09031718583918e-06	2
