"AICc"	"Delta_AICc"	"AICcWt"	"K_rates"
"pt_1_eq"	58.9862824899179	0	0.662125334017379	1
"pt_1_ard"	60.9466557085416	1.96037321862376	0.248456618042612	2
"pt_2_eq"	63.3548579185448	4.36857542862692	0.0745274228806474	4
"pt_2_ard"	66.6160461442757	7.62976365435787	0.014593453491274	2
"pt_3_eq"	74.4440588712536	15.4577763813358	0.000291290762637829	9
"pt_3_ard"	82.2493153087905	23.2630328188727	5.88080545030064e-06	2
