"AICc"	"Delta_AICc"	"AICcWt"	"K_rates"
"pt_1_eq"	57.778922192302	0	0.666377539661736	1
"pt_1_ard"	59.6876760289795	1.90875383667755	0.256589996842935	2
"pt_2_eq"	62.3856069904025	4.60668479810054	0.0665873078954903	4
"pt_2_ard"	66.1412184820939	8.36229628979198	0.010182883692578	2
"pt_3_eq"	73.4946840762583	15.7157618839564	0.000257683148424762	9
"pt_3_ard"	81.5509263600664	23.7720041677644	4.58875883595251e-06	2
