"AICc"	"Delta_AICc"	"AICcWt"	"K_rates"
"pt_1_eq"	58.0883307474242	0	0.692826839112607	1
"pt_1_ard"	59.9286092462532	1.84027849882899	0.276066242821454	2
"pt_2_eq"	64.7017807191783	6.6134499717541	0.0253823769075137	4
"pt_2_ard"	67.7607330587549	9.67240231133068	0.00549906974626888	2
"pt_3_eq"	74.1609222575158	16.0725915100916	0.000224132998842927	9
"pt_3_ard"	84.4024318619768	26.3141011145526	1.33841331389631e-06	2
