"AICc"	"Delta_AICc"	"AICcWt"	"K_rates"
"pt_1_eq"	56.0246784305446	0	0.650065722578645	1
"pt_1_ard"	57.9941439070401	1.96946547649545	0.242824930042511	2
"pt_2_eq"	59.9151086816234	3.89043025107876	0.0929310986555346	4
"pt_2_ard"	63.7199717187225	7.69529328817791	0.0138658200874384	2
"pt_3_eq"	71.342237245894	15.3175588153494	0.000306754986922556	9
"pt_3_ard"	79.3226709986776	23.297992568133	5.67364894894319e-06	2
