"AICc"	"Delta_AICc"	"AICcWt"	"K_rates"
"pt_1_eq"	56.6317622305259	0	0.639243745499569	1
"pt_1_ard"	58.4911993624817	1.85943713195579	0.252286983768989	2
"pt_2_eq"	60.4889823518768	3.85722012135086	0.0929141333486423	4
"pt_2_ard"	64.1058243708019	7.47406214027595	0.0152298110418874	6
"pt_3_eq"	71.809842023563	15.1780797930371	0.000323435985206837	9
"pt_3_ard"	82.0943144182421	25.4625521877162	1.89035570510896e-06	12
