"AICc"	"Delta_AICc"	"AICcWt"	"K_rates"
"pt_1_eq"	54.6393033429732	0	0.699467027169449	1
"pt_1_ard"	56.6046760551659	1.96537271219271	0.26181346883305	2
"pt_2_eq"	61.2424779440637	6.60317460109051	0.0257576418700925	4
"pt_2_ard"	62.657706203384	8.01840286041079	0.0126938449334728	2
"pt_3_eq"	70.4097595817137	15.7704562387405	0.000263182001799688	9
"pt_3_ard"	78.4036094779667	23.7643061349935	4.83519213637649e-06	2
