"AICc"	"Delta_AICc"	"AICcWt"	"K_rates"
"pt_1_eq"	54.7039932309657	0	0.687515912506598	1
"pt_1_ard"	56.5956055314002	1.89161230043451	0.267008054475395	2
"pt_2_eq"	60.3494334859585	5.64544025499278	0.0408687146449983	4
"pt_2_ard"	64.7900091695014	10.0860159385358	0.00443743721278169	2
"pt_3_eq"	71.3423667132642	16.6383734822985	0.000167612289640431	9
"pt_3_ard"	79.9471094011615	25.2431161701958	2.26887058633735e-06	2
