"AICc"	"Delta_AICc"	"AICcWt"	"K_rates"
"pt_1_eq"	55.8570247258398	0	0.649112927533472	1
"pt_1_ard"	57.8362944749061	1.97926974906633	0.241283316314451	2
"pt_2_eq"	59.6884606425963	3.83143591675651	0.0955728463343028	4
"pt_2_ard"	63.5662561151787	7.70923138933899	0.0137493425615053	2
"pt_3_eq"	71.390325157004	15.5333004311643	0.000274983684641515	9
"pt_3_ard"	78.8545938943085	22.9975691684687	6.58357162797279e-06	2
