"AICc"	"Delta_AICc"	"AICcWt"	"K_rates"
"pt_1_eq"	56.0650055654275	0	0.643329321310995	1
"pt_1_ard"	58.0666605709111	2.00165500548358	0.236471869107381	2
"pt_2_eq"	59.70328652521	3.63828095978248	0.104325547763853	4
"pt_2_ard"	63.4995374686179	7.43453190319038	0.0156331053779816	2
"pt_3_eq"	71.886239069533	15.8212335041055	0.000235991381156777	9
"pt_3_ard"	79.9603689316229	23.8953633661954	4.16505863183752e-06	2
