"AICc"	"Delta_AICc"	"AICcWt"	"K_rates"
"pt_1_eq"	56.5128257474098	0	0.67018097326148	1
"pt_1_ard"	58.503365242755	1.99053949534516	0.247714788401343	2
"pt_2_eq"	60.9695046597306	4.45667891232075	0.0721832719850793	4
"pt_2_ard"	64.9771794058167	8.46435365840687	0.00973152831241588	6
"pt_3_eq"	72.8874404825383	16.3746147351285	0.000186418789027521	9
"pt_3_ard"	81.1334145303585	24.6205887829487	3.01925065394538e-06	12
