"AICc"	"Delta_AICc"	"AICcWt"	"K_rates"
"pt_1_eq"	56.3311515141789	0	0.693368788649726	1
"pt_1_ard"	58.1707408768055	1.83958936262665	0.276377404391264	2
"pt_2_eq"	62.9446037720493	6.61345225787041	0.0254022027132906	4
"pt_2_ard"	66.3242274013257	9.99307588714683	0.00468808449890127	2
"pt_3_eq"	73.0604793665307	16.7293278523518	0.000161523940974069	9
"pt_3_ard"	81.8476903110252	25.5165387968463	1.99580584428226e-06	2
