"AICc"	"Delta_AICc"	"AICcWt"	"K_rates"
"pt_1_eq"	58.0720714861788	0	0.646310931532398	1
"pt_1_ard"	59.8972347262428	1.82516324006399	0.259485048951521	2
"pt_2_eq"	62.3110054870534	4.23893400087457	0.0776191135667882	4
"pt_2_ard"	65.4373779048419	7.36530641866304	0.0162586893780702	2
"pt_3_eq"	73.2996546955678	15.2275832093889	0.000319016996023292	9
"pt_3_ard"	80.8820994081448	22.810027921966	7.19957519903158e-06	2
