"AICc"	"Delta_AICc"	"AICcWt"	"K_rates"
"pt_1_eq"	58.1836514534105	0	0.695987628945157	1
"pt_1_ard"	60.1279871743372	1.94433572092667	0.263265762353694	2
"pt_2_eq"	64.7971014260584	6.61344997264782	0.0254981754684699	4
"pt_2_ard"	65.8723491976861	7.68869774427554	0.0148943658941644	2
"pt_3_eq"	73.3800127202217	15.1963612668111	0.000348942283330272	9
"pt_3_ard"	81.8215431974547	23.6378917440441	5.12505518428793e-06	2
