"AICc"	"Delta_AICc"	"AICcWt"	"K_rates"
"pt_1_eq"	57.8921183298066	0	0.687672848017396	1
"pt_1_ard"	59.7597093252849	1.86759099547829	0.270296016406794	2
"pt_2_eq"	64.5055683010286	6.613449971222	0.0251935554985736	4
"pt_2_ard"	65.3360230701083	7.44390474030169	0.0166325370980755	2
"pt_3_eq"	74.1676563678728	16.2755380380661	0.000200998907593945	9
"pt_3_ard"	81.979751318139	24.0876329883324	4.04407156688456e-06	2
