"AICc"	"Delta_AICc"	"AICcWt"	"K_rates"
"pt_1_eq"	56.5067502013865	0	0.685301342123909	1
"pt_1_ard"	58.3067406172482	1.79999041586175	0.278624068669691	2
"pt_2_eq"	63.1202001712817	6.61344996989516	0.025106673118295	4
"pt_2_ard"	64.8159302183157	8.30918001692919	0.0107539018184181	2
"pt_3_eq"	72.6904160712622	16.1836658698757	0.000209721613461243	9
"pt_3_ard"	80.4681666574201	23.9614164560336	4.29265622500207e-06	2
