"AICc"	"Delta_AICc"	"AICcWt"	"K_rates"
"pt_1_eq"	56.8164045659775	0	0.628627466041747	1
"pt_1_ard"	58.6954002690826	1.8789957031051	0.245682724535848	2
"pt_2_eq"	60.3460591800642	3.52965461408663	0.107631301370679	4
"pt_2_ard"	63.9426208923617	7.12621632638418	0.0178219466234699	2
"pt_3_eq"	72.6591719622236	15.8427673962461	0.000228128803769864	9
"pt_3_ard"	79.2547766577928	22.4383720918153	8.43262448586171e-06	2
