"AICc"	"Delta_AICc"	"AICcWt"	"K_rates"
"pt_1_eq"	56.403118419508	0	0.641372001665915	1
"pt_1_ard"	58.2380231146099	1.83490469510192	0.256250962577834	2
"pt_2_eq"	60.3853344442006	3.9822160246926	0.0875755300902744	4
"pt_2_ard"	63.9694699768525	7.56635155734451	0.0145914224949955	2
"pt_3_eq"	72.4970865587204	16.0939681392124	0.000205281219963458	9
"pt_3_ard"	80.007803651396	23.604685231888	4.80195101810623e-06	2
