"AICc"	"Delta_AICc"	"AICcWt"	"K_rates"
"pt_1_eq"	54.1703226757558	0	0.699366916566283	1
"pt_1_ard"	56.0729453166576	1.90262264090181	0.270119431603203	2
"pt_2_eq"	60.7734972709695	6.60317459521367	0.0257539554059265	4
"pt_2_ard"	64.1985327905385	10.0282101147827	0.00464629655982385	2
"pt_3_eq"	71.7018177962	17.5314951204442	0.000109091092003739	9
"pt_3_ard"	78.164878033459	23.9945553577032	4.30877275973427e-06	2
