"AICc"	"Delta_AICc"	"AICcWt"	"K_rates"
"pt_1_eq"	55.1298893873015	0	0.67317542599499	1
"pt_1_ard"	56.9623722401037	1.83248285280222	0.269283447218431	2
"pt_2_eq"	60.4308851021812	5.30099571487976	0.0475369879136302	4
"pt_2_ard"	63.5873860350168	8.45749664771532	0.0098085811934317	2
"pt_3_eq"	71.4378479398916	16.3079585525902	0.000193597635426545	9
"pt_3_ard"	80.6234779260449	25.4935885387434	1.96004409019213e-06	2
