"AICc"	"Delta_AICc"	"AICcWt"	"K_rates"
"pt_1_eq"	54.8916715715018	0	0.669239460575596	1
"pt_1_ard"	56.7374306920842	1.8457591205824	0.265937780592106	2
"pt_2_eq"	59.7084228732534	4.81675130175161	0.0602056549101687	4
"pt_2_ard"	64.9030747023457	10.0114031308439	0.00448366310073407	2
"pt_3_eq"	72.0182845900888	17.126613018587	0.000127815868877106	9
"pt_3_ard"	78.2650409843836	23.3733694128818	5.62495251740724e-06	2
