"AICc"	"Delta_AICc"	"AICcWt"	"K_rates"
"pt_1_eq"	55.1831151834606	0	0.651989208676503	1
"pt_1_ard"	57.1890071528743	2.00589196941365	0.239147861015351	2
"pt_2_eq"	59.0632342394697	3.88011905600904	0.0936878472826571	4
"pt_2_ard"	62.7315945148286	7.54847933136799	0.0149661104994424	2
"pt_3_eq"	71.3398166237283	16.1567014402677	0.000202235441272542	9
"pt_3_ard"	78.1434271521758	22.9603119687151	6.73708477440112e-06	2
