"AICc"	"Delta_AICc"	"AICcWt"	"K_rates"
"pt_1_eq"	56.6526636003232	0	0.674906543863336	1
"pt_1_ard"	58.4960723060432	1.84340870572002	0.268505091061254	2
"pt_2_eq"	62.0037030746274	5.35103947430424	0.0464815049563776	4
"pt_2_ard"	65.0726979106704	8.42003431034723	0.0100197392521394	2
"pt_3_eq"	74.6605459772312	18.0078823769081	8.29624684582622e-05	9
"pt_3_ard"	80.647062596556	23.9943989962329	4.15839843524335e-06	2
