"AICc"	"Delta_AICc"	"AICcWt"	"K_rates"
"pt_1_eq"	55.680798235022	0	0.696243977003567	1
"pt_1_ard"	57.6007739086623	1.91997567364034	0.266590108261393	2
"pt_2_eq"	62.283973057781	6.60317482275904	0.0256389512723445	4
"pt_2_ard"	63.9286975357798	8.24789930075782	0.0112655623213535	2
"pt_3_eq"	71.4954196947971	15.8146214597751	0.00025624773456086	9
"pt_3_ard"	79.3083930603312	23.6275948253092	5.15340678131348e-06	2
