"AICc"	"Delta_AICc"	"AICcWt"	"K_rates"
"pt_1_eq"	55.4069655535174	0	0.6655999091336	1
"pt_1_ard"	57.3596034892108	1.95263793569341	0.250728275534914	2
"pt_2_eq"	59.8768669520005	4.46990139848307	0.0712174628966321	4
"pt_2_ard"	63.4046360147399	7.99767046122245	0.012205095425566	2
"pt_3_eq"	71.2230357574367	15.8160702039193	0.000244792014600823	9
"pt_3_ard"	79.2313175686789	23.8243520151615	4.46499468692941e-06	2
