"AICc"	"Delta_AICc"	"AICcWt"	"K_rates"
"pt_1_eq"	54.2766657241167	0	0.683426349649023	1
"pt_1_ard"	56.1137997461464	1.83713402202968	0.272748979892425	2
"pt_2_eq"	60.0623173196507	5.78565159553396	0.0378750694643948	4
"pt_2_ard"	63.792922328778	9.51625660466126	0.00586493027261532	2
"pt_3_eq"	72.2967841109504	18.0201183868337	8.34973572122742e-05	9
"pt_3_ard"	80.8266638362017	26.549998112085	1.17336433043568e-06	2
