"AICc"	"Delta_AICc"	"AICcWt"	"K_rates"
"pt_1_eq"	56.7332732414343	0	0.660630833049837	1
"pt_1_ard"	58.6024421000282	1.86916885859389	0.259462129848072	2
"pt_2_eq"	61.2594148702183	4.526141628784	0.0687257791902657	4
"pt_2_ard"	64.9140741672056	8.1808009257713	0.0110540261967038	2
"pt_3_eq"	73.8711494847051	17.1378762432708	0.000125463181813418	9
"pt_3_ard"	82.3948730445386	25.6615998031043	1.7685333081455e-06	2
