"AICc"	"Delta_AICc"	"AICcWt"	"K_rates"
"pt_1_eq"	56.3239817394782	0	0.663273558122974	1
"pt_1_ard"	58.1977450747198	1.87376333524161	0.259902313728276	2
"pt_2_eq"	60.9264881409281	4.60250640144987	0.0664157555611375	4
"pt_2_ard"	64.6810555332746	8.35707379379641	0.0101619526608172	2
"pt_3_eq"	72.144122555835	15.8201408163568	0.000243440456894106	9
"pt_3_ard"	80.9503765222328	24.6263947827546	2.97946990126523e-06	2
