"AICc"	"Delta_AICc"	"AICcWt"	"K_rates"
"pt_1_eq"	58.967339919323	0	0.659012319313028	1
"pt_1_ard"	60.8892195795094	1.92187966018641	0.252094091851278	2
"pt_2_eq"	63.2689703136871	4.30163039436415	0.0767019422774045	4
"pt_2_ard"	66.9870489570773	8.01970903775432	0.0119518694969454	2
"pt_3_eq"	74.8389180333395	15.8715781140166	0.000235735037124853	9
"pt_3_ard"	82.9708437122871	24.0035037929642	4.04202421891348e-06	2
