"AICc"	"Delta_AICc"	"AICcWt"	"K_rates"
"pt_1_eq"	57.6393826379802	0	0.631913329284529	1
"pt_1_ard"	59.6242742702179	1.98489163223767	0.234230677584104	2
"pt_2_eq"	61.0210879155471	3.38170527756687	0.116500971118395	4
"pt_2_ard"	64.8553014152325	7.21591877725226	0.0171293413054517	2
"pt_3_eq"	73.5226330414795	15.8832504034993	0.00022472609942654	9
"pt_3_ard"	84.4453064825711	26.8059238445909	9.54608093736144e-07	2
