"AICc"	"Delta_AICc"	"AICcWt"	"K_rates"
"pt_1_eq"	56.8393362418428	0	0.645695276246981	1
"pt_1_ard"	58.7551003004249	1.91576405858211	0.247756313096279	2
"pt_2_eq"	60.7248221397703	3.88548589792749	0.0925347949059903	4
"pt_2_ard"	64.5406771047196	7.70134086287683	0.0137310165063069	2
"pt_3_eq"	72.3442446714724	15.5049084296296	0.000277446673753053	9
"pt_3_ard"	80.316510661079	23.4771744192362	5.15257069009878e-06	2
