"AICc"	"Delta_AICc"	"AICcWt"	"K_rates"
"pt_1_eq"	56.7354146752093	0	0.637709546434999	1
"pt_1_ard"	58.806833425439	2.07141875022969	0.226370615610156	2
"pt_2_eq"	60.078814725986	3.34340005077676	0.119843041356732	4
"pt_2_ard"	64.1295464897663	7.39413181455706	0.0158127569480401	2
"pt_3_eq"	72.3716855271796	15.6362708519703	0.000256595977602807	9
"pt_3_ard"	79.4519624026928	22.7165477274835	7.44367246951639e-06	2
