"AICc"	"Delta_AICc"	"AICcWt"	"K_rates"
"pt_1_eq"	57.2870644376973	0	0.683159107729335	1
"pt_1_ard"	59.2298742272557	1.9428097895584	0.258610454255934	2
"pt_2_eq"	62.4067832415016	5.11971880380433	0.0528188632141577	4
"pt_2_ard"	67.0442872761992	9.75722283850195	0.00519718102183241	2
"pt_3_eq"	73.4554711768666	16.1684067391693	0.0002106672124153	9
"pt_3_ard"	81.5250560618407	24.2379916241434	3.72656632568576e-06	2
