"AICc"	"Delta_AICc"	"AICcWt"	"K_rates"
"pt_1_eq"	57.9282248843863	0	0.640400663441223	1
"pt_1_ard"	59.7052928362626	1.77706795187629	0.26337004044233	2
"pt_2_eq"	62.0838545757873	4.15562969140105	0.0801804060475065	4
"pt_2_ard"	65.3404587224193	7.41223383803304	0.015736409408809	2
"pt_3_eq"	73.2149692902172	15.2867444058309	0.000306886230179288	9
"pt_3_ard"	81.2243805737844	23.2961556893981	5.59442995236923e-06	2
