"AICc"	"Delta_AICc"	"AICcWt"	"K_rates"
"pt_1_eq"	56.0872258414652	0	0.702096069048967	1
"pt_1_ard"	58.0659129525912	1.97868711112598	0.261053845226996	2
"pt_2_eq"	62.6904004534699	6.60317461200466	0.0258544553264473	4
"pt_2_ard"	64.4374259171305	8.35020007566529	0.010793781781318	2
"pt_3_eq"	72.4473842370101	16.3601583955449	0.000196713100847932	9
"pt_3_ard"	79.738516463733	23.6512906222677	5.13551542390315e-06	2
