"AICc"	"Delta_AICc"	"AICcWt"	"K_rates"
"pt_1_eq"	58.3083551764223	0	0.689366124828998	1
"pt_1_ard"	60.1397088968736	1.8313537204513	0.275915774825947	2
"pt_2_eq"	64.9218050934612	6.61344991703893	0.0252555910056683	4
"pt_2_ard"	66.9307082414794	8.62235306505707	0.00924974499622126	2
"pt_3_eq"	74.490652600241	16.1822974238187	0.000211109948937351	9
"pt_3_ard"	84.188540932471	25.8801857560488	1.65439422834213e-06	2
