"AICc"	"Delta_AICc"	"AICcWt"	"K_rates"
"pt_1_eq"	57.9513563899002	0	0.679008902974762	1
"pt_1_ard"	59.9028587773784	1.95150238747821	0.255924644986188	2
"pt_2_eq"	62.9939957017637	5.04263931186343	0.0545607403786558	4
"pt_2_ard"	66.329231070763	8.37787468086274	0.0102953969669345	2
"pt_3_eq"	74.1527431732193	16.2013867833191	0.000205962914665526	9
"pt_3_ard"	81.8669660672355	23.9156096773353	4.35177879400914e-06	2
