"AICc"	"Delta_AICc"	"AICcWt"	"K_rates"
"pt_1_eq"	56.8172648298794	0	0.667569037563445	1
"pt_1_ard"	58.6670429535422	1.84977812366279	0.2647414660999	2
"pt_2_eq"	61.7597611199297	4.94249629005026	0.0563957988335311	4
"pt_2_ard"	64.9947379388174	8.17747310893798	0.0111887214498769	2
"pt_3_eq"	74.4108129834551	17.5935481535757	0.000100949865678341	9
"pt_3_ard"	80.8544211808134	24.037156350934	4.026187568805e-06	2
