"AICc"	"Delta_AICc"	"AICcWt"	"K_rates"
"pt_1_eq"	57.4510571506405	0	0.685726453095505	1
"pt_1_ard"	59.2520837164143	1.8010265657738	0.278652506434141	2
"pt_2_eq"	64.0645071197721	6.61344996913159	0.0251222474767848	4
"pt_2_ard"	65.8546066453441	8.4035494947036	0.0102646304046344	2
"pt_3_eq"	73.4335259611308	15.9824688104902	0.000232060860154838	9
"pt_3_ard"	82.8420048223807	25.3909476717402	2.10172878054413e-06	2
