"AICc"	"Delta_AICc"	"AICcWt"	"K_rates"
"pt_1_eq"	56.6098196286674	0	0.630306771942018	1
"pt_1_ard"	58.6552177650369	2.04539813636945	0.226672800978152	2
"pt_2_eq"	59.8219192973441	3.21209966867663	0.126489184453511	4
"pt_2_ard"	63.9361488892552	7.32632926058777	0.0161681298306004	2
"pt_3_eq"	71.5616037266657	14.9517840979983	0.000357119289578173	9
"pt_3_ard"	79.7363903209133	23.1265706922459	5.99350614126469e-06	2
