"AICc"	"Delta_AICc"	"AICcWt"	"K_rates"
"pt_1_eq"	52.7941314036697	0	0.69307785902213	1
"pt_1_ard"	54.736379232216	1.94224782854634	0.26243893575822	2
"pt_2_eq"	58.485022204308	5.69089080063825	0.0402736312442846	4
"pt_2_ard"	63.067326983759	10.2731955800893	0.00407367097957368	2
"pt_3_eq"	69.9046369487673	17.1105055450976	0.000133439054098333	9
"pt_3_ard"	77.8884018843073	25.0942704806376	2.4639416939549e-06	2
