"AICc"	"Delta_AICc"	"AICcWt"	"K_rates"
"pt_1_eq"	55.178922634837	0	0.664049500464834	1
"pt_1_ard"	57.0903487167893	1.91142608195228	0.255352170872573	2
"pt_2_eq"	59.7244255185325	4.54550288369545	0.0684158999991645	4
"pt_2_ard"	63.2203774635795	8.04145482874248	0.0119129885683164	2
"pt_3_eq"	70.8109875037896	15.6320648689526	0.000267756916277623	9
"pt_3_ard"	80.9497782460171	25.7708556111801	1.68317883460251e-06	2
