"AICc"	"Delta_AICc"	"AICcWt"	"K_rates"
"pt_1_eq"	56.4433768365295	0	0.673509894903727	1
"pt_1_ard"	58.2827741885711	1.83939735204168	0.268487406984206	2
"pt_2_eq"	61.7231091259409	5.27973228941143	0.0480689550126251	4
"pt_2_ard"	64.8968847524323	8.45350791590283	0.00983304576050947	2
"pt_3_eq"	74.1378532509112	17.6944764143818	9.6836090379768e-05	9
"pt_3_ard"	80.5819115885351	24.1385347520056	3.86124855294341e-06	2
