"AICc"	"Delta_AICc"	"AICcWt"	"K_rates"
"pt_1_eq"	56.355726463805	0	0.654891915504286	1
"pt_1_ard"	58.2849870210423	1.92926055723724	0.249595081033431	2
"pt_2_eq"	60.5161233151011	4.16039685129603	0.0817995532312867	4
"pt_2_ard"	64.1106131482321	7.75488668442711	0.0135586790870517	2
"pt_3_eq"	73.1222156602797	16.7664891964747	0.00014975204429176	9
"pt_3_ard"	79.9136763059601	23.5579498421551	5.01909965199661e-06	2
