"AICc"	"Delta_AICc"	"AICcWt"	"K_rates"
"pt_1_eq"	56.1933865978912	0	0.66649055637738	1
"pt_1_ard"	58.1078646680978	1.91447807020666	0.2559000492027	2
"pt_2_eq"	60.8274421621794	4.63405556428823	0.0656933819063739	4
"pt_2_ard"	64.2639710151267	8.07058441723555	0.0117838949197607	2
"pt_3_eq"	73.3276940349607	17.1343074370695	0.000126802090820723	9
"pt_3_ard"	79.6716938200211	23.47830722213	5.31550296452345e-06	2
