"AICc"	"Delta_AICc"	"AICcWt"	"K_rates"
"pt_1_eq"	58.478453561328	0	0.696690984159628	1
"pt_1_ard"	60.4083478211432	1.92989425981514	0.265441593925307	2
"pt_2_eq"	65.0919035291777	6.61344996784967	0.0255239436237465	4
"pt_2_ard"	66.5845805536051	8.10612699227705	0.0121008834826871	2
"pt_3_eq"	74.4416531034369	15.9631995421089	0.000238053983433725	9
"pt_3_ard"	82.3604305275771	23.881976966249	4.54082519718656e-06	2
