"AICc"	"Delta_AICc"	"AICcWt"	"K_rates"
"pt_1_eq"	56.4222586433927	0	0.693845706314352	1
"pt_1_ard"	58.3013969659812	1.87913832258849	0.271152244049973	2
"pt_2_eq"	63.0357085625987	6.61344991920603	0.0254197047542387	4
"pt_2_ard"	65.0338013419187	8.61154269852602	0.00936030861215863	2
"pt_3_eq"	72.5541891935396	16.1319305501469	0.000217900734880217	9
"pt_3_ard"	80.4830353073481	24.0607766639555	4.13553439694932e-06	2
