"AICc"	"Delta_AICc"	"AICcWt"	"K_rates"
"pt_1_eq"	56.7261642435049	0	0.693970624146876	1
"pt_1_ard"	58.6116032292477	1.88543898574281	0.270348032560148	2
"pt_2_eq"	63.339614161777	6.61344991827212	0.0254242812510444	4
"pt_2_ard"	65.1757978320741	8.44963358856921	0.0101514122831714	2
"pt_3_eq"	74.3672629783132	17.6410987348084	0.000102476708936523	9
"pt_3_ard"	81.3171476344018	24.5909833908969	3.17304982355087e-06	2
