"AICc"	"Delta_AICc"	"AICcWt"	"K_rates"
"pt_1_eq"	57.116725491064	0	0.60659261620644	1
"pt_1_ard"	59.00385761886	1.88713212779598	0.236108479628293	2
"pt_2_eq"	60.1390121093852	3.02228661832117	0.133849242896686	4
"pt_2_ard"	63.652398666147	6.53567317508298	0.0231043482377238	6
"pt_3_eq"	72.123906601761	15.007181110697	0.00033429443494154	9
"pt_3_ard"	78.9487821281088	21.8320566370448	1.10185959154302e-05	12
