"AICc"	"Delta_AICc"	"AICcWt"	"K_rates"
"pt_1_eq"	55.5474742353551	0	0.687686252877307	1
"pt_1_ard"	57.3663839292986	1.81890969394359	0.276961320472746	2
"pt_2_eq"	62.160924181407	6.61344994605198	0.0251940469155631	4
"pt_2_ard"	64.0167638143396	8.46928957898456	0.00996110407776461	2
"pt_3_eq"	71.8972952670249	16.3498210316698	0.000193674220025027	9
"pt_3_ard"	79.86698456562	24.3195103302649	3.60143659481382e-06	2
