"AICc"	"Delta_AICc"	"AICcWt"	"K_rates"
"pt_1_eq"	54.2249498305674	0	0.662965652068775	1
"pt_1_ard"	56.0500508441171	1.82510101354968	0.266179974333905	2
"pt_2_eq"	59.0496782462508	4.82472841568343	0.0594038461437799	4
"pt_2_ard"	62.3830757906013	8.15812596003391	0.0112195770352671	2
"pt_3_eq"	70.1862576422184	15.961307811651	0.00022674466376702	9
"pt_3_ard"	78.1609993363316	23.9360495057642	4.20575450643117e-06	2
