"AICc"	"Delta_AICc"	"AICcWt"	"K_rates"
"pt_1_eq"	55.9352470275803	0	0.695999462864801	1
"pt_1_ard"	57.804692592824	1.86944556524376	0.273315308790454	2
"pt_2_eq"	62.538420731893	6.6031737043127	0.0256299614539395	4
"pt_2_ard"	65.929675147839	9.99442812025871	0.00470269067268016	2
"pt_3_eq"	71.1353301042189	15.2000830766386	0.000348299460789885	9
"pt_3_ard"	79.9350651817139	23.9998181541336	4.27675733528776e-06	2
