"AICc"	"Delta_AICc"	"AICcWt"	"K_rates"
"pt_1_eq"	58.0472098704532	0	0.703055813958402	1
"pt_1_ard"	59.9940773147091	1.94686744425596	0.265602959569481	2
"pt_2_eq"	64.6606598364241	6.61344996597089	0.0257571253032994	4
"pt_2_ard"	67.8011111587601	9.75390128830694	0.00535743672886917	2
"pt_3_eq"	74.1627472326854	16.1155373622322	0.000222610338151382	9
"pt_3_ard"	82.1741346776959	24.1269248072428	4.05410179704171e-06	2
