"AICc"	"Delta_AICc"	"AICcWt"	"K_rates"
"pt_1_eq"	57.7712089260482	0	0.652476944203072	1
"pt_1_ard"	59.6436960926244	1.87248716657624	0.255834875996747	2
"pt_2_eq"	62.0025079832611	4.23129905721287	0.0786593320541927	4
"pt_2_ard"	65.6392876542394	7.86807872819116	0.0127653751590192	2
"pt_3_eq"	73.4419533858748	15.6707444598266	0.000258051416309247	9
"pt_3_ard"	81.1676475300409	23.3964386039927	5.42117065969892e-06	2
