"AICc"	"Delta_AICc"	"AICcWt"	"K_rates"
"pt_1_eq"	56.1806668151396	0	0.669973942995536	1
"pt_1_ard"	58.0909291875577	1.91026237241802	0.257780290361403	2
"pt_2_eq"	60.9367178883993	4.75605107325971	0.0621290258012751	4
"pt_2_ard"	64.6126952397806	8.43202842464098	0.0098870380189676	2
"pt_3_eq"	72.1756795841402	15.9950127690006	0.000225312362014136	9
"pt_3_ard"	80.0517866374328	23.8711198222932	4.39046080440293e-06	2
