"AICc"	"Delta_AICc"	"AICcWt"	"K_rates"
"pt_1_eq"	56.7375980412112	0	0.625714997760244	1
"pt_1_ard"	58.6890423976057	1.95144435639449	0.235844529371755	2
"pt_2_eq"	60.0488529724791	3.31125493126791	0.119494163198749	4
"pt_2_ard"	63.7742670635054	7.03666902229426	0.0185516824145026	2
"pt_3_eq"	71.4990943182569	14.7614962770457	0.000389904615179356	9
"pt_3_ard"	80.3261628353561	23.5885647941449	4.72263956990031e-06	2
