"AICc"	"Delta_AICc"	"AICcWt"	"K_rates"
"pt_1_eq"	57.0833555007321	0	0.680495774390488	1
"pt_1_ard"	58.8709383031839	1.78758280245182	0.278392005251962	2
"pt_2_eq"	63.696805439264	6.61344993853194	0.0249306169180594	4
"pt_2_ard"	64.6006186103365	7.51726310960444	0.0158661840914804	2
"pt_3_eq"	72.4747621229014	15.3914066221694	0.000309473844727661	9
"pt_3_ard"	80.3792389176783	23.2958834169463	5.94550328263023e-06	2
