"AICc"	"Delta_AICc"	"AICcWt"	"K_rates"
"pt_1_eq"	57.1222613175149	0	0.63224466749029	1
"pt_1_ard"	59.0673803690361	1.94511905152117	0.239060563973095	2
"pt_2_eq"	60.6158044381961	3.49354312068119	0.1102229233531	4
"pt_2_ard"	64.2168072191018	7.09454590158686	0.0182105937795541	2
"pt_3_eq"	72.760294439816	15.638033122301	0.000254173008039816	9
"pt_3_ard"	79.9222301437888	22.7999688262738	7.07839592082467e-06	2
