"AICc"	"Delta_AICc"	"AICcWt"	"K_rates"
"pt_1_eq"	56.324494703734	0	0.654311806405427	1
"pt_1_ard"	58.2385596969492	1.91406499321517	0.251275892662299	2
"pt_2_eq"	60.4860953463655	4.16160064263146	0.081677918074495	4
"pt_2_ard"	64.2503340749022	7.92583937116819	0.0124368559777331	2
"pt_3_eq"	71.759822247017	15.435327543283	0.000291102521703228	9
"pt_3_ard"	79.3869797598288	23.0624850560948	6.42435834285747e-06	2
