"AICc"	"Delta_AICc"	"AICcWt"	"K_rates"
"pt_1_eq"	54.3673536689264	0	0.695799249873919	1
"pt_1_ard"	56.3589232700424	1.99156960111601	0.257051482046764	2
"pt_2_eq"	60.3822159692372	6.01486230031079	0.034385330500337	4
"pt_2_ard"	62.4054485118158	8.03809484288946	0.0125035644942173	2
"pt_3_eq"	70.1605514623444	15.793197793418	0.000258841930105688	9
"pt_3_ard"	80.4209423396334	26.053588670707	1.53115465656013e-06	2
