"AICc"	"Delta_AICc"	"AICcWt"	"K_rates"
"pt_1_eq"	56.9467273585057	0	0.622482605281035	1
"pt_1_ard"	58.8578221251042	1.91109476659851	0.239407782589979	2
"pt_2_eq"	60.2293632245847	3.28263586607905	0.120590167556277	4
"pt_2_ard"	64.1286147351372	7.18188737663156	0.017163276195303	2
"pt_3_eq"	71.9075466439863	14.9608192854806	0.000351096572470472	9
"pt_3_ard"	80.3822757712662	23.4355484127605	5.07180493509654e-06	2
