"AICc"	"Delta_AICc"	"AICcWt"	"K_rates"
"pt_1_eq"	55.551840460177	0	0.67535439259655	1
"pt_1_ard"	57.3990476031462	1.84720714296925	0.268173459391454	2
"pt_2_eq"	60.6884664419204	5.13662598174347	0.051775889554442	4
"pt_2_ard"	65.5332929857529	9.98145252557595	0.00459289854649001	2
"pt_3_eq"	73.1862599858146	17.6344195256376	0.000100061309720606	9
"pt_3_ard"	80.0108290902739	24.4589886300969	3.29860134274587e-06	2
