"AICc"	"Delta_AICc"	"AICcWt"	"K_rates"
"pt_1_eq"	55.959658493143	0	0.610137197343702	1
"pt_1_ard"	58.0036135493145	2.04395505617151	0.219577735409343	2
"pt_2_eq"	58.7275797093832	2.76792121624022	0.152890692419529	4
"pt_2_ard"	63.1294977569115	7.16983926376851	0.0169245327896857	6
"pt_3_eq"	70.3175410054849	14.357882512342	0.000465214164496331	9
"pt_3_ard"	79.5383419023005	23.5786834091576	4.62787324372311e-06	12
