"AICc"	"Delta_AICc"	"AICcWt"	"K_rates"
"pt_1_eq"	57.3081320220451	0	0.665667760486933	1
"pt_1_ard"	59.2809076062413	1.97277558419622	0.248241706830458	2
"pt_2_eq"	61.7516888909604	4.44355686891532	0.0721691199932319	4
"pt_2_ard"	65.0831726085799	7.77504058653476	0.0136435979188515	2
"pt_3_eq"	72.9091526321596	15.6010206101145	0.000272608216997688	9
"pt_3_ard"	80.8253877040042	23.5172556819591	5.20655352807412e-06	2
