"AICc"	"Delta_AICc"	"AICcWt"	"K_rates"
"pt_1_eq"	58.0744859289001	0	0.631205498666471	1
"pt_1_ard"	59.947624722793	1.87313879389289	0.247413761769658	2
"pt_2_eq"	61.6518142395486	3.57732831064852	0.105527050787467	4
"pt_2_ard"	65.4828477824244	7.40836185352428	0.0155405160801723	2
"pt_3_eq"	73.3309920030415	15.2565060741415	0.000307087806961592	9
"pt_3_ard"	81.1736423910067	23.0991564621066	6.08488926880524e-06	2
