"AICc"	"Delta_AICc"	"AICcWt"	"K_rates"
"pt_1_eq"	56.9322424308963	0	0.669081893331854	1
"pt_1_ard"	58.853571011159	1.92132858026274	0.256016571309555	2
"pt_2_eq"	61.6348394737738	4.7025970428775	0.0637269750272183	4
"pt_2_ard"	65.1555010042681	8.22325857337187	0.0109602728634259	6
"pt_3_eq"	73.0421139367517	16.1098715058555	0.000212454105357066	9
"pt_3_ard"	82.5472623935715	25.6150199626752	1.83336259039164e-06	12
