"AICc"	"Delta_AICc"	"AICcWt"	"K_rates"
"pt_1_eq"	56.2613868872882	0	0.639954863710754	1
"pt_1_ard"	58.1362552434306	1.87486835614239	0.250626421619885	2
"pt_2_eq"	60.1189881286676	3.85760124137941	0.0929997707154573	4
"pt_2_ard"	63.6280477345304	7.36666084724222	0.0160878965918692	6
"pt_3_eq"	71.4313159964923	15.1699291092041	0.000325118058338685	9
"pt_3_ard"	79.4398791710444	23.1784922837562	5.92930369586261e-06	12
