"AICc"	"Delta_AICc"	"AICcWt"	"K_rates"
"pt_1_eq"	54.564922913935	0	0.671669378062376	1
"pt_1_ard"	56.4990113784908	1.93408846455579	0.255372174829143	2
"pt_2_eq"	59.3257472644704	4.76082435053539	0.0621377719039475	4
"pt_2_ard"	62.8641304339886	8.29920752005362	0.0105926722246094	2
"pt_3_eq"	70.553215339944	15.988292426009	0.000226642817827497	9
"pt_3_ard"	80.7847581545995	26.2198352406645	1.3601620963957e-06	2
