"AICc"	"Delta_AICc"	"AICcWt"	"K_rates"
"pt_1_eq"	56.5153928478972	0	0.699099646587935	1
"pt_1_ard"	58.531328228961	2.01593538106383	0.255143363622451	2
"pt_2_eq"	63.1185674379668	6.60317459006963	0.0257441133435805	4
"pt_2_ard"	63.6500769268454	7.1346840789482	0.0197361355728188	2
"pt_3_eq"	72.2504923284501	15.7350994805529	0.000267735305579399	9
"pt_3_ard"	79.0348039575024	22.5194111096052	9.0055676349634e-06	2
