"AICc"	"Delta_AICc"	"AICcWt"	"K_rates"
"pt_1_eq"	58.3373596196704	0	0.68130800679688	1
"pt_1_ard"	60.1417222735463	1.80436265387593	0.276395597290664	2
"pt_2_eq"	64.9508095748891	6.61344995521873	0.0249603736248871	4
"pt_2_ard"	65.7241948269848	7.38683520731441	0.0169555783569444	2
"pt_3_eq"	73.3587241470796	15.0213645274093	0.000372816933859186	9
"pt_3_ard"	81.1375108393344	22.800151219664	7.62699676548431e-06	2
