"AICc"	"Delta_AICc"	"AICcWt"	"K_rates"
"pt_1_eq"	57.5381312424458	0	0.69504840520384	1
"pt_1_ard"	59.5188389555754	1.98070771312964	0.258172414336757	2
"pt_2_eq"	64.1413058041602	6.60317456171435	0.0255949280819413	4
"pt_2_ard"	64.5490539355244	7.01092269307856	0.0208743293729784	6
"pt_3_eq"	73.0126475708254	15.4745163283796	0.0003032260617479	9
"pt_3_ard"	80.6383025539774	23.1001713115316	6.69694273555886e-06	12
