"AICc"	"Delta_AICc"	"AICcWt"	"K_rates"
"pt_1_eq"	55.2596242940072	0	0.667291297339779	1
"pt_1_ard"	57.1779671921091	1.91834289810186	0.255712874020181	2
"pt_2_eq"	59.9188424802249	4.65921818621768	0.0649499897377878	4
"pt_2_ard"	63.3288381424965	8.06921384848931	0.0118061402225903	2
"pt_3_eq"	71.1613118213358	15.9016875273286	0.000235129915555903	9
"pt_3_ard"	79.0431027440398	23.7834784500326	4.56876410683048e-06	2
