"AICc"	"Delta_AICc"	"AICcWt"	"K_rates"
"pt_1_eq"	56.6155982496425	0	0.665478400180713	1
"pt_1_ard"	58.4611839360859	1.84558568644341	0.264466168979682	2
"pt_2_eq"	61.3789018126768	4.76330356303428	0.0614887603309345	4
"pt_2_ard"	65.3475393757386	8.73194112609607	0.00845312011617246	2
"pt_3_eq"	74.0261965661448	17.4105983165023	0.000110273352009845	9
"pt_3_ard"	81.0582397189675	24.442641469325	3.27704048884207e-06	2
