"AICc"	"Delta_AICc"	"AICcWt"	"K_rates"
"pt_1_eq"	55.3033006634192	0	0.655162826809856	1
"pt_1_ard"	57.2410080200724	1.93770735665312	0.248645979810523	2
"pt_2_eq"	59.4154186203969	4.11211795697768	0.0838328400536344	4
"pt_2_ard"	63.2890321190828	7.98573145566354	0.0120856411661858	2
"pt_3_eq"	70.9082949264399	15.6049942630206	0.000267773625544517	9
"pt_3_ard"	78.8944416561098	23.5911409926906	4.93853425633003e-06	2
