"AICc"	"Delta_AICc"	"AICcWt"	"K_rates"
"pt_1_eq"	55.8871439003011	0	0.655820025746913	1
"pt_1_ard"	57.9480492728664	2.06090537256529	0.234026349571529	2
"pt_2_eq"	59.7090035338853	3.82185963358419	0.0970238266120054	4
"pt_2_ard"	63.7551354827175	7.86799158241648	0.0128313399129136	2
"pt_3_eq"	71.3173513922058	15.4302074919047	0.00029252143128468	9
"pt_3_ard"	79.1121118703977	23.2249679700967	5.93672535451481e-06	2
