"AICc"	"Delta_AICc"	"AICcWt"	"K_rates"
"pt_1_eq"	55.9596584527916	0	0.609370852944733	1
"pt_1_ard"	58.003613534844	2.04395508205247	0.219301938588737	2
"pt_2_eq"	58.7275779187492	2.76791946595763	0.152698792315978	4
"pt_2_ard"	62.986617815385	7.02695936259344	0.0181550245118429	2
"pt_3_eq"	70.3176549076326	14.357996454841	0.000464603376506817	9
"pt_3_ard"	78.2531891023094	22.2935306495178	8.78826220273031e-06	2
