"AICc"	"Delta_AICc"	"AICcWt"	"K_rates"
"pt_1_eq"	57.8999403200585	0	0.655788080783927	1
"pt_1_ard"	59.8008674487489	1.90092712869047	0.253502611517477	2
"pt_2_eq"	62.1564734501438	4.25653313008537	0.0780672882070022	4
"pt_2_ard"	65.8386257962528	7.93868547619437	0.0123851100799668	2
"pt_3_eq"	73.6144456802798	15.7145053602213	0.000253747654772897	9
"pt_3_ard"	82.3848705776804	24.4849302576219	3.16175685329253e-06	2
