"AICc"	"Delta_AICc"	"AICcWt"	"K_rates"
"pt_1_eq"	56.2945852643666	0	0.651598243631214	1
"pt_1_ard"	58.2320048680563	1.93741960368975	0.247328739136901	2
"pt_2_eq"	60.1366414224536	3.84205615808705	0.0954306782979275	4
"pt_2_ard"	65.92985795841	9.63527269404339	0.00526874310565397	2
"pt_3_eq"	71.2569844092977	14.9623991449311	0.000367228359592576	9
"pt_3_ard"	79.3665481569821	23.0719628926155	6.36746871054066e-06	2
