"AICc"	"Delta_AICc"	"AICcWt"	"K_rates"
"pt_1_eq"	55.4650075210322	0	0.673612325057226	1
"pt_1_ard"	57.3294887502432	1.86448122921108	0.265181406720675	2
"pt_2_eq"	60.6106045080623	5.14559698703019	0.0514112112581445	4
"pt_2_ard"	63.9656729799737	8.50066545894152	0.0096053672480814	2
"pt_3_eq"	71.8558888398494	16.3908813188173	0.000185855479474941	9
"pt_3_ard"	79.6178869970147	24.1528794759826	3.83423639801001e-06	2
