"AICc"	"Delta_AICc"	"AICcWt"	"K_rates"
"pt_1_eq"	58.6296050516724	0	0.658842246922122	1
"pt_1_ard"	60.4614649821017	1.83185993042925	0.263631991247547	2
"pt_2_eq"	63.2596448574991	4.6300398058267	0.0650700394916422	4
"pt_2_ard"	66.6064543321766	7.97684928050418	0.0122076094544546	2
"pt_3_eq"	74.4391944161097	15.8095893644373	0.000243093154101776	9
"pt_3_ard"	82.1993315085685	23.5697264568961	5.01973013286044e-06	2
