"AICc"	"Delta_AICc"	"AICcWt"	"K_rates"
"pt_1_eq"	58.1352296534698	0	0.658305013394207	1
"pt_1_ard"	59.9480101761927	1.81278052272291	0.265941965123755	2
"pt_2_eq"	62.617056105641	4.48182645217121	0.0700181955028681	4
"pt_2_ard"	67.7080295555932	9.57279990212335	0.00549186781544117	2
"pt_3_eq"	73.9689175618013	15.8336879083315	0.000239985785601872	9
"pt_3_ard"	82.7513522545805	24.6161226011106	2.97237812689756e-06	2
