"AICc"	"Delta_AICc"	"AICcWt"	"K_rates"
"pt_1_eq"	57.4448132278013	0	0.617889789664541	1
"pt_1_ard"	59.3998757656805	1.95506253787915	0.232474104130099	2
"pt_2_eq"	60.5838623221322	3.13904909433088	0.128610127482762	4
"pt_2_ard"	64.2349269215847	6.7901136937834	0.0207231878803591	2
"pt_3_eq"	72.7373211061824	15.2925078783811	0.000295246750021703	9
"pt_3_ard"	80.071414462748	22.6266012349467	7.54409221733177e-06	2
