"AICc"	"Delta_AICc"	"AICcWt"	"K_rates"
"pt_1_eq"	57.1964283124057	0	0.669476341443819	1
"pt_1_ard"	59.0326139597194	1.83618564731367	0.267308388020541	2
"pt_2_eq"	62.0036137981813	4.80718548577555	0.0605157150361047	4
"pt_2_ard"	68.3059393773227	11.109511064917	0.00259021347319792	2
"pt_3_eq"	74.6591915762309	17.4627632638251	0.000108079760092409	9
"pt_3_ard"	83.5591130985911	26.3626847861853	1.26226624524962e-06	2
