"AICc"	"Delta_AICc"	"AICcWt"	"K_rates"
"pt_1_eq"	55.3166986762682	0	0.633913336774367	1
"pt_1_ard"	57.2718052261993	1.95510654993112	0.238497535595822	2
"pt_2_eq"	58.8013509318771	3.48465225560886	0.111006207647913	4
"pt_2_ard"	62.6457131193403	7.32901444307207	0.0162388258261297	6
"pt_3_eq"	70.4007647991429	15.0840661228747	0.000336175878138609	9
"pt_3_ard"	77.8976863167106	22.5809876404424	7.91827762883963e-06	12
