"AICc"	"Delta_AICc"	"AICcWt"	"K_rates"
"pt_1_eq"	58.0903885234964	0	0.671102086829413	1
"pt_1_ard"	59.9395650384996	1.84917651500323	0.266222655452422	2
"pt_2_eq"	63.1560713527362	5.06568282923987	0.0533076502147059	4
"pt_2_ard"	66.6731491319748	8.58276060847842	0.00918471750881773	2
"pt_3_eq"	74.5252599163991	16.4348713929027	0.000181134681139075	9
"pt_3_ard"	83.7984466646971	25.7080581412007	1.75531350291921e-06	2
