"AICc"	"Delta_AICc"	"AICcWt"	"K_rates"
"pt_1_eq"	55.1042276711324	0	0.664854100402133	1
"pt_1_ard"	57.1034854822608	1.99925781112839	0.244676936320839	2
"pt_2_eq"	59.3939979767819	4.28977030564944	0.0778421038872213	4
"pt_2_ard"	63.0756679382295	7.97144026709709	0.0123523642888527	2
"pt_3_eq"	70.7018874792811	15.5976598081487	0.00027273291789906	9
"pt_3_ard"	80.7857666405708	25.6815389694383	1.76218305565716e-06	2
