"AICc"	"Delta_AICc"	"AICcWt"	"K_rates"
"pt_1_eq"	56.5457507901703	0	0.650904368321221	1
"pt_1_ard"	58.55498652129	2.00923573111961	0.238351116564377	2
"pt_2_eq"	60.1855406402083	3.63978985003791	0.105474351196604	4
"pt_2_ard"	66.2805535411642	9.73480275099384	0.00500762302428308	6
"pt_3_eq"	72.2212202744902	15.6754694843199	0.000256822007871977	9
"pt_3_ard"	79.830438874165	23.2846880839947	5.71888564292821e-06	12
