"AICc"	"Delta_AICc"	"AICcWt"	"K_rates"
"pt_1_eq"	56.3484258305496	0	0.653274857232297	1
"pt_1_ard"	58.1510940814635	1.80266825091393	0.265247626650002	2
"pt_2_eq"	60.8839401462106	4.53551431566106	0.0676427917940092	4
"pt_2_ard"	64.0788554948748	7.73042966432524	0.0136916084484079	2
"pt_3_eq"	73.2703913819357	16.9219655513861	0.000138209473557394	9
"pt_3_ard"	79.9468506449506	23.598424814401	4.90640172590719e-06	2
