"AICc"	"Delta_AICc"	"AICcWt"	"K_rates"
"pt_1_eq"	58.4947729310307	0	0.706561730681897	1
"pt_1_ard"	60.4598871852894	1.96511425425869	0.264503225656895	2
"pt_2_eq"	65.0979310590072	6.60315812797646	0.0260191162868424	4
"pt_2_ard"	69.7150008622908	11.2202279312601	0.00258647671529894	2
"pt_3_eq"	73.8713572719917	15.376584340961	0.000323718296436934	9
"pt_3_ard"	81.9388490924409	23.4440761614102	5.73236262905142e-06	2
