"AICc"	"Delta_AICc"	"AICcWt"	"K_rates"
"pt_1_eq"	57.8392765004463	0	0.65467619938576	1
"pt_1_ard"	59.7127727371549	1.8734962367086	0.256567719385901	2
"pt_2_eq"	62.1514643711848	4.31218787073844	0.0757960989247272	4
"pt_2_ard"	65.723876297507	7.88459979706064	0.012703034002782	2
"pt_3_eq"	73.5616394829343	15.722362982488	0.000252324144602892	9
"pt_3_ard"	81.5604807472708	23.7212042468244	4.62415622688362e-06	2
