"AICc"	"Delta_AICc"	"AICcWt"	"K_rates"
"pt_1_eq"	58.657287243805	0	0.692486847192867	1
"pt_1_ard"	60.5508795586102	1.89359231480526	0.268672478907482	2
"pt_2_eq"	65.2707372153679	6.61344997156297	0.0253699209792998	4
"pt_2_ard"	66.5767667542794	7.91947951047443	0.0132043918401872	2
"pt_3_eq"	74.4041191241381	15.7468318803331	0.000263651612882993	9
"pt_3_ard"	83.5598722105009	24.9025849666959	2.7094672810016e-06	2
