"AICc"	"Delta_AICc"	"AICcWt"	"K_rates"
"pt_1_eq"	56.1818581960212	0	0.701064601376584	1
"pt_1_ard"	58.1846552075332	2.00279701151195	0.257546821092917	2
"pt_2_eq"	62.7850327984162	6.60317460239502	0.0258164719949041	4
"pt_2_ard"	63.8266646920089	7.64480649598768	0.0153359046882932	6
"pt_3_eq"	72.2250847875061	16.0432265914849	0.000230152474538758	9
"pt_3_ard"	79.5029902895004	23.3211320934792	6.04837276293058e-06	12
