"AICc"	"Delta_AICc"	"AICcWt"	"K_rates"
"pt_1_eq"	57.1250654081946	0	0.694377163766579	1
"pt_1_ard"	58.9798729784108	1.85480757021621	0.274681293104176	2
"pt_2_eq"	63.7385153802293	6.6134499720347	0.0254391745371692	4
"pt_2_ard"	66.8530720506636	9.72800664246905	0.00536025718008081	2
"pt_3_eq"	74.1346586718526	17.009593263658	0.000140607725380967	9
"pt_3_ard"	83.2107668482009	26.0857014400063	1.50368661405807e-06	2
