"AICc"	"Delta_AICc"	"AICcWt"	"K_rates"
"pt_1_eq"	57.7411470032215	0	0.697353155371043	1
"pt_1_ard"	59.6284748976285	1.88732789440697	0.271409300221175	2
"pt_2_eq"	64.3545969758627	6.61344997264113	0.0255482028411206	4
"pt_2_ard"	67.4699876933144	9.72884069009285	0.00538098593431731	2
"pt_3_eq"	73.2245120591247	15.4833650559031	0.000302888488381391	9
"pt_3_ard"	81.2537287792245	23.5125817760029	5.46714396257389e-06	2
