"AICc"	"Delta_AICc"	"AICcWt"	"K_rates"
"pt_1_eq"	56.5128263753405	0	0.670158386408159	1
"pt_1_ard"	58.5033652632078	1.99053888786728	0.247706515002564	2
"pt_2_eq"	60.9694905279503	4.4566641526098	0.0721813719059662	4
"pt_2_ard"	64.9771736965051	8.46434732116462	0.00973123116897058	2
"pt_3_eq"	72.5698194165622	16.0569930412217	0.000218497121479701	9
"pt_3_ard"	80.5715801066378	24.0587537312972	3.9983928600898e-06	2
