"AICc"	"Delta_AICc"	"AICcWt"	"K_rates"
"pt_1_eq"	56.1845736759086	0	0.674209465136617	1
"pt_1_ard"	58.1310799580157	1.94650628210709	0.254751281041248	2
"pt_2_eq"	60.9899916151077	4.8054179391991	0.0609974385412964	4
"pt_2_ard"	64.6466201189291	8.46204644302051	0.00980132538848292	2
"pt_3_eq"	72.0977502021395	15.9131765262309	0.000236206839002711	9
"pt_3_ard"	80.1178336063304	23.9332599304218	4.2830533532476e-06	2
