"AICc"	"Delta_AICc"	"AICcWt"	"K_rates"
"pt_1_eq"	57.9546759851008	0	0.669838537802177	1
"pt_1_ard"	59.7868159397333	1.83213995463242	0.267994569614066	2
"pt_2_eq"	63.0851280085067	5.13045202340584	0.0515117884431689	4
"pt_2_ard"	66.2577296807121	8.30305369561125	0.0105435030668952	2
"pt_3_eq"	75.4200352106356	17.4653592255347	0.000107997962499669	9
"pt_3_ard"	82.2206645473476	24.2659885622468	3.60311119418873e-06	2
