"AICc"	"Delta_AICc"	"AICcWt"	"K_rates"
"pt_1_eq"	56.8133403464917	0	0.676462490906134	1
"pt_1_ard"	58.6421447726102	1.82880442611852	0.27109648404415	2
"pt_2_eq"	62.1423621513639	5.32902180487214	0.0471043850634038	4
"pt_2_ard"	66.5710243368311	9.75768399033936	0.00514504957644502	2
"pt_3_eq"	73.1705191486876	16.3571788021959	0.000189813664567202	9
"pt_3_ard"	82.5130384900264	25.6996981435347	1.77674530005574e-06	2
