"AICc"	"Delta_AICc"	"AICcWt"	"K_rates"
"pt_1_eq"	59.341773493279	0	0.634494969434509	1
"pt_1_ard"	61.2516994970539	1.90992600377491	0.244170403573127	2
"pt_2_eq"	62.9530700618829	3.61129656860394	0.104290583430627	4
"pt_2_ard"	66.6176019179161	7.27582842463715	0.0166917593645532	2
"pt_3_eq"	74.368110357251	15.026336863972	0.000346338356344192	9
"pt_3_ard"	82.4975588556749	23.1557853623959	5.94584083923409e-06	2
