"AICc"	"Delta_AICc"	"AICcWt"	"K_rates"
"pt_1_eq"	58.4763217480298	0	0.699999294347638	1
"pt_1_ard"	60.4240273464671	1.94770559843734	0.264337455586366	2
"pt_2_eq"	65.0897716469982	6.61344989896848	0.025645147629525	4
"pt_2_ard"	66.9950793018572	8.51875755382741	0.00989174479360165	2
"pt_3_eq"	75.7986704272667	17.3223486792369	0.00012122644784008	9
"pt_3_ard"	82.1233137974136	23.6469920493838	5.13119502941705e-06	2
