"AICc"	"Delta_AICc"	"AICcWt"	"K_rates"
"pt_1_eq"	56.3929321631858	0	0.688860492295311	1
"pt_1_ard"	58.2337276742235	1.84079551103768	0.274414851098668	2
"pt_2_eq"	63.0063821357952	6.61344997260933	0.0252370659702696	4
"pt_2_ard"	64.6016726299388	8.20874046675294	0.011366478470187	2
"pt_3_eq"	73.7165636105225	17.3236314473367	0.000119220930099379	9
"pt_3_ard"	82.0040596640534	25.6111275008675	1.8912354646907e-06	2
