"AICc"	"Delta_AICc"	"AICcWt"	"K_rates"
"pt_1_eq"	58.0720868257572	0	0.64669541876201	1
"pt_1_ard"	59.9581227392145	1.88603591345736	0.251855992963854	2
"pt_2_eq"	62.0327219737507	3.96063514799352	0.0892603919599154	4
"pt_2_ard"	66.0425794933668	7.97049266760961	0.0120206871007727	2
"pt_3_eq"	74.6262911001225	16.5542042743654	0.000164437172342643	9
"pt_3_ard"	82.5866638407979	24.5145770150407	3.07204110541777e-06	2
