"AICc"	"Delta_AICc"	"AICcWt"	"K_rates"
"pt_1_eq"	55.2722741105167	0	0.694473142517069	1
"pt_1_ard"	57.1841278620718	1.9118537515551	0.266994114206642	2
"pt_2_eq"	61.875448702624	6.60317459210727	0.0255737438347683	4
"pt_2_ard"	63.2753572236856	8.00308311316893	0.0127001262350197	6
"pt_3_eq"	71.0768050171133	15.8045309065966	0.000256888802315475	9
"pt_3_ard"	80.8034542270939	25.5311801165772	1.98440418513121e-06	12
