"AICc"	"Delta_AICc"	"AICcWt"	"K_rates"
"pt_1_eq"	56.9353045559864	0	0.68269471018816	1
"pt_1_ard"	58.8546710738542	1.91936651786774	0.261481756719104	2
"pt_2_eq"	62.3657983939015	5.43049383791506	0.0451866123973532	4
"pt_2_ard"	65.2992485122199	8.36394395623344	0.0104236347294829	2
"pt_3_eq"	73.11467644293	16.1793718869436	0.000209372950010147	9
"pt_3_ard"	81.0742938579921	24.1389893020057	3.91301588984776e-06	2
