"AICc"	"Delta_AICc"	"AICcWt"	"K_rates"
"pt_1_eq"	53.6454727774978	0	0.669967630191688	1
"pt_1_ard"	55.4576508231302	1.81217804563235	0.27073497091512	2
"pt_2_eq"	58.5913081379957	4.94583536049789	0.0565040161440763	4
"pt_2_ard"	64.7123623032115	11.0668895257137	0.00264794703295528	6
"pt_3_eq"	70.5562287858248	16.910756008327	0.000142537720919945	9
"pt_3_ard"	78.3474037289197	24.7019309514219	2.89799523987622e-06	12
