"AICc"	"Delta_AICc"	"AICcWt"	"K_rates"
"pt_1_eq"	55.4322397271609	0	0.659905076489014	1
"pt_1_ard"	57.3400009397196	1.90776121255879	0.254223905110905	2
"pt_2_eq"	59.772355746872	4.34011601971116	0.0753420183145066	4
"pt_2_ard"	63.753896093354	8.32165636619317	0.0102909803568136	2
"pt_3_eq"	71.3120432142347	15.8798034870739	0.00023508556085405	9
"pt_3_ard"	80.0790944754947	24.6468547483339	2.93416790667985e-06	2
