"AICc"	"Delta_AICc"	"AICcWt"	"K_rates"
"pt_1_eq"	57.2346506926577	0	0.660285841327852	1
"pt_1_ard"	59.0774811184179	1.84283042576028	0.262764349575688	2
"pt_2_eq"	61.8551180180829	4.62046732542526	0.0655254863455021	4
"pt_2_ard"	65.3895559042379	8.15490521158028	0.0111922349340788	2
"pt_3_eq"	73.1828004555463	15.9481497628886	0.000227318753219754	9
"pt_3_ard"	80.911206943436	23.6765562507783	4.76906365923391e-06	2
