"AICc"	"Delta_AICc"	"AICcWt"	"K_rates"
"pt_1_eq"	55.6385757982859	0	0.694098262766748	1
"pt_1_ard"	57.5326930831088	1.89411728482294	0.269227001926499	2
"pt_2_eq"	62.2417504014044	6.60317460311857	0.0255599388711985	4
"pt_2_ard"	63.9531458450594	8.31457004677353	0.0108626306278534	2
"pt_3_eq"	71.4895327389798	15.8509569406939	0.000250858829370504	9
"pt_3_ard"	82.0038777256711	26.3653019273852	1.30697833029286e-06	2
