"AICc"	"Delta_AICc"	"AICcWt"	"K_rates"
"pt_1_eq"	59.3452152146003	0	0.655856687053952	1
"pt_1_ard"	61.2470605785955	1.90184536399519	0.253412759096289	2
"pt_2_eq"	63.6647727328276	4.31955751822732	0.0756534876113844	4
"pt_2_ard"	66.9315435219769	7.58632830737665	0.0147726595777554	2
"pt_3_eq"	74.7243605173181	15.3791453027178	0.000300102753549359	9
"pt_3_ard"	83.2135639110436	23.8683486964433	4.30390706955771e-06	2
