"AICc"	"Delta_AICc"	"AICcWt"	"K_rates"
"pt_1_eq"	55.3821757913798	0	0.643668094157087	1
"pt_1_ard"	57.230657835485	1.84848204410521	0.255428413771753	2
"pt_2_eq"	59.4598807602817	4.07770496890195	0.0837914293380165	4
"pt_2_ard"	62.677555129166	7.29537933778624	0.0167683560634426	2
"pt_3_eq"	70.4899732078756	15.1077974164958	0.000337322613408175	9
"pt_3_ard"	78.4244454163578	23.042269624978	6.38405629341214e-06	2
