"AICc"	"Delta_AICc"	"AICcWt"	"K_rates"
"pt_1_eq"	56.3548777295641	0	0.677929512672145	1
"pt_1_ard"	58.3428410180576	1.98796328849351	0.250901811832284	2
"pt_2_eq"	61.0184831461358	4.66360541657173	0.0658408594987941	4
"pt_2_ard"	66.1324258560179	9.77754812645381	0.00510524915091767	2
"pt_3_eq"	72.4340832389215	16.0792055093575	0.000218589565921541	9
"pt_3_ard"	80.4472786198259	24.0924008902619	3.97727993716533e-06	2
