"AICc"	"Delta_AICc"	"AICcWt"	"K_rates"
"pt_1_eq"	58.8709249256649	0	0.693431259516011	1
"pt_1_ard"	60.7154340360342	1.84450911036924	0.275723226091307	2
"pt_2_eq"	65.4843751759171	6.61345025025219	0.0254045168921547	4
"pt_2_ard"	68.6388374499793	9.76791252431438	0.00524720656207814	2
"pt_3_eq"	75.2789258352297	16.4080009095648	0.000189692992800966	9
"pt_3_ard"	82.9487681377346	24.0778432120697	4.09794564805776e-06	2
