"AICc"	"Delta_AICc"	"AICcWt"	"K_rates"
"pt_1_eq"	56.5396265003086	0	0.697115328040174	1
"pt_1_ard"	58.4215985873527	1.88197208704403	0.272044271800338	2
"pt_2_eq"	63.1530764665804	6.61344996627177	0.0255394898896926	4
"pt_2_ard"	66.3773855259477	9.83775902563905	0.00509404060529384	2
"pt_3_eq"	72.8208118817447	16.2811853814361	0.000203184299973486	9
"pt_3_ard"	80.8402998930365	24.3006733927279	3.68536452909791e-06	2
