"AICc"	"Delta_AICc"	"AICcWt"	"K_rates"
"pt_1_eq"	56.8016461050911	0	0.667821675337881	1
"pt_1_ard"	58.7534844179328	1.95183831284165	0.251665802900227	2
"pt_2_eq"	61.3569378432698	4.55529173817865	0.0684686047728861	4
"pt_2_ard"	64.8733494856214	8.07170338053022	0.0118008255931604	2
"pt_3_eq"	72.6494162386965	15.8477701336053	0.000241746920767036	9
"pt_3_ard"	83.0331917106336	26.2315456055425	1.3444750789762e-06	2
