"AICc"	"Delta_AICc"	"AICcWt"	"K_rates"
"pt_1_eq"	55.4399675556944	0	0.683007655020037	1
"pt_1_ard"	57.3237708198201	1.88380326412565	0.266294925052327	2
"pt_2_eq"	60.8659359214141	5.42596836571966	0.0453097338455253	4
"pt_2_ard"	65.1558404676029	9.71587291190843	0.00530457476518516	2
"pt_3_eq"	73.5213064998101	18.0813389441156	8.09305900514771e-05	9
"pt_3_ard"	80.7491737483441	25.3092061926497	2.18072687494744e-06	2
