"AICc"	"Delta_AICc"	"AICcWt"	"K_rates"
"pt_1_eq"	59.5755640387504	0	0.651683759183761	1
"pt_1_ard"	61.5706793134306	1.99511527468022	0.240327307381467	2
"pt_2_eq"	63.4525799722126	3.8770159334622	0.093789362706799	4
"pt_2_ard"	67.2543913066728	7.67882726792241	0.0140152465786582	2
"pt_3_eq"	75.9708845406067	16.3953205018563	0.000179406546562351	9
"pt_3_ard"	83.1645510885645	23.5889870498141	4.91760275286478e-06	2
