"AICc"	"Delta_AICc"	"AICcWt"	"K_rates"
"pt_1_eq"	58.8153805334822	0	0.645062943559164	1
"pt_1_ard"	60.7213889559001	1.90600842241792	0.248723960148495	2
"pt_2_eq"	62.7677842553696	3.95240372188736	0.0894022668394723	4
"pt_2_ard"	66.1517401190902	7.33635958560798	0.0164638670875244	2
"pt_3_eq"	73.9137717530401	15.0983912195579	0.000339647246303472	9
"pt_3_ard"	81.5897002736764	22.7743197401942	7.31511904060334e-06	2
