"AICc"	"Delta_AICc"	"AICcWt"	"K_rates"
"pt_1_eq"	56.9248603201134	0	0.640629387139425	1
"pt_1_ard"	58.9000591609736	1.97519884086024	0.238615075326116	2
"pt_2_eq"	60.5407614816439	3.61590116153057	0.10505673417975	4
"pt_2_ard"	64.3909334149232	7.46607309480981	0.0153239132093645	2
"pt_3_eq"	71.8567811020158	14.9319207819024	0.000366590711627101	9
"pt_3_ard"	79.4328985278399	22.5080382077265	8.29943371726818e-06	2
