"AICc"	"Delta_AICc"	"AICcWt"	"K_rates"
"pt_1_eq"	57.1839108995636	0	0.701301532047137	1
"pt_1_ard"	59.116535516402	1.93262461683838	0.26683370368073	2
"pt_2_eq"	63.7870854878231	6.60317458825948	0.025825197070984	4
"pt_2_ard"	66.791496973734	9.60758607417046	0.00574968403599062	6
"pt_3_eq"	72.8092069359161	15.6252960363525	0.000283736275949489	9
"pt_3_ard"	80.4734050693884	23.2894941698248	6.14688920911172e-06	12
