"AICc"	"Delta_AICc"	"AICcWt"	"K_rates"
"pt_1_eq"	56.0246113244592	0	0.675574754344741	1
"pt_1_ard"	57.8803179664804	1.85570664202122	0.267123338976653	2
"pt_2_eq"	61.1580574346705	5.13344611021125	0.051875196234366	4
"pt_2_ard"	65.7552416082759	9.73063028381664	0.00520827483167128	2
"pt_3_eq"	72.1332229408772	16.108611616418	0.000214650964335117	9
"pt_3_ard"	80.209343624113	24.1847322996538	3.78464823370189e-06	2
