"AICc"	"Delta_AICc"	"AICcWt"	"K_rates"
"pt_1_eq"	54.8588450042523	0	0.653807312899033	1
"pt_1_ard"	56.7154779200559	1.85663291580357	0.258396757007504	2
"pt_2_eq"	59.2135604273228	4.35471542307043	0.0741029222365919	4
"pt_2_ard"	62.6331778859188	7.77433288166642	0.0134052475514795	2
"pt_3_eq"	70.3546785288432	15.4958335245909	0.000282209921400479	9
"pt_3_ard"	78.2122466951341	23.3534016908818	5.55038399133085e-06	2
