"AICc"	"Delta_AICc"	"AICcWt"	"K_rates"
"pt_1_eq"	55.5459820745788	0	0.685573081756202	1
"pt_1_ard"	57.3962902133555	1.85030813877668	0.271809386256331	2
"pt_2_eq"	62.1491225461258	6.603140471547	0.0252464327477349	4
"pt_2_ard"	62.9383347887697	7.39235271419086	0.0170147182194461	6
"pt_3_eq"	70.6962810861586	15.1502990115798	0.00035172895943487	9
"pt_3_ard"	79.347382210501	23.8014001359222	4.65206085116998e-06	12
