"AICc"	"Delta_AICc"	"AICcWt"	"K_rates"
"pt_1_eq"	56.819454478947	0	0.688220850409275	1
"pt_1_ard"	58.6561891335597	1.83673465461276	0.274717270799214	2
"pt_2_eq"	63.4329044427789	6.61344996383195	0.0252136321858821	4
"pt_2_ard"	64.9824544387003	8.16299995975334	0.0116186296020277	2
"pt_3_eq"	72.8551128016691	16.0356583227221	0.000226792591855955	9
"pt_3_ard"	81.626584394835	24.807129915888	2.82441174473449e-06	2
