"AICc"	"Delta_AICc"	"AICcWt"	"K_rates"
"pt_1_eq"	57.0029062694609	0	0.676161866200849	1
"pt_1_ard"	58.8917232856245	1.88881701616358	0.262965800168747	2
"pt_2_eq"	62.1507795254364	5.1478732559755	0.0515470955471844	4
"pt_2_ard"	65.6099234933039	8.60701722384302	0.00914240868022785	2
"pt_3_eq"	73.4524198289196	16.4495135594587	0.000181169126162611	9
"pt_3_ard"	82.8373131101088	25.8344068406478	1.66027682926291e-06	2
