"AICc"	"Delta_AICc"	"AICcWt"	"K_rates"
"pt_1_eq"	53.6541543388642	0	0.684253218942201	1
"pt_1_ard"	55.4594159797682	1.80526164090395	0.277465674986703	2
"pt_2_eq"	59.6953825114898	6.04122817262561	0.0333718912372757	4
"pt_2_ard"	63.5540923906066	9.89993805174239	0.00484699548992539	2
"pt_3_eq"	72.3503122049201	18.6961578660558	5.96207935445264e-05	9
"pt_3_ard"	78.616413537163	24.9622591982987	2.59855035061555e-06	2
