"AICc"	"Delta_AICc"	"AICcWt"	"K_rates"
"pt_1_eq"	55.5876048146072	0	0.661565863893473	1
"pt_1_ard"	57.5282891282876	1.94068431368036	0.250702603302952	2
"pt_2_eq"	59.9666001689787	4.3789953543715	0.074077501958071	4
"pt_2_ard"	63.3913686497278	7.80376383512058	0.0133661799000532	2
"pt_3_eq"	71.1041334133698	15.5165285987626	0.000282619233120991	9
"pt_3_ard"	79.0828572048178	23.4952523902106	5.23171233061975e-06	2
