"AICc"	"Delta_AICc"	"AICcWt"	"K_rates"
"pt_1_eq"	55.4743401258044	0	0.657358430322856	1
"pt_1_ard"	57.3624889743605	1.88814884855609	0.255738388359452	2
"pt_2_eq"	59.8270363318085	4.3526962060041	0.0745806673461126	4
"pt_2_ard"	63.4518454481345	7.9775053223301	0.012176121316005	2
"pt_3_eq"	72.3656338875352	16.8912937617308	0.000141222664253197	9
"pt_3_ard"	78.980567515698	23.5062273898936	5.16999132105069e-06	2
