"AICc"	"Delta_AICc"	"AICcWt"	"K_rates"
"pt_1_eq"	56.6415832653417	0	0.660345722315877	1
"pt_1_ard"	58.5276667239371	1.88608345859534	0.257165999868241	2
"pt_2_eq"	60.9368810601346	4.29529779479288	0.0771008744422247	4
"pt_2_ard"	66.3691011540917	9.72751788874998	0.00509879672281305	2
"pt_3_eq"	72.1249474164926	15.4833641511509	0.0002868148033477	9
"pt_3_ard"	82.2761264447469	25.6345431794052	1.79184749705956e-06	2
