"AICc"	"Delta_AICc"	"AICcWt"	"K_rates"
"pt_1_eq"	57.6041612034821	0	0.650211450122788	1
"pt_1_ard"	59.4911998750303	1.88703867154815	0.2530983838464	2
"pt_2_eq"	61.7580139650891	4.15385276160696	0.0814811118598472	4
"pt_2_ard"	65.1558113361003	7.55165013261821	0.0149016590376335	2
"pt_3_eq"	72.9448335587194	15.3406723552373	0.00030329827257151	9
"pt_3_ard"	81.5538249731712	23.9496637696891	4.09686075944062e-06	2
