"AICc"	"Delta_AICc"	"AICcWt"	"K_rates"
"pt_1_eq"	56.6367538331569	0	0.670239773958227	1
"pt_1_ard"	58.4155800643683	1.7788262312114	0.27539939908982	2
"pt_2_eq"	61.8888052579873	5.25205142483032	0.0485022315162124	4
"pt_2_ard"	66.1906276675511	9.55387383439418	0.0056445958615107	2
"pt_3_eq"	72.7695723905001	16.1328185573432	0.000210393906776032	9
"pt_3_ard"	80.9025216303995	24.2657677972426	3.60566745387208e-06	2
