"AICc"	"Delta_AICc"	"AICcWt"	"K_rates"
"pt_1_eq"	55.9352470905372	0	0.648381919402373	1
"pt_1_ard"	57.8046928200758	1.86944572953862	0.254616130346732	2
"pt_2_eq"	60.0948480185777	4.15960092804053	0.0810186553006694	4
"pt_2_ard"	63.3830822444084	7.4478351538712	0.0156514306413874	6
"pt_3_eq"	71.1353264429029	15.2000793523657	0.000324470786964221	9
"pt_3_ard"	78.6985090689054	22.7632619783682	7.39352187366869e-06	12
