"AICc"	"Delta_AICc"	"AICcWt"	"K_rates"
"pt_1_eq"	56.9118611943931	0	0.640305251173405	1
"pt_1_ard"	58.6918020065027	1.77994081210957	0.262952816607998	2
"pt_2_eq"	60.9971320221331	4.08527082773997	0.0830389357925643	4
"pt_2_ard"	64.6412345131513	7.72937331875816	0.0134268758429264	2
"pt_3_eq"	72.4447279880442	15.5328667936511	0.000271311308045974	9
"pt_3_ard"	80.5101690722774	23.5983078778844	4.80927506030289e-06	2
