"AICc"	"Delta_AICc"	"AICcWt"	"K_rates"
"pt_1_eq"	56.4905833037671	0	0.676360717716139	1
"pt_1_ard"	58.3605476830227	1.86996437925564	0.265534387000254	2
"pt_2_eq"	61.7957385760165	5.30515527224938	0.047662689625941	4
"pt_2_ard"	64.851555741561	8.36097243779387	0.0103422797232762	2
"pt_3_eq"	74.2136181083223	17.7230348045552	9.58672494745562e-05	9
"pt_3_ard"	80.537828924069	24.0472456203019	4.05868491526367e-06	2
