"AICc"	"Delta_AICc"	"AICcWt"	"K_rates"
"pt_1_eq"	57.6119834422446	0	0.666207629541446	1
"pt_1_ard"	59.5103055867207	1.89832214447616	0.257866060761616	2
"pt_2_eq"	62.1121500506805	4.50016660843593	0.0702119183582876	4
"pt_2_ard"	67.2263115101996	9.61432806795505	0.0054435822394198	2
"pt_3_eq"	73.2411501051735	15.629166662929	0.000269016663973614	9
"pt_3_ard"	83.2635464079011	25.6515629656565	1.79243525729716e-06	2
