"AICc"	"Delta_AICc"	"AICcWt"	"K_rates"
"pt_1_eq"	55.6090867502483	0	0.694532976853303	1
"pt_1_ard"	57.5793547401224	1.97026798987417	0.259331106574603	2
"pt_2_eq"	62.2122613514238	6.60317460117557	0.0255759470984497	4
"pt_2_ard"	62.6884936601221	7.07940690987385	0.0201566889072086	2
"pt_3_eq"	70.5518509918795	14.9427642416312	0.000395287284115515	9
"pt_3_ard"	78.3538736383641	22.7447868881158	7.99328231948512e-06	2
