"AICc"	"Delta_AICc"	"AICcWt"	"K_rates"
"pt_1_eq"	56.90766200626	0	0.679251279941648	1
"pt_1_ard"	58.8054400986667	1.89777809240672	0.262986338627577	2
"pt_2_eq"	62.0024429897032	5.09478098344321	0.0531756529846197	4
"pt_2_ard"	67.0000523642422	10.0923903579822	0.00437014397006171	2
"pt_3_eq"	73.0476093392192	16.1399473329593	0.00021246403886066	9
"pt_3_ard"	80.9332362647803	24.0255742585203	4.12043723352296e-06	2
