"AICc"	"Delta_AICc"	"AICcWt"	"K_rates"
"pt_1_eq"	56.6925790684441	0	0.692934601045609	1
"pt_1_ard"	58.5771360710969	1.88455700265276	0.270063501645471	2
"pt_2_eq"	63.3060289956724	6.61344992722827	0.0253863254346387	4
"pt_2_ard"	64.9090150181153	8.21643594967119	0.0113897935200386	2
"pt_3_eq"	72.797604974895	16.1050259064508	0.000220561804848169	9
"pt_3_ard"	80.2862885787316	23.5937095102875	5.21654939456098e-06	2
