"AICc"	"Delta_AICc"	"AICcWt"	"K_rates"
"pt_1_eq"	57.6477494676933	0	0.698775377977142	1
"pt_1_ard"	59.622776818883	1.97502735118968	0.260295016688289	2
"pt_2_eq"	64.2611993665218	6.61344989882844	0.0256003082775338	4
"pt_2_ard"	65.3281076951741	7.68035822748077	0.0150165094999289	2
"pt_3_eq"	73.105674756171	15.4579252884777	0.000307391437970927	9
"pt_3_ard"	81.190558678242	23.5428092105486	5.39611913571781e-06	2
