"AICc"	"Delta_AICc"	"AICcWt"	"K_rates"
"pt_1_eq"	55.9885748187215	0	0.690925438204743	1
"pt_1_ard"	57.8436957343543	1.85512091563277	0.27327304383879	2
"pt_2_eq"	62.6020248296808	6.61345001095927	0.0253127167622247	4
"pt_2_ard"	64.4024362614067	8.41386144268516	0.0102892657582126	2
"pt_3_eq"	72.3073883040442	16.3188134853227	0.000197626809175592	9
"pt_3_ard"	81.5873810868702	25.5988062681487	1.9086268535466e-06	2
