"AICc"	"Delta_AICc"	"AICcWt"	"K_rates"
"pt_1_eq"	55.7204319602173	0	0.653326589940006	1
"pt_1_ard"	57.6385492185156	1.91811725829832	0.250389702163122	2
"pt_2_eq"	59.8843554116913	4.16392345147404	0.0814602699609646	4
"pt_2_ard"	63.3333606504389	7.61292869022162	0.0145212456875732	6
"pt_3_eq"	71.1148125472635	15.3943805870462	0.000296676442998255	9
"pt_3_ard"	79.0848614653827	23.3644295051654	5.51580533525155e-06	12
