"AICc"	"Delta_AICc"	"AICcWt"	"K_rates"
"pt_1_eq"	55.9421835317953	0	0.688998966302807	1
"pt_1_ard"	57.8533343530148	1.91115082121947	0.264982652112402	2
"pt_2_eq"	61.583434579438	5.64125104764265	0.0410427516618268	4
"pt_2_ard"	65.8626888536007	9.92050532180537	0.00483067934940022	2
"pt_3_eq"	72.8904898813999	16.9483063496046	0.000143860182769494	9
"pt_3_ard"	82.6551013132323	26.712917781437	1.09039079443477e-06	2
