"AICc"	"Delta_AICc"	"AICcWt"	"K_rates"
"pt_1_eq"	54.7479958405737	0	0.689923226082188	1
"pt_1_ard"	56.6147957057886	1.86679986521495	0.271287838593758	2
"pt_2_eq"	61.3511704436427	6.60317460306906	0.0254061945273062	4
"pt_2_ard"	62.6788653392752	7.93086949870159	0.0130808009060303	2
"pt_3_eq"	70.2555872860237	15.5075914454501	0.000296053411146973	9
"pt_3_ard"	78.0913508023691	23.3433549617954	5.88647957035728e-06	2
