"AICc"	"Delta_AICc"	"AICcWt"	"K_rates"
"pt_1_eq"	56.0620556108055	0	0.636705197189456	1
"pt_1_ard"	57.908997336092	1.84694172528651	0.252859977535942	2
"pt_2_eq"	59.8980305385007	3.83597492769522	0.0935334649197893	4
"pt_2_ard"	63.3614562869517	7.29940067614622	0.0165536465287079	2
"pt_3_eq"	71.0998267687997	15.0377711579942	0.000345563510970133	9
"pt_3_ard"	81.2589508564293	25.1968952456238	2.15031513508626e-06	2
