"AICc"	"Delta_AICc"	"AICcWt"	"K_rates"
"pt_1_eq"	58.1566470074839	0	0.62711693143965	1
"pt_1_ard"	60.2429194862166	2.08627247873272	0.220963333812619	2
"pt_2_eq"	61.2650608816128	3.10841387412883	0.13254551285681	4
"pt_2_ard"	65.1536801971569	6.99703318967294	0.0189654029496909	6
"pt_3_eq"	72.8628364097711	14.7061894022871	0.000401735372544889	9
"pt_3_ard"	80.9388679344339	22.78222092695	7.08356868506001e-06	12
