"AICc"	"Delta_AICc"	"AICcWt"	"K_rates"
"pt_1_eq"	54.6515340289066	0	0.664768487396511	1
"pt_1_ard"	56.5304987147095	1.87896468580291	0.259811533726279	2
"pt_2_eq"	59.3098272524551	4.6582932235485	0.064734366603691	4
"pt_2_ard"	62.9578316686188	8.30629763971224	0.0104467405527754	2
"pt_3_eq"	70.5632871606882	15.9117531317816	0.000233065039448906	9
"pt_3_ard"	77.947903864516	23.2963698356094	5.80668129489279e-06	2
