"AICc"	"Delta_AICc"	"AICcWt"	"K_rates"
"pt_1_eq"	58.3059530336688	0	0.674874389435753	1
"pt_1_ard"	60.1739519240678	1.86799889039907	0.265211372104585	2
"pt_2_eq"	63.3482177432614	5.04226470959262	0.054238675768393	4
"pt_2_ard"	67.9484076726617	9.64245463899292	0.00543739053291483	2
"pt_3_eq"	74.2202459164493	15.9142928827805	0.000236307854087948	9
"pt_3_ard"	83.9047408878302	25.5987878541614	1.86430426592043e-06	2
