"AICc"	"Delta_AICc"	"AICcWt"	"K_rates"
"pt_1_eq"	57.54943575852	0	0.610494894320005	1
"pt_1_ard"	59.5664704554331	2.01703469691319	0.2226837452044	2
"pt_2_eq"	60.3622976054829	2.8128618469629	0.149581142819292	4
"pt_2_ard"	64.7335743087115	7.18413855019153	0.0168138113916055	2
"pt_3_eq"	72.1244864838566	14.5750507253366	0.000417589898440392	9
"pt_3_ard"	79.8402665849639	22.2908308264439	8.81636625733601e-06	2
