"AICc"	"Delta_AICc"	"AICcWt"	"K_rates"
"pt_1_eq"	59.4588776775268	0	0.627185651615789	1
"pt_1_ard"	61.2709836867219	1.81210600919515	0.25345583508697	2
"pt_2_eq"	63.0829572197023	3.62407954217557	0.102432374595655	4
"pt_2_ard"	66.7313188061207	7.27244112859393	0.0165274399617154	2
"pt_3_eq"	74.2165350573846	14.7576573798579	0.000391571911650323	9
"pt_3_ard"	82.2291408481116	22.7702631705849	7.12682822039109e-06	2
