"AICc"	"Delta_AICc"	"AICcWt"	"K_rates"
"pt_1_eq"	56.0350714501412	0	0.682062838723723	1
"pt_1_ard"	57.9271891197917	1.89211766965051	0.264823338806239	2
"pt_2_eq"	61.5351895642141	5.50011811407288	0.0436002435109787	4
"pt_2_ard"	64.6197684041767	8.58469695403544	0.00932569333898767	2
"pt_3_eq"	72.4450411749153	16.4099697247741	0.000186399497994464	9
"pt_3_ard"	82.1084854033907	26.0734139532495	1.48612207776223e-06	2
