"AICc"	"Delta_AICc"	"AICcWt"	"K_rates"
"pt_1_eq"	58.2295127246717	0	0.668772537111767	1
"pt_1_ard"	60.1489894135646	1.91947668889292	0.256135257240927	2
"pt_2_eq"	62.9129938102315	4.68348108555979	0.0643092485465259	4
"pt_2_ard"	66.5051469264311	8.27563420175942	0.0106720363696344	2
"pt_3_eq"	75.7281569183259	17.4986441936542	0.000106046447293386	9
"pt_3_ard"	81.8879648954345	23.6584521707629	4.87428385245005e-06	2
