"AICc"	"Delta_AICc"	"AICcWt"	"K_rates"
"pt_1_eq"	57.0050528390621	0	0.660541213278617	1
"pt_1_ard"	58.8359471349354	1.83089429587336	0.264439468133611	2
"pt_2_eq"	61.6705456455194	4.66549280645737	0.06409158755216	4
"pt_2_ard"	65.2545294508247	8.24947661176262	0.0106794487093547	2
"pt_3_eq"	72.8172361630501	15.812183323988	0.000243404127013785	9
"pt_3_ard"	80.6371301470124	23.6320773079504	4.87819924266187e-06	2
