"AICc"	"Delta_AICc"	"AICcWt"	"K_rates"
"pt_1_eq"	54.484846751796	0	0.672102885544214	1
"pt_1_ard"	56.4020567449077	1.9172099931117	0.257702658982483	2
"pt_2_eq"	59.3499651106323	4.86511835883631	0.0590185766530392	4
"pt_2_ard"	62.7050701698595	8.22022341806348	0.0110264807781871	6
"pt_3_eq"	71.3543371747056	16.8694904229095	0.000145972974705836	9
"pt_3_ard"	78.8589378909858	24.3740911391898	3.42506737029436e-06	12
