"AICc"	"Delta_AICc"	"AICcWt"	"K_rates"
"pt_1_eq"	56.118055691417	0	0.696652612375668	1
"pt_1_ard"	58.1317149524282	2.01365926101121	0.254539810977218	2
"pt_2_eq"	62.7212302508735	6.60317455945653	0.0256540025104465	4
"pt_2_ard"	62.9676601222834	6.84960443086644	0.0226800269477352	2
"pt_3_eq"	70.7439610108864	14.6259053194694	0.000464559433537924	9
"pt_3_ard"	78.6344137357514	22.5163580443345	8.9877553945097e-06	2
