"AICc"	"Delta_AICc"	"AICcWt"	"K_rates"
"pt_1_eq"	57.2232536293824	0	0.633843989612479	1
"pt_1_ard"	59.1644199190971	1.94116628971473	0.240139428354586	2
"pt_2_eq"	60.7747707033691	3.55151707398673	0.10734461005657	4
"pt_2_ard"	64.305577923867	7.08232429448462	0.0183685636052016	2
"pt_3_eq"	72.560079754112	15.3368261247296	0.00029623263289958	9
"pt_3_ard"	80.0009585887719	22.7777049593895	7.17573826391017e-06	2
