"AICc"	"Delta_AICc"	"AICcWt"	"K_rates"
"pt_1_eq"	55.4627128988442	0	0.668130568899455	1
"pt_1_ard"	57.2891982248064	1.82648532596229	0.268068073506871	2
"pt_2_eq"	60.4665765897984	5.00386369095428	0.0547376499402325	4
"pt_2_ard"	64.10283046321	8.6401175643658	0.0088855364309302	2
"pt_3_eq"	71.946166712916	16.4834538140718	0.000176004926972264	9
"pt_3_ard"	80.741153523048	25.2784406242038	2.16629553872161e-06	2
