"AICc"	"Delta_AICc"	"AICcWt"	"K_rates"
"pt_1_eq"	55.2811028788046	0	0.664377700798943	1
"pt_1_ard"	57.2080097484986	1.92690686969395	0.253508506685609	2
"pt_2_eq"	59.7990328192563	4.51792994045172	0.0693999289706475	4
"pt_2_ard"	63.2348971082475	7.95379422944286	0.0124529021422193	6
"pt_3_eq"	70.9901345870823	15.7090317082777	0.000257775806244041	9
"pt_3_ard"	79.7770360559568	24.4959331771522	3.18559633764091e-06	12
