"AICc"	"Delta_AICc"	"AICcWt"	"K_rates"
"pt_1_eq"	57.0418715248248	0	0.674472331781403	1
"pt_1_ard"	58.9164152823509	1.87454375752611	0.264187420050925	2
"pt_2_eq"	62.1891616834578	5.14729015863303	0.0514332872722332	4
"pt_2_ard"	65.5306243904485	8.48875286562368	0.00967508690839842	2
"pt_3_eq"	73.0320878432512	15.9902163184264	0.00022736980167534	9
"pt_3_ard"	80.8752293001599	23.8333577753351	4.50418536568533e-06	2
