"AICc"	"Delta_AICc"	"AICcWt"	"K_rates"
"pt_1_eq"	56.6241110702216	0	0.654308284190411	1
"pt_1_ard"	58.584334314669	1.96022324444738	0.245541751681022	2
"pt_2_eq"	60.7379012919235	4.11379022170197	0.083653520456027	4
"pt_2_ard"	64.0273797683459	7.40326869812436	0.016150391225805	2
"pt_3_eq"	71.7564729583098	15.1323618880882	0.000338712937929953	9
"pt_3_ard"	79.4202350338924	22.7961239636708	7.33950880503515e-06	2
