"AICc"	"Delta_AICc"	"AICcWt"	"K_rates"
"pt_1_eq"	57.0384306045254	0	0.655818091623661	1
"pt_1_ard"	58.9505876975515	1.91215709302607	0.252094723710223	2
"pt_2_eq"	61.2560650299024	4.21763442537696	0.0796041508977075	4
"pt_2_ard"	65.0024373889599	7.96400678443443	0.0122298545766135	2
"pt_3_eq"	72.7994710170936	15.7610404125681	0.000247923076794037	9
"pt_3_ard"	80.5069237430182	23.4684931384928	5.25611500090224e-06	2
