"AICc"	"Delta_AICc"	"AICcWt"	"K_rates"
"pt_1_eq"	55.0439465124271	0	0.67040336744053	1
"pt_1_ard"	56.9354217020709	1.89147518964378	0.260379967425406	2
"pt_2_eq"	59.9551207839841	4.91117427155696	0.0575291880004666	4
"pt_2_ard"	63.1853578267637	8.14141131433657	0.0114406627277235	6
"pt_3_eq"	70.8952908352838	15.8513443228567	0.000242248168347408	9
"pt_3_ard"	78.8378370796705	23.7938905672433	4.56623752694075e-06	12
