"AICc"	"Delta_AICc"	"AICcWt"	"K_rates"
"pt_1_eq"	57.5039574198763	0	0.660511264382837	1
"pt_1_ard"	59.412541990642	1.90858457076568	0.254352701590869	2
"pt_2_eq"	61.9515173023654	4.44755988248912	0.0714668879542973	4
"pt_2_ard"	65.2993098327825	7.79535241290613	0.0134011157938854	2
"pt_3_eq"	73.157249553305	15.6532921334287	0.000263518451556333	9
"pt_3_ard"	81.2920921885878	23.7881347687115	4.51182655562129e-06	2
