"AICc"	"Delta_AICc"	"AICcWt"	"K_rates"
"pt_1_eq"	57.5697742819093	0	0.660921806071073	1
"pt_1_ard"	59.5101270502863	1.94035276837698	0.250500058047821	2
"pt_2_eq"	61.918146694151	4.34837241224173	0.0751472355920664	4
"pt_2_ard"	65.3829785080306	7.81320422612127	0.0132902864112967	2
"pt_3_eq"	74.57455003202	17.0047757501107	0.000134155951495054	9
"pt_3_ard"	80.6419394086807	23.0721651267714	6.457926248134e-06	2
