"AICc"	"Delta_AICc"	"AICcWt"	"K_rates"
"pt_1_eq"	56.5200294463567	0	0.673591217589911	1
"pt_1_ard"	58.3666736009119	1.84664415455516	0.267548630893566	2
"pt_2_eq"	61.6993879462177	5.17935849986095	0.0505490511564115	4
"pt_2_ard"	65.3582864421008	8.83825699574409	0.00811322078644138	2
"pt_3_eq"	72.8275041804442	16.3074747340874	0.000193764080038949	9
"pt_3_ard"	80.5312692821012	24.0112398357445	4.11549363127988e-06	2
