"AICc"	"Delta_AICc"	"AICcWt"	"K_rates"
"pt_1_eq"	58.3555278616476	0	0.643623320097654	1
"pt_1_ard"	60.2817458549209	1.92621799327335	0.245673802930322	2
"pt_2_eq"	62.1380132129209	3.78248535127335	0.0971125847196062	4
"pt_2_ard"	66.1184271651641	7.7628993035165	0.0132720987925257	2
"pt_3_eq"	73.6164904119277	15.2609625502802	0.000312432252021176	9
"pt_3_ard"	81.6029714109518	23.2474435493042	5.76120787145412e-06	2
