"AICc"	"Delta_AICc"	"AICcWt"	"K_rates"
"pt_1_eq"	56.6087763715322	0	0.699116507539931	1
"pt_1_ard"	58.5126166185215	1.90384024698933	0.269858374449422	2
"pt_2_eq"	63.2222263441296	6.61344997259737	0.0256128049425594	4
"pt_2_ard"	66.4199842189397	9.81120784740745	0.00517693655198062	2
"pt_3_eq"	72.6442213689935	16.0354449974612	0.000230407662592716	9
"pt_3_ard"	80.3175434765269	23.7087671049947	4.96885351436311e-06	2
