"AICc"	"Delta_AICc"	"AICcWt"	"K_rates"
"pt_1_eq"	54.6218364926416	0	0.696454286912516	1
"pt_1_ard"	56.5035428695322	1.88170637689055	0.271822415816398	2
"pt_2_eq"	61.225011073607	6.60317458096544	0.0256466989649098	4
"pt_2_ard"	64.1478127453626	9.52597625272101	0.00594775615801845	2
"pt_3_eq"	71.8836214069562	17.2617849143145	0.000124320757570833	9
"pt_3_ard"	78.5117121705925	23.8898756779509	4.52139058690489e-06	2
