"AICc"	"Delta_AICc"	"AICcWt"	"K_rates"
"pt_1_eq"	57.0121670030599	0	0.57678281080761	1
"pt_1_ard"	59.0910807952686	2.07891379220871	0.203977335761651	2
"pt_2_eq"	59.1720836973124	2.15991669425254	0.195881020656675	4
"pt_2_ard"	63.4628228149025	6.45065581184267	0.0229229336452118	2
"pt_3_eq"	71.4256541506337	14.4134871475739	0.000427723727115177	9
"pt_3_ard"	79.3403494146381	22.3281824115783	8.17540173737149e-06	2
