"AICc"	"Delta_AICc"	"AICcWt"	"K_rates"
"pt_1_eq"	56.1942364463379	0	0.678849800279757	1
"pt_1_ard"	58.0175749627445	1.82333851640664	0.272797738952899	2
"pt_2_eq"	61.6905216452823	5.49628519894442	0.0434780971010588	4
"pt_2_ard"	66.1421697379743	9.94793329163647	0.00469469547980005	2
"pt_3_eq"	72.7083327566623	16.5140963103245	0.000176109686499008	9
"pt_3_ard"	80.5118685886856	24.3176321423477	3.55849998538718e-06	2
