"AICc"	"Delta_AICc"	"AICcWt"	"K_rates"
"pt_1_eq"	58.1438216790465	0	0.648063705036345	1
"pt_1_ard"	60.1066424656448	1.96282078659826	0.242882699445259	2
"pt_2_eq"	62.0253484293173	3.88152675027079	0.0930582486467777	4
"pt_2_ard"	65.5694986468022	7.42567696775571	0.0158180314111994	2
"pt_3_eq"	74.6285720681393	16.4847503890927	0.000170608095356481	9
"pt_3_ard"	81.1008978690456	22.9570761899991	6.7073650627321e-06	2
