"AICc"	"Delta_AICc"	"AICcWt"	"K_rates"
"pt_1_eq"	57.3178222523719	0	0.692040032532631	1
"pt_1_ard"	59.1885776641302	1.87075541175822	0.271582537458565	2
"pt_2_eq"	63.9312721782185	6.61344992584653	0.0253535520744654	4
"pt_2_ard"	65.6174980403936	8.29967578802168	0.0109113759530699	2
"pt_3_eq"	74.840613852652	17.52279160028	0.000108418992721623	9
"pt_3_ard"	81.3989620044612	24.0811397520892	4.0829885473038e-06	2
