"AICc"	"Delta_AICc"	"AICcWt"	"K_rates"
"pt_1_eq"	57.7698503209029	0	0.691555109796068	1
"pt_1_ard"	59.6445056313857	1.87465531048282	0.270863550043915	2
"pt_2_eq"	64.3833002935383	6.61344997263542	0.0253357858709812	4
"pt_2_ard"	65.8579964159921	8.08814609508921	0.0121201553280178	2
"pt_3_eq"	75.0852678334391	17.3154175125362	0.000120179849505285	9
"pt_3_ard"	81.3585922087012	23.5887418877983	5.21911151226802e-06	2
