"AICc"	"Delta_AICc"	"AICcWt"	"K_rates"
"pt_1_eq"	55.2154096052554	0	0.700951643246585	1
"pt_1_ard"	57.2042520553311	1.98884245007569	0.259308293724606	2
"pt_2_eq"	61.8185847270275	6.60317512177205	0.0258123056459795	4
"pt_2_ard"	63.0953019823584	7.87989237710294	0.0136329916752822	2
"pt_3_eq"	70.7992721805638	15.5838625753084	0.000289531150845283	9
"pt_3_ard"	78.8252336449706	23.6098240397152	5.23455670288509e-06	2
