"AICc"	"Delta_AICc"	"AICcWt"	"K_rates"
"pt_1_eq"	54.7468299185102	0	0.683744467300698	1
"pt_1_ard"	56.5842515878413	1.8374216693311	0.272836694441253	2
"pt_2_eq"	60.4923660561928	5.74553613768254	0.0386604144135615	4
"pt_2_ard"	64.7219712168097	9.97514129829953	0.00466465376980912	2
"pt_3_eq"	72.6142867688555	17.8674568503453	9.01622762155084e-05	9
"pt_3_ard"	79.0513135158673	24.3044835973571	3.60779846313678e-06	2
