"AICc"	"Delta_AICc"	"AICcWt"	"K_rates"
"pt_1_eq"	55.8983862161033	0	0.648864289395676	1
"pt_1_ard"	57.8977945835768	1.99940836747354	0.23877445509983	2
"pt_2_eq"	59.6783646673392	3.77997845123596	0.0980261580539165	4
"pt_2_ard"	63.5656328061338	7.66724659003049	0.0140356467864457	2
"pt_3_eq"	71.2956924476749	15.3973062315717	0.000294219400958037	9
"pt_3_ard"	79.3550384022164	23.4566521861132	5.23126317366139e-06	2
