"AICc"	"Delta_AICc"	"AICcWt"	"K_rates"
"pt_1_eq"	55.032937848207	0	0.678619145502572	1
"pt_1_ard"	56.9494541041538	1.91651625594683	0.260291442834156	2
"pt_2_eq"	59.9993053241272	4.96636747592024	0.0566491128540631	4
"pt_2_ard"	65.1771341385436	10.1441962903366	0.00425443479481281	2
"pt_3_eq"	71.4773448488313	16.4444070006243	0.000182292373123944	9
"pt_3_ard"	79.3425180759169	24.30958022771	3.57164127241689e-06	2
