"AICc"	"Delta_AICc"	"AICcWt"	"K_rates"
"pt_1_eq"	56.9824551749663	0	0.613855429174799	1
"pt_1_ard"	58.9538942910633	1.97143911609697	0.22907280642333	2
"pt_2_eq"	59.9592371373188	2.97678196235254	0.138569009057017	4
"pt_2_ard"	64.0159889824262	7.0335338074599	0.0182286136727394	2
"pt_3_eq"	72.4684652549154	15.4860100799491	0.000266269693919325	9
"pt_3_ard"	79.510865839317	22.5284106643507	7.87197819545233e-06	2
