"AICc"	"Delta_AICc"	"AICcWt"	"K_rates"
"pt_1_eq"	56.3841445927739	0	0.657619559825521	1
"pt_1_ard"	58.2547494888908	1.87060489611687	0.258094072227773	2
"pt_2_eq"	60.843690881202	4.45954628842807	0.0707288423219051	4
"pt_2_ard"	64.1683989345791	7.78425434180514	0.0134166894946186	2
"pt_3_eq"	73.3672603553238	16.9831157625499	0.00013493915663678	9
"pt_3_ard"	79.6280298040919	23.243885211318	5.89697354531906e-06	2
