"AICc"	"Delta_AICc"	"AICcWt"	"K_rates"
"pt_1_eq"	58.6442629511516	0	0.676126110686269	1
"pt_1_ard"	60.4814459302798	1.83718297912814	0.26982891859926	2
"pt_2_eq"	63.8053293087851	5.1610663576335	0.0512054736775948	4
"pt_2_ard"	69.7563794424432	11.1121164912916	0.00261253592206133	2
"pt_3_eq"	74.6761080642284	16.0318451130768	0.000223232166520158	9
"pt_3_ard"	82.8602802640584	24.2160173129067	3.72894829496029e-06	2
