"AICc"	"Delta_AICc"	"AICcWt"	"K_rates"
"pt_1_eq"	58.2056383003881	0	0.711429945268947	1
"pt_1_ard"	60.2466282432893	2.04098994290123	0.25641109096682	2
"pt_2_eq"	64.8088128878437	6.60317458745567	0.0261981725500055	4
"pt_2_ard"	67.9150134459199	9.70937514553181	0.00554329660754026	2
"pt_3_eq"	73.1276756347738	14.9220373343857	0.000409122067005822	9
"pt_3_ard"	80.9057882320895	22.7001499317015	8.37253968162159e-06	2
