"AICc"	"Delta_AICc"	"AICcWt"	"K_rates"
"pt_1_eq"	57.5017302483645	0	0.676693661285792	1
"pt_1_ard"	59.3813220986622	1.87959185029764	0.26438932981696	2
"pt_2_eq"	62.7338816018693	5.23215135350477	0.0494589483556715	4
"pt_2_ard"	66.0927616589144	8.59103141054982	0.00922302404042003	2
"pt_3_eq"	73.4597018690008	15.9579716206362	0.000231826244457451	9
"pt_3_ard"	82.0189763536587	24.5172461052941	3.2102566988473e-06	2
