"AICc"	"Delta_AICc"	"AICcWt"	"K_rates"
"pt_1_eq"	56.1221927709011	0	0.645004642740145	1
"pt_1_ard"	58.1306777008117	2.00848492991067	0.236279411054459	2
"pt_2_eq"	59.7694334488912	3.64724067799015	0.104129693574989	4
"pt_2_ard"	63.7445126531238	7.62231988222274	0.01426911731673	2
"pt_3_eq"	71.394009911391	15.27181714049	0.000311408085342473	9
"pt_3_ard"	79.3857549536018	23.2635621827007	5.72722833452461e-06	2
