"AICc"	"Delta_AICc"	"AICcWt"	"K_rates"
"pt_1_eq"	55.6728669212467	0	0.650406476835635	1
"pt_1_ard"	57.5616331206444	1.88876619939769	0.252955710659007	2
"pt_2_eq"	59.7725376110375	4.09967068979078	0.0837438027977896	4
"pt_2_ard"	63.5629231408686	7.89005621962187	0.01258580267198	2
"pt_3_eq"	71.0180260411687	15.345159119922	0.000302709389721594	9
"pt_3_ard"	79.0349325590061	23.3620656377594	5.49764586750976e-06	2
