"AICc"	"Delta_AICc"	"AICcWt"	"K_rates"
"pt_1_eq"	58.4783353131094	0	0.695890783194248	1
"pt_1_ard"	60.4070285058413	1.9286931927319	0.265295985991892	2
"pt_2_eq"	65.091784584096	6.61344927098666	0.0254946363756357	4
"pt_2_ard"	66.4298589259263	7.95152361281696	0.0130583910688016	2
"pt_3_eq"	74.300119389343	15.8217840762337	0.000255202147955428	9
"pt_3_ard"	82.1648669737798	23.6865316606704	5.0012214668538e-06	2
