"AICc"	"Delta_AICc"	"AICcWt"	"K_rates"
"pt_1_eq"	56.8496262586778	0	0.666881832164587	1
"pt_1_ard"	58.671797883792	1.82217162511415	0.268144778919028	2
"pt_2_eq"	61.8011245053581	4.95149824668029	0.0560847390153136	4
"pt_2_ard"	65.524952165421	8.67532590674318	0.00871416544541774	2
"pt_3_eq"	73.3872997512361	16.5376734925583	0.000170977402688834	9
"pt_3_ard"	81.1608104035035	24.3111841448257	3.50705296472756e-06	2
