"AICc"	"Delta_AICc"	"AICcWt"	"K_rates"
"pt_1_eq"	56.3244942583535	0	0.653155797099927	1
"pt_1_ard"	58.2385597103665	1.91406545201301	0.250831891932377	2
"pt_2_eq"	60.4861389770206	4.16164471866711	0.081531816303791	4
"pt_2_ard"	63.9838668251209	7.65937256676742	0.0141842104260277	6
"pt_3_eq"	71.7598283746077	15.4353341162543	0.000290587259565893	9
"pt_3_ard"	79.6237643641842	23.2992701058308	5.6969783119293e-06	12
