"AICc"	"Delta_AICc"	"AICcWt"	"K_rates"
"pt_1_eq"	55.9993187847388	0	0.648172187462228	1
"pt_1_ard"	58.0975632596899	2.09824447495104	0.227019097743541	2
"pt_2_eq"	59.5397900068079	3.54047122206912	0.110379096366902	4
"pt_2_ard"	63.6602955494923	7.66097676475352	0.0140646984233084	6
"pt_3_eq"	70.9999967300753	15.0006779453365	0.000358372407007596	9
"pt_3_ard"	79.0049458795453	23.0056270948065	6.54759701257795e-06	12
