"AICc"	"Delta_AICc"	"AICcWt"	"K_rates"
"pt_1_eq"	56.2727920074147	0	0.669394214720534	1
"pt_1_ard"	58.1658984321938	1.89310642477903	0.259776055241092	2
"pt_2_eq"	61.0622554914058	4.78946348399106	0.0610468379179382	4
"pt_2_ard"	64.7634927659126	8.49070075849782	0.00959289544809498	2
"pt_3_eq"	72.6207348389746	16.3479428315599	0.000188699727721675	9
"pt_3_ard"	82.5810264477659	26.3082344403512	1.29694461892845e-06	2
