"AICc"	"Delta_AICc"	"AICcWt"	"K_rates"
"pt_1_eq"	54.6737842192848	0	0.656191026520128	1
"pt_1_ard"	56.6194308250419	1.94564660575704	0.24804957928075	2
"pt_2_eq"	58.8002214646816	4.1264372453968	0.0833653973024211	4
"pt_2_ard"	62.6580113419963	7.98422712271147	0.0121137162401785	2
"pt_3_eq"	70.2269353954675	15.5531511761827	0.000275236750005638	9
"pt_3_ard"	78.2258368993863	23.5520526801015	5.04390651711663e-06	2
