"AICc"	"Delta_AICc"	"AICcWt"	"K_rates"
"pt_1_eq"	56.5312210116462	0	0.670387260239902	1
"pt_1_ard"	58.4447497017952	1.91352869014899	0.257518406908993	2
"pt_2_eq"	61.1657289471102	4.63450793546397	0.0660625207702361	4
"pt_2_ard"	66.0513108651865	9.52008985354028	0.00574201744018124	2
"pt_3_eq"	72.0563007199595	15.5250797083133	0.000285165858484538	9
"pt_3_ard"	80.2978550403765	23.7666340287303	4.62878220295773e-06	2
