"AICc"	"Delta_AICc"	"AICcWt"	"K_rates"
"pt_1_eq"	55.4415678549836	0	0.677761062237003	1
"pt_1_ard"	57.4509557719205	2.00938791693685	0.248166738218937	2
"pt_2_eq"	59.9804231654877	4.53885531050408	0.0700610605221091	4
"pt_2_ard"	65.8278199694638	10.3862521144802	0.00376470216924127	6
"pt_3_eq"	71.3081328802189	15.8665650252353	0.000243050095548028	9
"pt_3_ard"	79.8549222850403	24.4133544300567	3.3867571620452e-06	12
