"AICc"	"Delta_AICc"	"AICcWt"	"K_rates"
"pt_1_eq"	56.0380369580701	0	0.694556091045299	1
"pt_1_ard"	57.8897352164551	1.85169825838503	0.275179550187008	2
"pt_2_eq"	62.6514869235387	6.61344996546859	0.0254457297934744	4
"pt_2_ard"	66.0719028383141	10.0338658802441	0.00460130511292486	2
"pt_3_eq"	72.2017657465105	16.1637287884404	0.000214683276263019	9
"pt_3_ard"	80.998092372916	24.9600554148459	2.64058503067477e-06	2
