"AICc"	"Delta_AICc"	"AICcWt"	"K_rates"
"pt_1_eq"	57.0671480028373	0	0.628887144530321	1
"pt_1_ard"	58.9233527597987	1.85620475696139	0.248601059680845	2
"pt_2_eq"	60.6500588268568	3.58291082401945	0.104846398546606	4
"pt_2_ard"	64.250813411118	7.18366540828071	0.0173244554998462	2
"pt_3_eq"	72.1335720819915	15.0664240791541	0.000336465312158611	9
"pt_3_ard"	80.7729103938981	23.7057623910608	4.47643022310813e-06	2
