"AICc"	"Delta_AICc"	"AICcWt"	"K_rates"
"pt_1_eq"	56.4886582177675	0	0.626634504139933	1
"pt_1_ard"	58.4403837836486	1.95172556588115	0.236157902508263	2
"pt_2_eq"	59.7867206414287	3.29806242366121	0.120461744660311	4
"pt_2_ard"	63.7660979474109	7.27743972964346	0.0164716970515842	6
"pt_3_eq"	72.0172118345876	15.5285536168201	0.000266091946670899	9
"pt_3_ard"	79.0111446692209	22.5224864514534	8.05969323735931e-06	12
