"AICc"	"Delta_AICc"	"AICcWt"	"K_rates"
"pt_1_eq"	55.8319959416384	0	0.682855659898997	1
"pt_1_ard"	57.7120111716706	1.88001523003221	0.266740397048507	2
"pt_2_eq"	61.4247076145548	5.59271167291641	0.0416760935512082	4
"pt_2_ard"	64.5906109356288	8.75861499399034	0.00855893706451065	2
"pt_3_eq"	72.4814293951912	16.6494334535528	0.000165558077868998	9
"pt_3_ard"	80.2795521758316	24.4475562341931	3.3543589079895e-06	2
