"AICc"	"Delta_AICc"	"AICcWt"	"K_rates"
"pt_1_eq"	55.6611431718041	0	0.673779724785766	1
"pt_1_ard"	57.6973691879557	2.03622601615154	0.243420458883225	2
"pt_2_eq"	59.9839706399467	4.32282746814256	0.0775939535201944	4
"pt_2_ard"	65.4867615782498	9.82561840644563	0.00495349821186947	2
"pt_3_eq"	71.47622505862	15.8150818868158	0.000247922841617109	9
"pt_3_ard"	79.5203600235116	23.8592168517074	4.4417573282939e-06	2
