"AICc"	"Delta_AICc"	"AICcWt"	"K_rates"
"pt_1_eq"	58.2581425166177	0	0.698155890323192	1
"pt_1_ard"	60.2067747469166	1.94863223029889	0.263519218616703	2
"pt_2_eq"	64.8715925532675	6.61345003664982	0.0255776109887395	4
"pt_2_ard"	66.3035448033796	8.04540228676191	0.0125001578598559	2
"pt_3_eq"	74.1870649500216	15.9289224334039	0.000242678246789919	9
"pt_3_ard"	82.1874440419162	23.9293015252985	4.44396471901718e-06	2
