"AICc"	"Delta_AICc"	"AICcWt"	"K_rates"
"pt_1_eq"	55.6155545549557	0	0.672700505008043	1
"pt_1_ard"	57.6726662089862	2.05711165403052	0.240505844025781	2
"pt_2_eq"	59.8420900679922	4.22653551303652	0.0812907683138386	4
"pt_2_ard"	65.3291744507823	9.71361989582663	0.00523041313275701	2
"pt_3_eq"	71.2718710653218	15.6563165103661	0.000267975950501196	9
"pt_3_ard"	79.4483709818754	23.8328164269197	4.49356907980451e-06	2
