"AICc"	"Delta_AICc"	"AICcWt"	"K_rates"
"pt_1_eq"	57.4116974220539	0	0.641479643173074	1
"pt_1_ard"	59.391562948185	1.97986552613106	0.23837491022766	2
"pt_2_eq"	61.0670250383214	3.65532761626751	0.103142718149024	4
"pt_2_ard"	64.7004414199015	7.28874399784757	0.0167668789847026	6
"pt_3_eq"	73.2981513621125	15.8864539400586	0.000227763032956123	9
"pt_3_ard"	79.9743875457815	22.5626901237276	8.08643258252694e-06	12
