"AICc"	"Delta_AICc"	"AICcWt"	"K_rates"
"pt_1_eq"	57.7663289663578	0	0.672378891448974	1
"pt_1_ard"	59.6581644518675	1.89183548550977	0.261100206199546	2
"pt_2_eq"	62.7096858457635	4.94335687940576	0.0567776957693367	4
"pt_2_ard"	66.2603690538258	8.49404008746808	0.00961959308050924	2
"pt_3_eq"	75.0333773772159	17.2670484108581	0.00011970771720994	9
"pt_3_ard"	81.8785662607685	24.1122372944108	3.90578442410629e-06	2
