"AICc"	"Delta_AICc"	"AICcWt"	"K_rates"
"pt_1_eq"	57.5686359660321	0	0.680032734331288	1
"pt_1_ard"	59.4263583383268	1.85772237229466	0.268615167060842	2
"pt_2_eq"	62.9230472216477	5.35441125561563	0.0467556595324948	4
"pt_2_ard"	67.6019738571196	10.0333378910875	0.00450628004840208	2
"pt_3_eq"	75.4719420568233	17.9033060907912	8.8079795382127e-05	9
"pt_3_ard"	82.9644315995374	25.3957956335053	2.07923159081123e-06	2
