"AICc"	"Delta_AICc"	"AICcWt"	"K_rates"
"pt_1_eq"	55.6610358089841	0	0.688818813165251	1
"pt_1_ard"	57.4830442873291	1.82200847834496	0.276987956395563	2
"pt_2_eq"	62.2744857749243	6.6134499659402	0.0252355390994454	4
"pt_2_ard"	64.3678867296638	8.70685092067967	0.00886005352113033	2
"pt_3_eq"	73.4157477591712	17.7547119501871	9.60988711786043e-05	9
"pt_3_ard"	81.6843055040558	26.0232696950717	1.53894743217867e-06	2
