"AICc"	"Delta_AICc"	"AICcWt"	"K_rates"
"pt_1_eq"	56.2235176442113	0	0.659943393345659	1
"pt_1_ard"	58.066578722068	1.84306107785672	0.262597784423491	2
"pt_2_eq"	60.788186274026	4.56466862981474	0.0673443998055803	4
"pt_2_ard"	64.6280285808715	8.40451093666024	0.00987393636738318	2
"pt_3_eq"	72.0964454062515	15.8729277620402	0.000235908840573001	9
"pt_3_ard"	79.9811538491381	23.7576362049268	4.57721731439681e-06	2
