"AICc"	"Delta_AICc"	"AICcWt"	"K_rates"
"pt_1_eq"	56.8358001763205	0	0.649298518295505	1
"pt_1_ard"	58.785391126097	1.94959094977647	0.244960531738019	2
"pt_2_eq"	60.794011090637	3.95821091431648	0.0897283811993254	4
"pt_2_ard"	64.2763146484633	7.44051447214275	0.0157310323051703	2
"pt_3_eq"	72.351226796997	15.5154266206764	0.000277531529389201	9
"pt_3_ard"	80.828042390989	23.9922422146685	4.00493259095645e-06	2
