"AICc"	"Delta_AICc"	"AICcWt"	"K_rates"
"pt_1_eq"	55.8875408149579	0	0.661876225467569	1
"pt_1_ard"	57.8769270399773	1.98938622501941	0.244786268259417	2
"pt_2_eq"	59.9199917587753	4.03245094381737	0.0881335339818679	4
"pt_2_ard"	65.656553385243	9.76901257028515	0.00500567506963841	6
"pt_3_eq"	72.1886037768463	16.3010629618884	0.000191005527210155	9
"pt_3_ard"	78.7197366425364	22.8321958275785	7.29169429834659e-06	12
