"AICc"	"Delta_AICc"	"AICcWt"	"K_rates"
"pt_1_eq"	55.2539251750978	0	0.656376534347705	1
"pt_1_ard"	57.2193199353915	1.96539476029371	0.245681806561519	2
"pt_2_eq"	59.3403198519047	4.08639467680683	0.0850753446202358	4
"pt_2_ard"	63.1637408703824	7.90981569528455	0.0125764593623151	6
"pt_3_eq"	70.7389405214556	15.4850153463578	0.000284855551621229	9
"pt_3_ard"	78.8242064936136	23.5702813185158	4.99955660393029e-06	12
