"AICc"	"Delta_AICc"	"AICcWt"	"K_rates"
"pt_1_eq"	57.7279794276696	0	0.685320808633793	1
"pt_1_ard"	59.6307134656706	1.90273403800101	0.264679601459923	2
"pt_2_eq"	63.1872081897234	5.45922876205378	0.0447133753357072	4
"pt_2_ard"	67.5392647651513	9.81128533748171	0.00507458320092844	2
"pt_3_eq"	73.9244810158447	16.1965015881751	0.000208385878755846	9
"pt_3_ard"	82.2487308795196	24.52075145185	3.2454908930291e-06	2
