"AICc"	"Delta_AICc"	"AICcWt"	"K_rates"
"pt_1_eq"	58.187011194219	0	0.6545723588688	1
"pt_1_ard"	59.9761051291834	1.78909393496433	0.267584436689981	2
"pt_2_eq"	62.5918152600391	4.40480406582005	0.072354677520879	4
"pt_2_ard"	67.8060655789247	9.61905438470571	0.00533588599342756	2
"pt_3_eq"	74.9512799288902	16.7642687346711	0.000149845242798394	9
"pt_3_ard"	82.9143323420886	24.7273211478695	2.79568411420164e-06	2
