"AICc"	"Delta_AICc"	"AICcWt"	"K_rates"
"pt_1_eq"	57.2280835358081	0	0.658652979605466	1
"pt_1_ard"	59.1018620198614	1.8737784840533	0.258089795113932	2
"pt_2_eq"	61.4938821403352	4.26579860452715	0.0780459305984122	4
"pt_2_ard"	66.9629426418369	9.73485910602884	0.0050670928787808	2
"pt_3_eq"	74.1246129306179	16.8965293948099	0.000141130838261607	9
"pt_3_ard"	81.780003928071	24.5519203922629	3.07096514700284e-06	2
