"AICc"	"Delta_AICc"	"AICcWt"	"K_rates"
"pt_1_eq"	59.133100050416	0	0.696563596867584	1
"pt_1_ard"	61.1061062238332	1.9730061734172	0.259733475640398	2
"pt_2_eq"	65.7465500101113	6.6134499596953	0.0255192767719485	4
"pt_2_ard"	66.4454448532047	7.31234480278876	0.0179930702358254	2
"pt_3_eq"	75.6107516320031	16.4776515815872	0.00018402812265641	9
"pt_3_ard"	82.2812777400837	23.1481776896677	6.55236158775149e-06	2
