"AICc"	"Delta_AICc"	"AICcWt"	"K_rates"
"pt_1_eq"	59.8169438807268	0	0.690790319988805	1
"pt_1_ard"	61.6781095952286	1.86116571450186	0.272395070120263	2
"pt_2_eq"	66.4303938519534	6.61344997122665	0.0253077670794334	4
"pt_2_ard"	68.0513817157441	8.23443783501731	0.0112528048312671	2
"pt_3_eq"	75.67340981386	15.8564659331333	0.000248976532699069	9
"pt_3_ard"	83.4648220737055	23.6478781929788	5.06144753203091e-06	2
