"AICc"	"Delta_AICc"	"AICcWt"	"K_rates"
"pt_1_eq"	57.6778068438932	0	0.663130729548567	1
"pt_1_ard"	59.5972173458274	1.91941050193418	0.253982888994988	2
"pt_2_eq"	62.1483314250461	4.47052458115284	0.0709311621099389	4
"pt_2_ard"	65.7510040975864	8.07319725369316	0.0117091843695131	2
"pt_3_eq"	73.5110607794794	15.8332539355861	0.000241797466569089	9
"pt_3_ard"	81.5993098355917	23.9215029916985	4.23751042418356e-06	2
