"AICc"	"Delta_AICc"	"AICcWt"	"K_rates"
"pt_1_eq"	56.5586593133126	0	0.668946846336798	1
"pt_1_ard"	58.4188449595983	1.86018564628569	0.263910962081651	2
"pt_2_eq"	61.3268635068856	4.76820419357296	0.0616579705139769	4
"pt_2_ard"	66.2477082915904	9.6890489782778	0.00526552110197027	2
"pt_3_eq"	72.6482100208342	16.0895507075216	0.000214580407825361	9
"pt_3_ard"	80.5540874361236	23.995428122811	4.11955777789004e-06	2
