"AICc"	"Delta_AICc"	"AICcWt"	"K_rates"
"pt_1_eq"	55.8184393729205	0	0.698283254957783	1
"pt_1_ard"	57.7146254639761	1.89618609105564	0.270570254191318	2
"pt_2_eq"	62.4318893397322	6.61344996681166	0.0255822780076556	4
"pt_2_ard"	65.560499678289	9.7420603053685	0.00535266558575184	2
"pt_3_eq"	72.0578641020463	16.2394247291258	0.000207819048983323	9
"pt_3_ard"	80.0993439394729	24.2809045665524	3.72820850810529e-06	2
