"AICc"	"Delta_AICc"	"AICcWt"	"K_rates"
"pt_1_eq"	54.9275549258079	0	0.675414449658474	1
"pt_1_ard"	56.9074453006065	1.97989037479867	0.250982022872944	2
"pt_2_eq"	59.5243582088345	4.59680328302665	0.067824593179252	4
"pt_2_ard"	64.5308224429713	9.60326751716347	0.00554941625731371	2
"pt_3_eq"	70.9340123376654	16.0064574118575	0.000225845937649724	9
"pt_3_ard"	79.1721941449142	24.2446392191063	3.67209436653314e-06	2
