"AICc"	"Delta_AICc"	"AICcWt"	"K_rates"
"pt_1_eq"	57.794525390372	0	0.641965777265623	1
"pt_1_ard"	59.5951680880716	1.80064269769966	0.260919947829458	2
"pt_2_eq"	61.8439842367836	4.0494588464116	0.0847584607065514	4
"pt_2_ard"	65.7380767930245	7.94355140265253	0.01209460269111	2
"pt_3_eq"	73.4408340643953	15.6463086740233	0.000257015382656813	9
"pt_3_ard"	81.6707831698162	23.8762577794442	4.19612460020384e-06	2
