"AICc"	"Delta_AICc"	"AICcWt"	"K_rates"
"pt_1_eq"	57.4113226029488	0	0.618528869711346	1
"pt_1_ard"	59.4121503950295	2.00082779208079	0.227449894842049	2
"pt_2_eq"	60.4410527623998	3.02973015945106	0.135976052815993	4
"pt_2_ard"	64.5169890081325	7.10566640518378	0.0177167525751724	2
"pt_3_eq"	72.5336307323647	15.1223081294159	0.000321804777940962	9
"pt_3_ard"	80.2997363810659	22.8884137781171	6.62527749905929e-06	2
