"AICc"	"Delta_AICc"	"AICcWt"	"K_rates"
"pt_1_eq"	55.0194695044846	0	0.69782126493139	1
"pt_1_ard"	56.904087434289	1.88461792980438	0.271959739184372	2
"pt_2_eq"	61.6329193748914	6.6134498704068	0.0255653537914366	4
"pt_2_ard"	65.0959840071551	10.0765145026705	0.00452539900517064	2
"pt_3_eq"	72.2588516892275	17.2393821847429	0.000125967909644012	9
"pt_3_ard"	80.2867894968934	25.2673199924088	2.27517798683874e-06	2
