"AICc"	"Delta_AICc"	"AICcWt"	"K_rates"
"pt_1_eq"	56.7941580928717	0	0.690962704943548	1
"pt_1_ard"	58.6438576841083	1.84969959123659	0.2740295792716	2
"pt_2_eq"	63.4076080652351	6.61344997236333	0.0253140825534897	4
"pt_2_ard"	65.3678949824349	8.57373688956315	0.00949929328649611	2
"pt_3_eq"	73.1712999535978	16.3771418607261	0.000191956771520022	9
"pt_3_ard"	81.9489744737988	25.154816380927	2.38317334602908e-06	2
