"AICc"	"Delta_AICc"	"AICcWt"	"K_rates"
"pt_1_eq"	57.9452362392998	0	0.659787191797137	1
"pt_1_ard"	60.0317801171929	2.08654387789304	0.232443086870687	2
"pt_2_eq"	61.8676872695921	3.92245103029224	0.0928227565532681	4
"pt_2_ard"	65.5606913822231	7.61545514292331	0.0146463297474915	2
"pt_3_eq"	73.3695821967554	15.4243459574556	0.000295154706181616	9
"pt_3_ard"	81.3422525930627	23.3970163537628	5.48032523393099e-06	2
