"AICc"	"Delta_AICc"	"AICcWt"	"K_rates"
"pt_1_eq"	55.6100235726391	0	0.687745636183905	1
"pt_1_ard"	57.4245185084092	1.81449493577013	0.277597323450686	2
"pt_2_eq"	62.2234739102562	6.61345033761712	0.0251962175471021	4
"pt_2_ard"	64.2051982032179	8.59517463057883	0.00935425892351833	2
"pt_3_eq"	73.2179314089289	17.6079078362899	0.000103256936952014	9
"pt_3_ard"	80.1003148717446	24.4902912991055	3.30695783652377e-06	2
