"AICc"	"Delta_AICc"	"AICcWt"	"K_rates"
"pt_1_eq"	55.0924495180819	0	0.669964790383865	1
"pt_1_ard"	56.9060121757604	1.8135626576785	0.270546457552487	2
"pt_2_eq"	60.3601056916163	5.26765617353442	0.048105526789089	4
"pt_2_ard"	63.2818601367823	8.18941061870041	0.0111620524349778	2
"pt_3_eq"	71.1696013142813	16.0771517961994	0.00021624338164216	9
"pt_3_ard"	78.7319523339134	23.6395028158315	4.92945793858811e-06	2
