"AICc"	"Delta_AICc"	"AICcWt"	"K_rates"
"pt_1_eq"	57.7451597286584	0	0.653937330816704	1
"pt_1_ard"	59.5726200884886	1.82746035983021	0.262245566762835	2
"pt_2_eq"	62.2608934501079	4.51573372144953	0.068384395436065	4
"pt_2_ard"	65.2785190503212	7.5333593216628	0.0151247407246043	2
"pt_3_eq"	73.105986271765	15.3608265431066	0.000301977807584526	9
"pt_3_ard"	80.9470273660536	23.2018676373952	5.98845220780201e-06	2
