"AICc"	"Delta_AICc"	"AICcWt"	"K_rates"
"pt_1_eq"	57.2908941945513	0	0.678474182293659	1
"pt_1_ard"	59.1169766701675	1.8260824756162	0.272272986432953	2
"pt_2_eq"	62.8782822916064	5.58738809705508	0.041519050864239	4
"pt_2_ard"	66.2863018970725	8.99540770252124	0.007554493683995	2
"pt_3_eq"	73.8032540829184	16.5123598883671	0.000176165124432165	9
"pt_3_ard"	81.869405762801	24.5785115682498	3.12160072224448e-06	2
