"AICc"	"Delta_AICc"	"AICcWt"	"K_rates"
"pt_1_eq"	57.7409307979715	0	0.686954204876602	1
"pt_1_ard"	59.5865127302173	1.84558193224582	0.273001329274188	2
"pt_2_eq"	64.3543807292131	6.61344993124156	0.0251672278197415	4
"pt_2_ard"	65.4459027545461	7.70497195657462	0.0145819090196961	2
"pt_3_eq"	73.2773797735364	15.5364489755649	0.00029055660808599	9
"pt_3_ard"	81.4952772640594	23.7543464660879	4.77240168633218e-06	2
