"AICc"	"Delta_AICc"	"AICcWt"	"K_rates"
"pt_1_eq"	54.7039932220376	0	0.695671258259464	1
"pt_1_ard"	56.5956055005589	1.89161227852129	0.270175319405012	2
"pt_2_eq"	61.3071678229024	6.60317460086484	0.0256178639386311	4
"pt_2_ard"	63.5261751112829	8.82218188924531	0.00844678819663446	6
"pt_3_eq"	72.7250338667199	18.0210406446823	8.49541904479286e-05	9
"pt_3_ard"	78.9308475683759	24.2268543463383	3.81600981053425e-06	12
