"AICc"	"Delta_AICc"	"AICcWt"	"K_rates"
"pt_1_eq"	57.0795940268101	0	0.612410067168939	1
"pt_1_ard"	59.0497075061937	1.97011347938358	0.22868496616918	2
"pt_2_eq"	60.0559197797671	2.97632575295696	0.138274276846771	4
"pt_2_ard"	63.8996127317935	6.82001870498337	0.0202345744969646	2
"pt_3_eq"	71.8060168092077	14.7264227823976	0.000388365144176023	9
"pt_3_ard"	79.6344782083715	22.5548841815614	7.75017396901319e-06	2
