"AICc"	"Delta_AICc"	"AICcWt"	"K_rates"
"pt_1_eq"	57.8136759583619	0	0.693762956843123	1
"pt_1_ard"	59.6915636057258	1.87788764736398	0.271289500369568	2
"pt_2_eq"	64.4271259271997	6.61344996883783	0.0254166725170386	4
"pt_2_ard"	66.4059703618524	8.59229440349052	0.00944970136738699	2
"pt_3_eq"	76.0202164311937	18.2065404728318	7.72166713605567e-05	9
"pt_3_ard"	81.9648864753587	24.1512105169968	3.95223152290468e-06	2
