"AICc"	"Delta_AICc"	"AICcWt"	"K_rates"
"pt_1_eq"	55.8685124051741	0	0.672838071116699	1
"pt_1_ard"	57.67917964263	1.81066723745591	0.272100388728796	2
"pt_2_eq"	61.0779654913867	5.20945308621266	0.0497384437422801	4
"pt_2_ard"	65.6110747996758	9.7425623945017	0.00515632180019415	2
"pt_3_eq"	72.5142729098656	16.6457605046915	0.000163429175607606	9
"pt_3_ard"	80.2918380382275	24.4233256330534	3.34543642391167e-06	2
