"AICc"	"Delta_AICc"	"AICcWt"	"K_rates"
"pt_1_eq"	57.7201314638311	0	0.673866155531826	1
"pt_1_ard"	59.6318482561465	1.91171679231539	0.259089383638915	2
"pt_2_eq"	62.7151034417496	4.9949719779185	0.0554535381633186	4
"pt_2_ard"	65.8651730451682	8.14504158133706	0.0114789017303471	2
"pt_3_eq"	75.200677429093	17.4805459652618	0.000107825459627961	9
"pt_3_ard"	81.6936914524916	23.9735599886605	4.19547596496873e-06	2
