"AICc"	"Delta_AICc"	"AICcWt"	"K_rates"
"pt_1_eq"	55.0881458939827	0	0.650548230790507	1
"pt_1_ard"	57.0909116763685	2.00276578238576	0.238992590221437	2
"pt_2_eq"	58.9210004127044	3.83285451872161	0.0957162590469292	4
"pt_2_ard"	62.7024881042361	7.61434221025333	0.014449276357801	2
"pt_3_eq"	70.5062612819251	15.4181153879424	0.000291929701325149	9
"pt_3_ard"	80.781765383517	25.6936194895343	1.71388200103344e-06	2
