"AICc"	"Delta_AICc"	"AICcWt"	"K_rates"
"pt_1_eq"	55.5978139011007	0	0.700993836307887	1
"pt_1_ard"	57.6025224630272	2.00470856192658	0.257274810027453	2
"pt_2_eq"	62.2009787121599	6.6031648110592	0.0258139924710875	4
"pt_2_ard"	63.2101343523083	7.61232045120762	0.0155854668628272	6
"pt_3_eq"	70.9440315342798	15.3462176331791	0.000326080915190687	9
"pt_3_ard"	78.9979861009791	23.4001721998784	5.81341555486866e-06	12
