"AICc"	"Delta_AICc"	"AICcWt"	"K_rates"
"pt_1_eq"	59.0785087671511	0	0.64695969769047	1
"pt_1_ard"	61.0527980636864	1.97428929653532	0.241082537290658	2
"pt_2_eq"	62.9314496221843	3.85294085503321	0.0942370648552047	4
"pt_2_ard"	66.3147345929416	7.23622582579047	0.0173600413061383	2
"pt_3_eq"	74.0909663278164	15.0124575606653	0.000355601421165416	9
"pt_3_ard"	82.5968679133611	23.51835914621	5.05743636353574e-06	2
