"AICc"	"Delta_AICc"	"AICcWt"	"K_rates"
"pt_1_eq"	57.9011976554631	0	0.684600681896831	1
"pt_1_ard"	59.7121136911622	1.81091603569902	0.276822831558921	2
"pt_2_eq"	64.5146476112701	6.61344995580701	0.0250810039343418	4
"pt_2_ard"	65.796810857875	7.89561320241185	0.0132107266017773	2
"pt_3_eq"	73.5043119211944	15.6031142657313	0.000280068402580241	9
"pt_3_ard"	81.6845358413892	23.783338185926	4.68760554901474e-06	2
