"AICc"	"Delta_AICc"	"AICcWt"	"K_rates"
"pt_1_eq"	54.8966482160877	0	0.667096591226495	1
"pt_1_ard"	56.7895808068213	1.89293259073361	0.258906904369754	2
"pt_2_eq"	59.6088538005564	4.71220558446874	0.0632333630123052	4
"pt_2_ard"	63.1976639890844	8.30101577299676	0.0105110487241052	2
"pt_3_eq"	70.7023388479809	15.8056906318932	0.000246619043722121	9
"pt_3_ard"	78.3181467736062	23.4214985575185	5.47362361778781e-06	2
