"AICc"	"Delta_AICc"	"AICcWt"	"K_rates"
"pt_1_eq"	58.0962157934089	0	0.696209984902734	1
"pt_1_ard"	59.967092417522	1.87087662411304	0.27320242535051	2
"pt_2_eq"	64.7096657597997	6.61344996639079	0.025506321772405	4
"pt_2_ard"	67.96891193724	9.87269614383102	0.00499932670997719	2
"pt_3_eq"	76.2209893250278	18.1247735316189	8.07227004847574e-05	9
"pt_3_ard"	84.607682935809	26.5114671424	1.21856388882016e-06	2
