"AICc"	"Delta_AICc"	"AICcWt"	"K_rates"
"pt_1_eq"	56.0363424480124	0	0.700201734875196	1
"pt_1_ard"	58.0239057888998	1.9875633408874	0.259196591874417	2
"pt_2_eq"	62.6395170425191	6.6031745945067	0.0257846973231733	4
"pt_2_ard"	63.7951408063299	7.75879835831746	0.0144684339445681	2
"pt_3_eq"	71.2823820347662	15.2460395867537	0.00034244257239624	9
"pt_3_ard"	79.3382058059821	23.3018633579697	6.09941025013699e-06	2
