"AICc"	"Delta_AICc"	"AICcWt"	"K_rates"
"pt_1_eq"	56.5172857032751	0	0.694053591840458	1
"pt_1_ard"	58.4165358783525	1.89925017507731	0.268519648934036	2
"pt_2_eq"	63.1307356723228	6.61344996904761	0.0254273202067517	4
"pt_2_ard"	64.6717250099662	8.15443930669102	0.0117673591622112	2
"pt_3_eq"	72.5648331815087	16.0475474782336	0.000227359103001553	9
"pt_3_ard"	80.3139577486137	23.7966720453386	4.72075354165328e-06	2
