"AICc"	"Delta_AICc"	"AICcWt"	"K_rates"
"pt_1_eq"	57.0278493760334	0	0.695027147900144	1
"pt_1_ard"	58.9326867183324	1.90483734229894	0.268146168150558	2
"pt_2_eq"	63.6412993285916	6.61344995255818	0.0254629875783584	4
"pt_2_ard"	65.2965806159443	8.26873123991085	0.0111293446992033	2
"pt_3_eq"	73.0504378604093	16.0225884843759	0.00023053713213483	9
"pt_3_ard"	81.2536217946551	24.2257724186217	3.81453960101661e-06	2
