"AICc"	"Delta_AICc"	"AICcWt"	"K_rates"
"pt_1_eq"	58.992854413694	0	0.639340107523832	1
"pt_1_ard"	60.9755034712489	1.98264905755483	0.237249429690011	2
"pt_2_eq"	62.6031260989047	3.61027168521068	0.105140833178119	4
"pt_2_ard"	66.1428467503812	7.14999233668718	0.0179114539572228	2
"pt_3_eq"	74.0048471662827	15.0119927525886	0.000351494992519602	9
"pt_3_ard"	81.9308050365364	22.9379506228424	6.68065829594287e-06	2
