"AICc"	"Delta_AICc"	"AICcWt"	"K_rates"
"pt_1_eq"	57.4083536725461	0	0.66316031477259	1
"pt_1_ard"	59.2811061338702	1.8727524613241	0.259989314570358	2
"pt_2_eq"	62.0741989770696	4.66584530452353	0.0643343762190994	4
"pt_2_ard"	65.3958427267507	7.98748905420461	0.012222423248487	2
"pt_3_eq"	72.8764854090969	15.4681317365508	0.000290239421496153	9
"pt_3_ard"	81.810891586399	24.4025379138529	3.33176797019096e-06	2
