"AICc"	"Delta_AICc"	"AICcWt"	"K_rates"
"pt_1_eq"	54.3346797300569	0	0.669465452388688	1
"pt_1_ard"	56.2607067375999	1.92602700754293	0.25556225971909	2
"pt_2_eq"	59.0647216606291	4.7300419305722	0.0628944922579379	4
"pt_2_ard"	62.4045891659329	8.06990943587599	0.0118404879873434	2
"pt_3_eq"	70.2374486012831	15.9027688712262	0.000235768503222361	9
"pt_3_ard"	80.300696941661	25.9660172116041	1.53914371855342e-06	2
