"AICc"	"Delta_AICc"	"AICcWt"	"K_rates"
"pt_1_eq"	57.2313156886881	0	0.648953078425006	1
"pt_1_ard"	59.1155315760313	1.88421588734328	0.252965337181201	2
"pt_2_eq"	61.3036650681406	4.07234937945253	0.0847059397482938	4
"pt_2_ard"	65.0414420770916	7.81012638840357	0.0130697084636482	2
"pt_3_eq"	72.5748276598699	15.3435119711819	0.00030228180433362	9
"pt_3_ard"	81.4056955409687	24.1743798522806	3.65437751683446e-06	2
