"AICc"	"Delta_AICc"	"AICcWt"	"K_rates"
"pt_1_eq"	57.4320556434108	0	0.657247848290808	1
"pt_1_ard"	59.3867503390073	1.95469469559648	0.24732761690793	2
"pt_2_eq"	61.5128324400088	4.08077679659799	0.085427903943922	4
"pt_2_ard"	65.8480111644079	8.41595552099704	0.00977749610515589	2
"pt_3_eq"	73.4715908679978	16.0395352245869	0.000216166481065745	9
"pt_3_ard"	82.0477292442192	24.6156736008084	2.96827111861737e-06	2
