"AICc"	"Delta_AICc"	"AICcWt"	"K_rates"
"pt_1_eq"	56.0614422470853	0	0.659220456172477	1
"pt_1_ard"	57.9009842750178	1.83954202793252	0.262772068302202	2
"pt_2_eq"	60.6116328655805	4.55019061849519	0.0677593664698262	4
"pt_2_ard"	64.4366781387084	8.37523589162315	0.010008553367152	2
"pt_3_eq"	71.9366405807075	15.8751983336222	0.000235383034691598	9
"pt_3_ard"	80.0019644237437	23.9405221766584	4.17265365108547e-06	2
