"AICc"	"Delta_AICc"	"AICcWt"	"K_rates"
"pt_1_eq"	56.3620791696384	0	0.63486571655159	1
"pt_1_ard"	58.420290560414	2.05821139077566	0.226854265962178	2
"pt_2_eq"	59.6895568705691	3.32747770093073	0.120262235708957	4
"pt_2_ard"	63.5120550951319	7.14997592549356	0.0177862474549251	2
"pt_3_eq"	72.2054126246719	15.8433334550335	0.000230327465182279	9
"pt_3_ard"	82.7083775445994	26.346298374961	1.20685716714549e-06	2
