"AICc"	"Delta_AICc"	"AICcWt"	"K_rates"
"pt_1_eq"	56.5739870222077	0	0.651113432650743	1
"pt_1_ard"	58.5419311864693	1.96794416426157	0.243401365002911	2
"pt_2_eq"	60.330409065286	3.75642204307834	0.0995313678438087	4
"pt_2_ard"	66.0372113330461	9.46322431083836	0.00573777620948056	2
"pt_3_eq"	72.6657150656304	16.0917280434227	0.000208632666279658	9
"pt_3_ard"	79.3369911304258	22.7630041082181	7.42562677751428e-06	2
