"AICc"	"Delta_AICc"	"AICcWt"	"K_rates"
"pt_1_eq"	55.9787641439005	0	0.654497676404891	1
"pt_1_ard"	57.7715093073652	1.79274516346472	0.267065902404209	2
"pt_2_eq"	60.5907487244247	4.61198458052422	0.0652271468428426	4
"pt_2_ard"	63.8032552547917	7.82449111089114	0.013087040682851	2
"pt_3_eq"	73.23646039602	17.2576962521195	0.00011707036778663	9
"pt_3_ard"	79.478859951747	23.5000958078465	5.16329741967823e-06	2
