"AICc"	"Delta_AICc"	"AICcWt"	"K_rates"
"pt_1_eq"	55.1808591227384	0	0.690424214183642	1
"pt_1_ard"	56.9953679291648	1.81450880642643	0.278676555109228	2
"pt_2_eq"	61.7943090761259	6.61344995338756	0.0252943546671235	4
"pt_2_ard"	64.8573953809806	9.67653625824223	0.00546868443881442	2
"pt_3_eq"	72.2651163075008	17.0842571847624	0.000134684216108918	9
"pt_3_ard"	81.2502292718789	26.0693701491405	1.50738508258203e-06	2
