"AICc"	"Delta_AICc"	"AICcWt"	"K_rates"
"pt_1_eq"	56.4116643907352	0	0.695230158987665	1
"pt_1_ard"	58.2700647633774	1.85840037264225	0.274525119953236	2
"pt_2_eq"	63.0251143511711	6.61344996043593	0.0254704249843459	4
"pt_2_ard"	66.4467588641178	10.0350944733826	0.00460294224756495	2
"pt_3_eq"	73.0653452798529	16.6536808891177	0.000168200679804811	9
"pt_3_ard"	81.0188586116884	24.6071942209532	3.15314738316421e-06	2
