"AICc"	"Delta_AICc"	"AICcWt"	"K_rates"
"pt_1_eq"	57.658057332096	0	0.698631829281505	1
"pt_1_ard"	59.5516708765731	1.89361354447711	0.271053744558613	2
"pt_2_eq"	64.2715072928528	6.61344996075677	0.0255950484404289	4
"pt_2_ard"	67.7728114366346	10.1147541045386	0.00444485319129707	2
"pt_3_eq"	73.3843646053759	15.7263072732799	0.000268734938532657	9
"pt_3_ard"	81.0596928514262	23.4016355193302	5.78958962277261e-06	2
