"AICc"	"Delta_AICc"	"AICcWt"	"K_rates"
"pt_1_eq"	57.7124812818304	0	0.673904021441723	1
"pt_1_ard"	59.6087228007084	1.89624151887795	0.261116571030126	2
"pt_2_eq"	62.7693952653863	5.05691398355588	0.0537654306448611	4
"pt_2_ard"	65.9222469552458	8.20976567341539	0.011113992084446	2
"pt_3_eq"	75.4247536500156	17.7122723681852	9.60344320394735e-05	9
"pt_3_ard"	81.8065503655799	24.0940690837495	3.95036680433222e-06	2
