"AICc"	"Delta_AICc"	"AICcWt"	"K_rates"
"pt_1_eq"	55.636807851222	0	0.695182192483205	1
"pt_1_ard"	57.533000586538	1.89619273531603	0.269367762031929	2
"pt_2_eq"	62.2502578193064	6.61344996808445	0.0254686675879608	4
"pt_2_ard"	64.1444301089169	8.50762225769495	0.00987852125311382	2
"pt_3_eq"	73.3595526618628	17.7227448106408	9.85492903174959e-05	9
"pt_3_ard"	79.6200189817679	23.983211130546	4.30735347408034e-06	2
