"AICc"	"Delta_AICc"	"AICcWt"	"K_rates"
"pt_1_eq"	56.4079338780692	0	0.70015169985529	1
"pt_1_ard"	58.4441567688675	2.03622289079838	0.252948416413038	2
"pt_2_eq"	63.0111084450194	6.60317456695027	0.0257828551553539	4
"pt_2_ard"	63.451358592782	7.0434247147128	0.0206886381572151	2
"pt_3_eq"	71.2435255069167	14.8355916288475	0.000420420957966385	9
"pt_3_ard"	79.1748047292078	22.7668708511387	7.96946113666162e-06	2
