"AICc"	"Delta_AICc"	"AICcWt"	"K_rates"
"pt_1_eq"	57.1867329374769	0	0.628816325120249	1
"pt_1_ard"	59.0133720466224	1.82663910914548	0.252274971290101	2
"pt_2_eq"	60.8049810572698	3.61824811979288	0.102998573974178	4
"pt_2_ard"	64.5646393907064	7.37790645322949	0.0157192484369621	2
"pt_3_eq"	73.4035413616491	16.2168084241722	0.000189272972123436	9
"pt_3_ard"	82.9396828783868	25.7529499409099	1.60820638539432e-06	2
