"AICc"	"Delta_AICc"	"AICcWt"	"K_rates"
"pt_1_eq"	56.4440582626792	0	0.629167965239681	1
"pt_1_ard"	58.4338013005104	1.98974303783121	0.232648036257048	2
"pt_2_eq"	59.7395434612911	3.29548519861191	0.121104723784734	4
"pt_2_ard"	63.6974416045546	7.25338334187538	0.0167384184863922	2
"pt_3_eq"	71.5294176880313	15.0853594253521	0.0003334436290444	9
"pt_3_ard"	79.1420019869517	22.6979437242725	7.41260310067612e-06	2
