"AICc"	"Delta_AICc"	"AICcWt"	"K_rates"
"pt_1_eq"	54.5209068290606	0	0.65024527922566	1
"pt_1_ard"	56.5868726393971	2.06596581033646	0.231450664660416	2
"pt_2_eq"	58.1827041851431	3.66179735608246	0.104214467820174	4
"pt_2_ard"	62.2267156617692	7.70580883270853	0.0137969179189217	6
"pt_3_eq"	69.9682975609205	15.4473907318599	0.000287553680450011	9
"pt_3_ard"	78.0260994730046	23.5051926439439	5.11669437865956e-06	12
