"AICc"	"Delta_AICc"	"AICcWt"	"K_rates"
"pt_1_eq"	58.1791108850084	0	0.707287195825584	1
"pt_1_ard"	60.1635423775265	1.98443149251809	0.262229757035648	2
"pt_2_eq"	64.7925608451663	6.61344996015794	0.0259121461192071	4
"pt_2_ard"	68.3284049466107	10.1492940616023	0.00442287426164852	2
"pt_3_eq"	75.1764220044267	16.9973111194183	0.000144104181447133	9
"pt_3_ard"	82.3839976457024	24.204886760694	3.92257646595141e-06	2
