"AICc"	"Delta_AICc"	"AICcWt"	"K_rates"
"pt_1_eq"	56.6653275375429	0	0.678534308192098	1
"pt_1_ard"	58.5891962267913	1.92386868924834	0.259303890979036	2
"pt_2_eq"	61.6178128426249	4.95248530508201	0.0570365556930071	4
"pt_2_ard"	66.5236938794245	9.85836634188155	0.00490743730537481	2
"pt_3_eq"	72.7897258395898	16.1243983020469	0.000213896268468016	9
"pt_3_ard"	80.7928346075833	24.1275070700404	3.91156201567778e-06	2
