"AICc"	"Delta_AICc"	"AICcWt"	"K_rates"
"pt_1_eq"	56.9324993306819	0	0.66056865170806	1
"pt_1_ard"	58.8331647248521	1.90066539417027	0.255384016770108	2
"pt_2_eq"	61.3172834183382	4.38478408765634	0.0737520663941212	4
"pt_2_ard"	65.2819702796498	8.34947094896798	0.0101590565955963	2
"pt_3_eq"	73.9726670899186	17.0401677592367	0.000131732382184832	9
"pt_3_ard"	80.7366854311979	23.8041861005161	4.47614992986099e-06	2
