"AICc"	"Delta_AICc"	"AICcWt"	"K_rates"
"pt_1_eq"	58.7857538882939	0	0.671609926455437	1
"pt_1_ard"	60.8154422446966	2.02968835640265	0.243430998147904	2
"pt_2_eq"	63.2546646990908	4.46891081079688	0.0718961200411497	4
"pt_2_ard"	66.7101174375149	7.92436354922098	0.0127750740275424	2
"pt_3_eq"	74.3313310028702	15.5455771145763	0.000282772991931248	9
"pt_3_ard"	82.3588724127427	23.5731185244488	5.10833603567618e-06	2
