"AICc"	"Delta_AICc"	"AICcWt"	"K_rates"
"pt_1_eq"	55.9653354955886	0	0.690991450846432	1
"pt_1_ard"	57.8221520847924	1.85681658920387	0.273067538112559	2
"pt_2_eq"	62.5787854682073	6.61344997261873	0.0253151356840274	4
"pt_2_ard"	64.3527600197491	8.38742452416057	0.0104271730234909	2
"pt_3_eq"	72.3002278144397	16.3348923188511	0.000196063104883119	9
"pt_3_ard"	80.9161275964165	24.950792100828	2.63922860691908e-06	2
