"AICc"	"Delta_AICc"	"AICcWt"	"K_rates"
"pt_1_eq"	55.6083020088294	0	0.629315527337636	1
"pt_1_ard"	57.5451841288108	1.93688211998144	0.238935037227575	2
"pt_2_eq"	59.0311645463134	3.422862537484	0.113658858813948	4
"pt_2_ard"	62.7486756541164	7.14037364528697	0.0177156059209498	2
"pt_3_eq"	70.5051052881602	14.8968032793308	0.000366495558853845	9
"pt_3_ard"	78.0388035057322	22.4305014969028	8.47514103768211e-06	2
