"AICc"	"Delta_AICc"	"AICcWt"	"K_rates"
"pt_1_eq"	55.5916596239882	0	0.676232941922378	1
"pt_1_ard"	57.6386425463662	2.04698292237802	0.242996282322582	2
"pt_2_eq"	60.1048219222899	4.51316229830169	0.0708069001840661	4
"pt_2_ard"	64.0701694596121	8.47850983562387	0.00975015017559798	2
"pt_3_eq"	71.7360112723344	16.1443516483462	0.000211054640599217	9
"pt_3_ard"	80.4755231520322	24.883863528044	2.67075477649315e-06	2
