"AICc"	"Delta_AICc"	"AICcWt"	"K_rates"
"pt_1_eq"	56.4876924291449	0	0.652661731291098	1
"pt_1_ard"	58.5135982758751	2.02590584673015	0.237010880453115	2
"pt_2_eq"	60.3117268746462	3.82403444550132	0.0964516406698209	4
"pt_2_ard"	64.2328426402873	7.74515021114237	0.0135784485034203	2
"pt_3_eq"	71.9103936417453	15.4227012126004	0.000292207347723375	9
"pt_3_ard"	80.0100837279625	23.5223912988176	5.09173482272211e-06	2
