"AICc"	"Delta_AICc"	"AICcWt"	"K_rates"
"pt_1_eq"	57.4512206010788	0	0.677355300290588	1
"pt_1_ard"	59.34877662169	1.89755602061128	0.262281391486875	2
"pt_2_eq"	62.6177756495113	5.16655504843253	0.0511579766675801	4
"pt_2_ard"	66.0963147860761	8.64509418499729	0.0089858296979456	2
"pt_3_eq"	73.5577049919378	16.106484390859	0.000215445727782299	9
"pt_3_ard"	81.502664807286	24.0514442062072	4.05612922875525e-06	2
