"AICc"	"Delta_AICc"	"AICcWt"	"K_rates"
"pt_1_eq"	55.9837745606497	0	0.692750960951719	1
"pt_1_ard"	57.9330778166238	1.94930325597409	0.261391410986743	2
"pt_2_eq"	62.5869491633751	6.60317460272539	0.0255103249326548	4
"pt_2_ard"	63.0696760713906	7.08590151074088	0.0200397903688719	6
"pt_3_eq"	71.4758265616678	15.4920520010181	0.000299585499030033	9
"pt_3_ard"	78.7400111075828	22.7562365469331	7.92726098141215e-06	12
