"AICc"	"Delta_AICc"	"AICcWt"	"K_rates"
"pt_1_eq"	57.0403298843223	0	0.675543414977534	1
"pt_1_ard"	58.904101750853	1.86377186653062	0.266035961418579	2
"pt_2_eq"	62.2608821029293	5.22055221860695	0.0496620627617509	4
"pt_2_ard"	65.7536249734146	8.71329508909228	0.00866134378198109	2
"pt_3_eq"	74.8169247512989	17.7765948669766	9.32212100744302e-05	9
"pt_3_ard"	81.1163626095427	24.0760327252203	3.99585008007641e-06	2
