"AICc"	"Delta_AICc"	"AICcWt"	"K_rates"
"pt_1_eq"	58.9677925967601	0	0.668472697774614	1
"pt_1_ard"	60.8737773419212	1.90598474516108	0.257753366032097	2
"pt_2_eq"	63.5281583078583	4.56036571109822	0.0683616981440736	4
"pt_2_ard"	68.6499812300318	9.68218863327163	0.00527986874256724	2
"pt_3_eq"	76.0695698580597	17.1017772612996	0.000129264695219558	9
"pt_3_ard"	83.527517136295	24.5597245395349	3.1046114289453e-06	2
