"AICc"	"Delta_AICc"	"AICcWt"	"K_rates"
"pt_1_eq"	57.5448830051696	0	0.702665041888706	1
"pt_1_ard"	59.4813444330981	1.93646142792849	0.266840097898894	2
"pt_2_eq"	64.158332977191	6.61344997202137	0.0257428089151592	4
"pt_2_ard"	67.6953535467319	10.1504705415623	0.00439138662844292	2
"pt_3_eq"	72.7212368192522	15.1763538140826	0.00035583198977825	9
"pt_3_ard"	81.3193522281648	23.7744692229952	4.83267901879401e-06	2
