"AICc"	"Delta_AICc"	"AICcWt"	"K_rates"
"pt_1_eq"	57.1409794048357	0	0.632034016201469	1
"pt_1_ard"	59.0620140456159	1.92103464078026	0.241876168652812	2
"pt_2_eq"	60.6600567410337	3.51907733619807	0.108788382225313	4
"pt_2_ard"	64.3613651728041	7.22038576796838	0.0170943898685692	6
"pt_3_eq"	73.2661137894276	16.1251343845919	0.000199164537058727	9
"pt_3_ard"	79.726097582261	22.5851181774253	7.87851477733473e-06	12
