"AICc"	"Delta_AICc"	"AICcWt"	"K_rates"
"pt_1_eq"	56.8051303611236	0	0.694968312136309	1
"pt_1_ard"	58.7744256339906	1.96929527286704	0.259619893706014	2
"pt_2_eq"	63.4083050468849	6.6031746857613	0.0255919770938652	4
"pt_2_ard"	63.9608971526539	7.15576679153031	0.0194137747876789	6
"pt_3_eq"	71.7330641016296	14.927933740506	0.000398478944205113	9
"pt_3_ard"	79.6617497715709	22.8566194104473	7.56333192739832e-06	12
