"AICc"	"Delta_AICc"	"AICcWt"	"K_rates"
"pt_1_eq"	57.0927743360194	0	0.683628518473893	1
"pt_1_ard"	58.886399594705	1.79362525868554	0.278829933634457	2
"pt_2_eq"	63.7062243086788	6.61344997265939	0.0250453875819827	4
"pt_2_ard"	65.1419895368895	8.04921520087007	0.0122167390914776	2
"pt_3_eq"	72.7305217932483	15.6377474572289	0.00027486943931736	9
"pt_3_ard"	80.9320779960787	23.8393036600593	4.55177887181282e-06	2
