"AICc"	"Delta_AICc"	"AICcWt"	"K_rates"
"pt_1_eq"	58.0887455287234	0	0.652607426564145	1
"pt_1_ard"	60.0379129118396	1.94916738311627	0.246261030387254	2
"pt_2_eq"	62.1149430442048	4.02619751548141	0.0871714619659334	4
"pt_2_ard"	65.8189409235805	7.73019539485715	0.0136792223747724	2
"pt_3_eq"	73.6150907794626	15.5263452507393	0.000277427161505324	9
"pt_3_ard"	82.4001856108528	24.3114400821294	3.43154638941959e-06	2
