"AICc"	"Delta_AICc"	"AICcWt"	"K_rates"
"pt_1_eq"	57.0327878026233	0	0.69571832951142	1
"pt_1_ard"	58.8998962435632	1.86710844093985	0.273524352734232	2
"pt_2_eq"	63.6462377630819	6.6134499604586	0.0254883095803222	4
"pt_2_ard"	66.8836422160866	9.85085441346329	0.00505065366089646	2
"pt_3_eq"	73.2078623506313	16.175074548008	0.000213826060778862	9
"pt_3_ard"	80.9174276461572	23.8846398435339	4.52845235058657e-06	2
