"AICc"	"Delta_AICc"	"AICcWt"	"K_rates"
"pt_1_eq"	56.9573921927843	0	0.660080959711547	1
"pt_1_ard"	58.9429481284418	1.98555593565748	0.24459029021979	2
"pt_2_eq"	61.1014399184156	4.1440477256313	0.0831244290941018	4
"pt_2_ard"	64.9880849393066	8.03069274652225	0.0119056862302541	2
"pt_3_eq"	72.3938036472518	15.4364114544675	0.000293510098395611	9
"pt_3_ard"	80.4895048735955	23.5321126808111	5.12464591203899e-06	2
