"AICc"	"Delta_AICc"	"AICcWt"	"K_rates"
"pt_1_eq"	56.8249705790376	0	0.647975375247099	1
"pt_1_ard"	58.7051749585147	1.88020437947704	0.253091353537632	2
"pt_2_eq"	60.8662765370218	4.04130595798415	0.0859013646599909	4
"pt_2_ard"	64.6839240355393	7.8589534565017	0.0127352783619476	2
"pt_3_eq"	72.2266082021066	15.401637623069	0.000293180705700969	9
"pt_3_ard"	81.1128950410744	24.2879244620367	3.44748762951926e-06	2
