"AICc"	"Delta_AICc"	"AICcWt"	"K_rates"
"pt_1_eq"	57.3582335083558	0	0.642808156221986	1
"pt_1_ard"	59.2890142409705	1.93078073261467	0.24480352647262	2
"pt_2_eq"	61.1456784608995	3.78744495254372	0.0967493724994726	4
"pt_2_ard"	64.83206876635	7.4738352579942	0.0153164695920064	6
"pt_3_eq"	72.5911807804869	15.2329472721311	0.000316438201085027	9
"pt_3_ard"	80.5096180608357	23.1513845524799	6.03701283041986e-06	12
