"AICc"	"Delta_AICc"	"AICcWt"	"K_rates"
"pt_1_eq"	56.9631543780197	0	0.68335736554177	1
"pt_1_ard"	58.7578655182024	1.79471114018276	0.278568052121646	2
"pt_2_eq"	63.5766043484135	6.61344997039382	0.0250354536621593	4
"pt_2_ard"	64.9211076769593	7.95795329893966	0.0127820430911796	2
"pt_3_eq"	72.750237969998	15.7870835919783	0.000254991812021791	9
"pt_3_ard"	82.3547671345394	25.3916127565198	2.09377122248832e-06	2
