"AICc"	"Delta_AICc"	"AICcWt"	"K_rates"
"pt_1_eq"	56.9955077763273	0	0.6287017863698	1
"pt_1_ard"	58.9083245284255	1.91281675209826	0.2415915911728	2
"pt_2_eq"	60.4527944983699	3.45728672204265	0.111610337516606	4
"pt_2_ard"	64.136644023275	7.14113624694776	0.0176915816471015	2
"pt_3_eq"	71.7246220940903	14.7291143177631	0.00039816048667367	9
"pt_3_ard"	79.9415998451498	22.9460920688225	6.54280701993341e-06	2
