"AICc"	"Delta_AICc"	"AICcWt"	"K_rates"
"pt_1_eq"	54.007307491488	0	0.669025806850952	1
"pt_1_ard"	55.9462065133208	1.93889902183275	0.253755986889495	2
"pt_2_eq"	58.6002864862345	4.59297899474652	0.0673116372179595	4
"pt_2_ard"	62.4776335924705	8.4703261009825	0.00968578729946991	2
"pt_3_eq"	70.0865855672947	16.0792780758067	0.000215710854799898	9
"pt_3_ard"	77.5874316849446	23.5801241934566	5.07088732407898e-06	2
