"AICc"	"Delta_AICc"	"AICcWt"	"K_rates"
"pt_1_eq"	57.619234820771	0	0.682300808956344	1
"pt_1_ard"	59.5298950277284	1.91066020695733	0.262470980638882	2
"pt_2_eq"	62.8351310440918	5.21589622332071	0.0502757331220849	4
"pt_2_ard"	67.5595723923506	9.94033757157952	0.00473651599674545	2
"pt_3_eq"	73.776367882541	16.1571330617699	0.000211591891128164	9
"pt_3_ard"	81.5364376108214	23.9172027900504	4.36939481570665e-06	2
