"AICc"	"Delta_AICc"	"AICcWt"	"K_rates"
"pt_1_eq"	57.922270086931	0	0.573830209791907	1
"pt_1_ard"	59.7509306880144	1.82866060108342	0.229982507173548	2
"pt_2_eq"	60.3815447478049	2.45927466087392	0.167787151430996	4
"pt_2_ard"	63.9643755162113	6.04210542928024	0.0279741490684751	2
"pt_3_eq"	72.3712560885296	14.4489860015986	0.000418047820456906	9
"pt_3_ard"	80.2999529701937	22.3776828832626	7.93471461633279e-06	2
