"AICc"	"Delta_AICc"	"AICcWt"	"K_rates"
"pt_1_eq"	57.1167254932405	0	0.606638958124887	1
"pt_1_ard"	59.0038576227475	1.88713212950696	0.236126517430075	2
"pt_2_eq"	60.1390080854557	3.02228259221521	0.133859738057527	4
"pt_2_ard"	63.6512742452259	6.53454875198537	0.0231191075191561	2
"pt_3_eq"	72.7346672905696	15.6179417973291	0.000246341355303204	9
"pt_3_ard"	79.280023788801	22.1632982955605	9.337513050866e-06	2
