"AICc"	"Delta_AICc"	"AICcWt"	"K_rates"
"pt_1_eq"	53.8814546332735	0	0.694558673318391	1
"pt_1_ard"	55.7386491582592	1.85719452498572	0.274425378536493	2
"pt_2_eq"	60.4949046043474	6.61344997107393	0.0254458243262141	4
"pt_2_ard"	63.5855541258887	9.70409949261526	0.00542613392022369	2
"pt_3_eq"	70.8847053803301	17.0032507470567	0.000141091208056484	9
"pt_3_ard"	78.655000223091	24.7735455898175	2.89869062241476e-06	2
