"AICc"	"Delta_AICc"	"AICcWt"	"K_rates"
"pt_1_eq"	57.1341820751523	0	0.665660435578579	1
"pt_1_ard"	59.0372672674026	1.90308519225032	0.257041381104818	2
"pt_2_eq"	61.803237761527	4.66905568637466	0.0644733423094867	4
"pt_2_ard"	65.0749506041169	7.94076852896455	0.0125584710199379	2
"pt_3_eq"	72.8174000096368	15.6832179344845	0.000261628614375511	9
"pt_3_ard"	80.8385985719097	23.7044164967574	4.74137280287266e-06	2
