"AICc"	"Delta_AICc"	"AICcWt"	"K_rates"
"pt_1_eq"	55.890961385147	0	0.703813815555171	1
"pt_1_ard"	57.8512996296824	1.96033824453541	0.264104466779259	2
"pt_2_eq"	62.4941359758985	6.60317459075156	0.025917711048325	4
"pt_2_ard"	65.4703290024468	9.57936761729985	0.00585227249203592	6
"pt_3_eq"	71.3670893578564	15.4761279727094	0.000306802785073701	9
"pt_3_ard"	79.6282780849706	23.7373166998236	4.93134013469412e-06	12
