"AICc"	"Delta_AICc"	"AICcWt"	"K_rates"
"pt_1_eq"	58.2460784234874	0	0.634872433865878	1
"pt_1_ard"	60.1342611643566	1.88818274086927	0.24698626226647	2
"pt_2_eq"	61.8574521350588	3.61137371157145	0.104348601495285	4
"pt_2_ard"	65.9456210522509	7.69954262876356	0.0135130079419134	2
"pt_3_eq"	73.7246716866973	15.47859326321	0.00027640929898353	9
"pt_3_ard"	82.5896238108191	24.3435453873318	3.28513147010843e-06	2
