"AICc"	"Delta_AICc"	"AICcWt"	"K_rates"
"pt_1_eq"	59.3438506727486	0	0.647294448786818	1
"pt_1_ard"	61.1581162059949	1.81426553324624	0.261299830263194	2
"pt_2_eq"	63.5521401582564	4.20828948550771	0.0789375115800509	4
"pt_2_ard"	67.282560769849	7.93871009710038	0.0122245501973759	2
"pt_3_eq"	75.1553493473348	15.8114986745862	0.000238604467012892	9
"pt_3_ard"	82.8643246074778	23.5204739347292	5.05470554829843e-06	2
