"AICc"	"Delta_AICc"	"AICcWt"	"K_rates"
"pt_1_eq"	56.1062139854561	0	0.695707189401248	1
"pt_1_ard"	57.9823844459828	1.87617046052673	0.272283454734221	2
"pt_2_eq"	62.7093885885929	6.60317460313681	0.0256191870619373	4
"pt_2_ard"	65.6099740889299	9.50376010347387	0.00600774106517341	2
"pt_3_eq"	71.1652258532304	15.0590118677743	0.000373597200128923	9
"pt_3_ard"	78.6551505550087	22.5489365695526	8.83053729111738e-06	2
