"AICc"	"Delta_AICc"	"AICcWt"	"K_rates"
"pt_1_eq"	55.7141374035754	0	0.694823120587205	1
"pt_1_ard"	57.6246752975264	1.91053789395104	0.267304474719872	2
"pt_2_eq"	62.3275870241229	6.61344962054746	0.0254555170674028	4
"pt_2_ard"	63.8029306574975	8.08879325392206	0.0121734905700105	2
"pt_3_eq"	71.6668668995305	15.9527294959551	0.000238661884582394	9
"pt_3_ard"	79.5069269327101	23.7927895291347	4.73517092805254e-06	2
