"AICc"	"Delta_AICc"	"AICcWt"	"K_rates"
"pt_1_eq"	55.3507453123969	0	0.691759200839106	1
"pt_1_ard"	57.1871852831018	1.83643997070492	0.276170363415075	2
"pt_2_eq"	61.9641952683506	6.61344995595376	0.0253432631538108	4
"pt_2_ard"	64.63970669799	9.28896138559312	0.00665093353885253	2
"pt_3_eq"	73.6491682006058	18.2984228882089	7.35364906371698e-05	9
"pt_3_ard"	80.2563309011797	24.9055855887828	2.70256251888141e-06	2
