"AICc"	"Delta_AICc"	"AICcWt"	"K_rates"
"pt_1_eq"	56.1484915760423	0	0.698531572458649	1
"pt_1_ard"	58.0950726857402	1.94658110969797	0.263931558966409	2
"pt_2_eq"	62.7516661597301	6.60317458368787	0.0257231942836705	4
"pt_2_ard"	64.3490363961464	8.20054482010409	0.0115733838726825	2
"pt_3_eq"	72.131251807592	15.9827602315497	0.000236359875857992	9
"pt_3_ard"	80.3244078585384	24.1759162824961	3.93054273077388e-06	2
