"AICc"	"Delta_AICc"	"AICcWt"	"K_rates"
"pt_1_eq"	54.4377890548788	0	0.675458540044686	1
"pt_1_ard"	56.3912131076315	1.95342405275268	0.254341983314398	2
"pt_2_eq"	59.1282684185069	4.69047936362816	0.064725295882803	4
"pt_2_ard"	64.1486556668844	9.71086661200562	0.00525909244464415	6
"pt_3_eq"	70.5822762670774	16.1444872121986	0.000210798658270794	9
"pt_3_ard"	78.3716704576537	23.9338814027749	4.28965519858455e-06	12
