"AICc"	"Delta_AICc"	"AICcWt"	"K_rates"
"pt_1_eq"	56.5060536250108	0	0.671799689861337	1
"pt_1_ard"	58.3704010097092	1.86434738469843	0.264485524807636	2
"pt_2_eq"	61.3703700303462	4.86431640533546	0.0590156116332166	4
"pt_2_ard"	66.5260697775783	10.0200161525675	0.00448147457843068	2
"pt_3_eq"	72.6148081076417	16.108754482631	0.0002134362627974	9
"pt_3_ard"	80.4416056245898	23.9355519995791	4.26285658202365e-06	2
