"AICc"	"Delta_AICc"	"AICcWt"	"K_rates"
"pt_1_eq"	55.9664475962641	0	0.693434772439664	1
"pt_1_ard"	57.8131586690838	1.84671107281962	0.275421222322204	2
"pt_2_eq"	62.5798975302393	6.6134499339752	0.0254046496089227	4
"pt_2_ard"	65.5906868703068	9.62423927404264	0.00563804594997541	2
"pt_3_eq"	73.7028862563036	17.7364386600395	9.76308108648113e-05	9
"pt_3_ard"	80.2600621207031	24.293614524439	3.67886836909198e-06	2
