"AICc"	"Delta_AICc"	"AICcWt"	"K_rates"
"pt_1_eq"	57.770684020688	0	0.687678578105467	1
"pt_1_ard"	59.6025505477577	1.83186652706971	0.275169778146806	2
"pt_2_eq"	64.3841333712363	6.61344935054835	0.0251937732444099	4
"pt_2_ard"	65.9219684995433	8.15128447885532	0.0116776797526896	2
"pt_3_eq"	73.4075136954513	15.6368296747633	0.000276624775660641	9
"pt_3_ard"	82.1099626714243	24.3392786507363	3.56597496661149e-06	2
