"AICc"	"Delta_AICc"	"AICcWt"	"K_rates"
"pt_1_eq"	55.408390758246	0	0.675361387967807	1
"pt_1_ard"	57.317634640476	1.90924388222997	0.259985535316437	2
"pt_2_eq"	60.4826211394117	5.07423038116566	0.0534171976026131	4
"pt_2_ard"	63.6206635959936	8.21227283774761	0.0111240732177313	6
"pt_3_eq"	72.8910567482783	17.4826659900323	0.000107950222829516	9
"pt_3_ard"	79.5553062665074	24.1469155082614	3.85567258277106e-06	12
