"AICc"	"Delta_AICc"	"AICcWt"	"K_rates"
"pt_1_eq"	55.0243228442788	0	0.659037921893889	1
"pt_1_ard"	56.8945558537938	1.870233009515	0.258698831584392	2
"pt_2_eq"	59.5391606978094	4.51483785353057	0.0689486586905025	4
"pt_2_ard"	62.8691724593305	7.84484961505168	0.0130443653936163	6
"pt_3_eq"	70.6381564274839	15.6138335832051	0.000268169586230742	9
"pt_3_ard"	80.3829360802347	25.3586132359559	2.05285136903872e-06	12
