"AICc"	"Delta_AICc"	"AICcWt"	"K_rates"
"pt_1_eq"	55.1002896190124	0	0.667727156960377	1
"pt_1_ard"	56.9551126957446	1.85482307673223	0.264137051805507	2
"pt_2_eq"	60.0005325454559	4.90024292644353	0.0576135728219539	4
"pt_2_ard"	63.4435716818551	8.34328206284275	0.010300975618717	2
"pt_3_eq"	71.1600854218548	16.0597958028424	0.000217399575050573	9
"pt_3_ard"	79.2309391838957	24.1306495648833	3.84321839387613e-06	2
