"AICc"	"Delta_AICc"	"AICcWt"	"K_rates"
"pt_1_eq"	56.9521551035914	0	0.673079970293186	1
"pt_1_ard"	58.813955726363	1.86180062277159	0.265327214979207	2
"pt_2_eq"	61.9126379902189	4.9604828866275	0.0563522802699085	4
"pt_2_ard"	66.7396279844028	9.78747288081139	0.00504363831107883	2
"pt_3_eq"	73.2633967499511	16.3112416463598	0.000193252689577008	9
"pt_3_ard"	81.2055280239167	24.2533729203253	3.64345704289237e-06	2
