"AICc"	"Delta_AICc"	"AICcWt"	"K_rates"
"pt_1_eq"	56.4160352796701	0	0.652032017724301	1
"pt_1_ard"	58.3883431781694	1.97230789849939	0.243213514590512	2
"pt_2_eq"	60.401256162038	3.98522088236793	0.0888974294008751	4
"pt_2_ard"	63.8907577709461	7.47472249127608	0.0155293599420881	2
"pt_3_eq"	71.6198095669843	15.2037742873143	0.000325695144078123	9
"pt_3_ard"	81.822311639505	25.4062763598349	1.98319814568091e-06	2
