"AICc"	"Delta_AICc"	"AICcWt"	"K_rates"
"pt_1_eq"	56.5444839534693	0	0.64927900148397	1
"pt_1_ard"	58.5069379857707	1.96245403230144	0.24338279759492	2
"pt_2_eq"	60.3418246935945	3.79734074012522	0.0972409723313213	4
"pt_2_ard"	64.9392389226688	8.39475496919951	0.00976188028629742	6
"pt_3_eq"	71.7246638353606	15.1801798818913	0.000328168716854834	9
"pt_3_ard"	79.3692359293918	22.8247519759225	7.1795866357132e-06	12
