"AICc"	"Delta_AICc"	"AICcWt"	"K_rates"
"pt_1_eq"	58.2463648124014	0	0.643718406397443	1
"pt_1_ard"	60.1116553063634	1.86529049396195	0.253310529733726	2
"pt_2_eq"	62.1941917899858	3.94782697758438	0.0894203141987107	4
"pt_2_ard"	66.01496388672	7.76859907431856	0.0132362838638101	2
"pt_3_eq"	73.5311521714386	15.2847873590372	0.000308778123729506	9
"pt_3_ard"	81.519792345378	23.2734275329766	5.68768258049344e-06	2
