"AICc"	"Delta_AICc"	"AICcWt"	"K_rates"
"pt_1_eq"	57.2434797364778	0	0.64198591085233	1
"pt_1_ard"	59.255963587875	2.01248385139726	0.234703832489992	2
"pt_2_eq"	60.8005018771761	3.55702214069835	0.108424631102527	4
"pt_2_ard"	64.8096926947407	7.56621295826292	0.0146064013113061	6
"pt_3_eq"	72.7676781147322	15.5241983782544	0.00027320500504104	9
"pt_3_ard"	80.3982013964277	23.1547216599499	6.01923880361347e-06	12
