"AICc"	"Delta_AICc"	"AICcWt"	"K_rates"
"pt_1_eq"	57.9102558773297	0	0.647863087318862	1
"pt_1_ard"	59.8739211670444	1.96366528971475	0.242705007301358	2
"pt_2_eq"	61.7507222208422	3.84046634351247	0.0949590947476957	4
"pt_2_ard"	65.5557594275749	7.64550355024524	0.014167174219851	2
"pt_3_eq"	73.2709810919558	15.3607252146261	0.000299187976768543	9
"pt_3_ard"	80.9454501376794	23.0351942603497	6.44843546509979e-06	2
