"AICc"	"Delta_AICc"	"AICcWt"	"K_rates"
"pt_1_eq"	59.1078893913713	0	0.631333730451687	1
"pt_1_ard"	61.1987130228194	2.09082363144807	0.221943489655884	2
"pt_2_eq"	62.2789325630732	3.17104317170187	0.129322984143204	4
"pt_2_ard"	66.3348416765247	7.22695228515341	0.0170194783172718	2
"pt_3_eq"	73.9714472379977	14.8635578466264	0.000373833671454465	9
"pt_3_ard"	82.0804678454744	22.9725784541031	6.48376049940528e-06	2
