"AICc"	"Delta_AICc"	"AICcWt"	"K_rates"
"pt_1_eq"	57.0729662384959	0	0.662054314148853	1
"pt_1_ard"	58.8982029724967	1.82523673400077	0.265796035578443	2
"pt_2_eq"	61.8603170446324	4.78735080613643	0.0604412727372089	4
"pt_2_ard"	65.182311525259	8.10934528676308	0.0114807871398741	2
"pt_3_eq"	73.0606998583494	15.9877336198535	0.000223460813406995	9
"pt_3_ard"	81.0428195065141	23.9698532680182	4.12958221428201e-06	2
