"AICc"	"Delta_AICc"	"AICcWt"	"K_rates"
"pt_1_eq"	57.5358069729981	0	0.673615039795572	1
"pt_1_ard"	59.435225162464	1.89941818946593	0.260590365989614	2
"pt_2_eq"	62.3330464348731	4.79723946187507	0.0611933827840521	4
"pt_2_ard"	67.5987715886292	10.0629646156311	0.00439811694533452	2
"pt_3_eq"	73.7859955975699	16.2501886245718	0.000199401375732111	9
"pt_3_ard"	81.7636974331693	24.2278904601713	3.69310969551879e-06	2
