"AICc"	"Delta_AICc"	"AICcWt"	"K_rates"
"pt_1_eq"	57.9383653080278	0	0.687544646496729	1
"pt_1_ard"	59.7752271138135	1.83686180578574	0.274429902735558	2
"pt_2_eq"	64.5518152663083	6.61344995828054	0.0251888588756791	4
"pt_2_ard"	65.9461642200518	8.00779891202401	0.0125438099368971	2
"pt_3_eq"	73.4709665031619	15.5326011951342	0.000291366361398414	9
"pt_3_ard"	84.1250313093051	26.1866660012774	1.415593738313e-06	2
