"AICc"	"Delta_AICc"	"AICcWt"	"K_rates"
"pt_1_eq"	57.8107953223778	0	0.678189359744859	1
"pt_1_ard"	59.7643318088957	1.95353648651791	0.255355909953194	2
"pt_2_eq"	62.8353695335103	5.02457421113259	0.0549893447715929	4
"pt_2_ard"	66.0109168675067	8.20012154512894	0.0112387290928371	2
"pt_3_eq"	73.8626639903936	16.0518686680158	0.000221682789865749	9
"pt_3_ard"	81.456851952187	23.6460566298092	4.97364765084441e-06	2
