"AICc"	"Delta_AICc"	"AICcWt"	"K_rates"
"pt_1_eq"	58.2137602691692	0	0.646087132167352	1
"pt_1_ard"	60.0817272458215	1.86796697665235	0.253902639854271	2
"pt_2_eq"	62.2421195002069	4.02835923103776	0.0862072911918088	4
"pt_2_ard"	65.948324445726	7.73456417655686	0.0135130013630405	2
"pt_3_eq"	73.6671267691951	15.4533665000259	0.000284862441735226	9
"pt_3_ard"	81.723282036456	23.5095217672868	5.07298179281946e-06	2
