"AICc"	"Delta_AICc"	"AICcWt"	"K_rates"
"pt_1_eq"	55.9278771989585	0	0.678286564641803	1
"pt_1_ard"	57.7715495159269	1.84367231696842	0.269814234510817	2
"pt_2_eq"	61.2670988108454	5.33922161188698	0.0469911391124681	4
"pt_2_ard"	65.8667118737759	9.93883467481747	0.00471218884472163	2
"pt_3_eq"	72.2677986434934	16.3399214445349	0.000191974858294806	9
"pt_3_ard"	80.0615839101306	24.1337067111721	3.89803189617179e-06	2
