"AICc"	"Delta_AICc"	"AICcWt"	"K_rates"
"pt_1_eq"	58.0483595847055	0	0.690234505989852	1
"pt_1_ard"	59.9158273568204	1.86746777211491	0.271319615124382	2
"pt_2_eq"	64.6618095509909	6.61344996628545	0.0252874043620345	4
"pt_2_ard"	65.9965848438482	7.94822525914277	0.0129736291985429	2
"pt_3_eq"	74.5492314764346	16.5008718917291	0.000180251074393535	9
"pt_3_ard"	81.8883215603469	23.8399619756414	4.59425079559623e-06	2
