"AICc"	"Delta_AICc"	"AICcWt"	"K_rates"
"pt_1_eq"	54.9217729301112	0	0.661336965068251	1
"pt_1_ard"	56.7663570535406	1.84458412342942	0.262951979743861	2
"pt_2_eq"	59.4161449334614	4.49437200335026	0.0699008276056183	4
"pt_2_ard"	64.4370426117047	9.51526968159354	0.00567816802500317	6
"pt_3_eq"	71.9846699528067	17.0628970226955	0.000130395254678837	9
"pt_3_ard"	80.7069981312453	25.7852252011341	1.66430258715776e-06	12
