"AICc"	"Delta_AICc"	"AICcWt"	"K_rates"
"pt_1_eq"	56.0710651584257	0	0.692147020290983	1
"pt_1_ard"	57.9243940698998	1.85332891147409	0.274001596875186	2
"pt_2_eq"	62.6845151305206	6.61344997209485	0.0253574710875045	4
"pt_2_ard"	64.9180106695441	8.84694551111836	0.00830058201439674	2
"pt_3_eq"	72.4771834675542	16.4061183091285	0.000189519991412303	9
"pt_3_ard"	80.2910503340221	24.2199851755963	3.80974051798556e-06	2
