"AICc"	"Delta_AICc"	"AICcWt"	"K_rates"
"pt_1_eq"	57.8300954383659	0	0.699184106874221	1
"pt_1_ard"	59.73485101412	1.90475557575409	0.269760979486689	2
"pt_2_eq"	64.4435454106828	6.61344997231686	0.0256152815127111	4
"pt_2_ard"	67.6361038635465	9.80600842518054	0.00519091447485051	2
"pt_3_eq"	73.7488512065285	15.9187557681626	0.000244274230219937	9
"pt_3_ard"	81.7625848944827	23.9324894561167	4.44342130794395e-06	2
