"AICc"	"Delta_AICc"	"AICcWt"	"K_rates"
"pt_1_eq"	57.7235065167858	0	0.679683664309654	1
"pt_1_ard"	59.5872460496379	1.86373953285206	0.267670761645197	2
"pt_2_eq"	64.3266811126027	6.6031745958169	0.0250291261437284	4
"pt_2_ard"	64.1581540301901	6.43464751340431	0.0272295759504799	2
"pt_3_eq"	72.7126964820146	14.9891899652288	0.000377959779588902	9
"pt_3_ard"	80.2074362352961	22.4839297185102	8.91217135203615e-06	2
