"AICc"	"Delta_AICc"	"AICcWt"	"K_rates"
"pt_1_eq"	57.7750070789731	0	0.673837138197379	1
"pt_1_ard"	59.69909714372	1.92409006474697	0.257480352087158	2
"pt_2_eq"	62.6870556508864	4.91204857191332	0.0577985772911415	4
"pt_2_ard"	66.0660826256491	8.29107554667607	0.010670155872129	2
"pt_3_eq"	73.9274165612014	16.1524094822283	0.000209461297507114	9
"pt_3_ard"	81.6921818388432	23.9171747598701	4.31525468530407e-06	2
