"AICc"	"Delta_AICc"	"AICcWt"	"K_rates"
"pt_1_eq"	55.882221050159	0	0.689844974781128	1
"pt_1_ard"	57.7637216834646	1.88150063330561	0.269270535249737	2
"pt_2_eq"	62.4853956032586	6.60317455309965	0.0254033135837298	4
"pt_2_ard"	63.5170552056775	7.6348341555185	0.0151659050623508	2
"pt_3_eq"	71.2884479736305	15.4062269234715	0.000311409484131774	9
"pt_3_ard"	80.0683784546153	24.1861574044563	3.86183892268246e-06	2
