"AICc"	"Delta_AICc"	"AICcWt"	"K_rates"
"pt_1_eq"	57.6623098008147	0	0.697743191284757	1
"pt_1_ard"	59.6189564211642	1.9566466203495	0.262310208185404	2
"pt_2_eq"	64.2757597717078	6.61344997089304	0.0255624922038961	4
"pt_2_ard"	65.4661991641421	7.80388936332739	0.0140962165642897	2
"pt_3_eq"	73.2834272058386	15.6211174050239	0.000282887046993021	9
"pt_3_ard"	81.3527617870791	23.6904519862643	5.00471465982195e-06	2
