"AICc"	"Delta_AICc"	"AICcWt"	"K_rates"
"pt_1_eq"	58.5169157756906	0	0.660820683838671	1
"pt_1_ard"	60.4324984443608	1.91558266867015	0.253583000754316	2
"pt_2_eq"	62.954762079758	4.43784630406731	0.0718484738048674	4
"pt_2_ard"	66.3027543480353	7.78583857234464	0.0134713234430885	2
"pt_3_eq"	74.1108899589831	15.5939741832925	0.00027157835830136	9
"pt_3_ard"	82.1247413842736	23.607825608583	4.93980075611496e-06	2
