"AICc"	"Delta_AICc"	"AICcWt"	"K_rates"
"pt_1_eq"	53.7809768507265	0	0.687439026635232	1
"pt_1_ard"	55.7086231180025	1.92764626727594	0.262211125935164	2
"pt_2_eq"	59.3098499139359	5.52887306320936	0.0433166291134298	4
"pt_2_ard"	62.9918724138241	9.21089556309754	0.00687248223097532	2
"pt_3_eq"	70.5394303175472	16.7584534668206	0.000157827345043648	9
"pt_3_ard"	78.5269935811129	24.7460167303864	2.90874015457174e-06	2
