"AICc"	"Delta_AICc"	"AICcWt"	"K_rates"
"pt_1_eq"	59.4244197474497	0	0.634683712040411	1
"pt_1_ard"	61.3190442505937	1.89462450314399	0.246118845720778	2
"pt_2_eq"	63.0718093865075	3.64738963905776	0.102455848967307	4
"pt_2_ard"	66.7370633118806	7.31264356443095	0.016392189990561	2
"pt_3_eq"	74.4695966631328	15.0451769156831	0.0003431932174246	9
"pt_3_ard"	82.4938416237817	23.069421876332	6.21006351868782e-06	2
