"AICc"	"Delta_AICc"	"AICcWt"	"K_rates"
"pt_1_eq"	57.0551726195152	0	0.694522313953674	1
"pt_1_ard"	58.9125317006242	1.85735908110906	0.274388435599421	2
"pt_2_eq"	63.6686225914636	6.61344997194839	0.0254444922548287	4
"pt_2_ard"	66.7639078894791	9.70873526996391	0.0054132879164898	2
"pt_3_eq"	73.1115941699375	16.0564215504223	0.000226505402100539	9
"pt_3_ard"	80.7523561279086	23.6971835083934	4.96487348591221e-06	2
