"AICc"	"Delta_AICc"	"AICcWt"	"K_rates"
"pt_1_eq"	57.4842121662065	0	0.663490634422795	1
"pt_1_ard"	59.326463454434	1.84225128822748	0.264116183181522	2
"pt_2_eq"	62.2781690700016	4.79395690379508	0.0603726559492009	4
"pt_2_ard"	65.5261358945691	8.04192372836256	0.0119001722413687	2
"pt_3_eq"	74.7989262926584	17.3147141264519	0.000115343306363937	9
"pt_3_ard"	81.071521620698	23.5873094544915	5.01089874884427e-06	2
