"AICc"	"Delta_AICc"	"AICcWt"	"K_rates"
"pt_1_eq"	56.3785772535915	0	0.676554867726674	1
"pt_1_ard"	58.2236949227766	1.84511766918509	0.268930966086195	2
"pt_2_eq"	61.8348086018276	5.45623134823603	0.0442076510813347	4
"pt_2_ard"	64.7872588926608	8.40868163906932	0.0101013868881061	2
"pt_3_eq"	72.6175573084799	16.2389800548883	0.000201397144341957	9
"pt_3_ard"	80.5947230042619	24.2161457506704	3.7310733485132e-06	2
