"AICc"	"Delta_AICc"	"AICcWt"	"K_rates"
"pt_1_eq"	56.5185881075347	0	0.682008230579252	1
"pt_1_ard"	58.3327001399535	1.81411203241883	0.275334221286522	2
"pt_2_eq"	62.3264305608233	5.8078424532886	0.0373794279930745	4
"pt_2_ard"	66.269036521966	9.75044841443128	0.005206029738218	2
"pt_3_eq"	74.9200874404319	18.4014993328972	6.88580637316616e-05	9
"pt_3_ard"	81.0377699451584	24.5191818376237	3.2323392019135e-06	2
