"AICc"	"Delta_AICc"	"AICcWt"	"K_rates"
"pt_1_eq"	55.8487691076505	0	0.696516926194492	1
"pt_1_ard"	57.7880406477972	1.9392715401467	0.264133940439669	2
"pt_2_eq"	62.4519437093966	6.60317460174609	0.0256490053692672	4
"pt_2_ard"	63.7538864284997	7.90511732084914	0.0133769547854597	2
"pt_3_eq"	71.2349483989149	15.3861792912644	0.000317588883777955	9
"pt_3_ard"	79.3165358876158	23.4677667799653	5.58432733390616e-06	2
