"AICc"	"Delta_AICc"	"AICcWt"	"K_rates"
"pt_1_eq"	57.9355094666565	0	0.606290242931528	1
"pt_1_ard"	59.9830446451304	2.04753517847391	0.217803053665846	2
"pt_2_eq"	60.6969618956973	2.76145242904087	0.152418893036008	4
"pt_2_ard"	64.4780085686058	6.5424991019493	0.0230141505757083	2
"pt_3_eq"	72.2823738570811	14.3468643904246	0.000464834721101022	9
"pt_3_ard"	80.210544638459	22.2750351718025	8.82506980958612e-06	2
