"AICc"	"Delta_AICc"	"AICcWt"	"K_rates"
"pt_1_eq"	56.5642199350553	0	0.696746303686477	1
"pt_1_ard"	58.4421439003751	1.8779239653198	0.272451162704752	2
"pt_2_eq"	63.1776698965696	6.61344996151428	0.0255259703886251	4
"pt_2_ard"	66.3990952918092	9.83487535675385	0.00509869019835002	2
"pt_3_eq"	73.1457636702901	16.5815437352348	0.00017475845662277	9
"pt_3_ard"	81.2003941129982	24.6361741779428	3.11456517336351e-06	2
