"AICc"	"Delta_AICc"	"AICcWt"	"K_rates"
"pt_1_eq"	55.6016379682722	0	0.700910880004193	1
"pt_1_ard"	57.5195320597615	1.91789409148925	0.268656523806952	2
"pt_2_eq"	62.2048125685495	6.60317460027732	0.0258108112835551	4
"pt_2_ard"	65.7300621910259	10.1284242227537	0.00442897701343004	2
"pt_3_eq"	72.033602646792	16.4319646785198	0.000189455408599727	9
"pt_3_ard"	80.1025073268749	24.5008693586027	3.35248327038953e-06	2
