"AICc"	"Delta_AICc"	"AICcWt"	"K_rates"
"pt_1_eq"	56.0225481137266	0	0.638867760211502	1
"pt_1_ard"	58.0036025280093	1.9810544142827	0.237263248481933	2
"pt_2_eq"	59.6369995486104	3.61445143488374	0.104843815096151	4
"pt_2_ard"	63.0924181988662	7.0698700851396	0.0186297998729895	2
"pt_3_eq"	70.8219116690469	14.7993635553202	0.000390633971105502	9
"pt_3_ard"	79.6443811724772	23.6218330587506	4.74236631894172e-06	2
