"AICc"	"Delta_AICc"	"AICcWt"	"K_rates"
"pt_1_eq"	55.944571323119	0	0.672812978473685	1
"pt_1_ard"	57.8236360254393	1.87906470232031	0.262942413349172	2
"pt_2_eq"	60.7889061405673	4.84433481744831	0.0596980878151645	4
"pt_2_ard"	66.0029777866859	10.0584064635669	0.00440290331186821	2
"pt_3_eq"	72.8761035451512	16.9315322220322	0.000141663788939116	9
"pt_3_ard"	81.4440159363697	25.4994446132507	1.95326117101068e-06	2
