"AICc"	"Delta_AICc"	"AICcWt"	"K_rates"
"pt_1_eq"	55.7032746714567	0	0.693439334238267	1
"pt_1_ard"	57.5467927568572	1.8435180854005	0.27586309652225	2
"pt_2_eq"	62.3064492424633	6.60317457100663	0.0255356744561559	4
"pt_2_ard"	65.663526711387	9.96025203993029	0.00476614469614668	2
"pt_3_eq"	70.6867863271485	14.9835116556918	0.000386705418008502	9
"pt_3_ard"	78.1977616610872	22.4944869896305	9.04466917234573e-06	2
