"AICc"	"Delta_AICc"	"AICcWt"	"K_rates"
"pt_1_eq"	55.4689055527288	0	0.628034879239504	1
"pt_1_ard"	57.5797053714339	2.11079981870513	0.218589555546152	2
"pt_2_eq"	58.5356634636485	3.06675791091975	0.135533216385761	4
"pt_2_ard"	62.6349384102683	7.16603285753954	0.0174541820043719	2
"pt_3_eq"	70.2867009259238	14.817795373195	0.000380487489441429	9
"pt_3_ard"	78.0925416713346	22.6236361186058	7.67933476905564e-06	2
