"AICc"	"Delta_AICc"	"AICcWt"	"K_rates"
"pt_1_eq"	54.2560756357464	0	0.674815995514796	1
"pt_1_ard"	56.1989698645254	1.94289422877901	0.255441377253745	2
"pt_2_eq"	59.1121649663994	4.856089330653	0.0595249402829927	4
"pt_2_ard"	62.6700055828137	8.41392994706737	0.0100490196344865	2
"pt_3_eq"	70.8913888764168	16.6353132406705	0.000164768047660212	9
"pt_3_ard"	78.3788894781786	24.1228138424323	3.89926631952409e-06	2
