"AICc"	"Delta_AICc"	"AICcWt"	"K_rates"
"pt_1_eq"	57.0951279245055	0	0.675981886491213	1
"pt_1_ard"	58.9767723591196	1.88164443461405	0.26384031777814	2
"pt_2_eq"	62.1046525062318	5.00952458172628	0.0552243505789865	4
"pt_2_ard"	67.0065113107678	9.9113833862623	0.00476108025784896	2
"pt_3_eq"	73.4641840173318	16.3690560928263	0.000188555711156118	9
"pt_3_ard"	81.2681417635214	24.1730138390158	3.80918265556757e-06	2
