"AICc"	"Delta_AICc"	"AICcWt"	"K_rates"
"pt_1_eq"	55.9867206780024	0	0.684538621411205	1
"pt_1_ard"	57.8848209544305	1.89810027642805	0.264990752123336	2
"pt_2_eq"	61.5842652225365	5.59754454453409	0.0416779742441535	4
"pt_2_ard"	64.7153512186024	8.72863054059996	0.00870963422930662	2
"pt_3_eq"	74.1110817973909	18.1243611193884	7.93858217741137e-05	9
"pt_3_ard"	80.2800607125883	24.2933400345859	3.63217022454673e-06	2
