"AICc"	"Delta_AICc"	"AICcWt"	"K_rates"
"pt_1_eq"	57.662911456177	0	0.59721571320247	1
"pt_1_ard"	59.5704514410022	1.90753998482518	0.230098708526547	2
"pt_2_eq"	60.4006593964521	2.73774794027514	0.151927647865786	4
"pt_2_ard"	64.4278779603027	6.76496650412574	0.0202832439641125	2
"pt_3_eq"	71.9697012576262	14.3067898014492	0.00046714455763847	9
"pt_3_ard"	80.2220348783766	22.5591234221996	7.54188344549492e-06	2
