"AICc"	"Delta_AICc"	"AICcWt"	"K_rates"
"pt_1_eq"	56.5256668462096	0	0.685659826330449	1
"pt_1_ard"	58.4167189787109	1.8910521325013	0.266361806262246	2
"pt_2_eq"	62.1891310458791	5.66346419966952	0.0403927181503176	4
"pt_2_ard"	65.5735840351152	9.04791718890561	0.00743666897592186	2
"pt_3_eq"	73.4176033282989	16.8919364820893	0.000147255424813159	9
"pt_3_ard"	82.3116532237269	25.7859863775173	1.72485625223866e-06	2
