"AICc"	"Delta_AICc"	"AICcWt"	"K_rates"
"pt_1_eq"	57.8169930903586	0	0.658649496001333	1
"pt_1_ard"	59.7387679954355	1.92177490507696	0.251968497036666	2
"pt_2_eq"	61.8745496176304	4.05755652727184	0.0866098245713756	4
"pt_2_ard"	69.0157285664067	11.1987354760481	0.00243713649485264	2
"pt_3_eq"	73.0218861178348	15.2048930274762	0.000328816645111809	9
"pt_3_ard"	80.9543745961957	23.1373815058371	6.22925066167018e-06	2
