"AICc"	"Delta_AICc"	"AICcWt"	"K_rates"
"pt_1_eq"	58.0762583105473	0	0.606326934521037	1
"pt_1_ard"	60.1016009727019	2.02534266215466	0.220246639144863	2
"pt_2_eq"	60.8364831614441	2.76022485089679	0.152521704582999	4
"pt_2_ard"	64.8554303030616	6.77917199251429	0.020446942089781	2
"pt_3_eq"	72.488034604551	14.4117762940037	0.00045001749891375	9
"pt_3_ard"	80.6080856296566	22.5318273191094	7.76216240589898e-06	2
