"AICc"	"Delta_AICc"	"AICcWt"	"K_rates"
"pt_1_eq"	57.522345084189	0	0.693040811302191	1
"pt_1_ard"	59.4217075176704	1.89936243348136	0.268112768899349	2
"pt_2_eq"	64.1357950402143	6.61344995602527	0.0253902161839393	4
"pt_2_ard"	65.4331604978646	7.91081541367564	0.0132723268734493	2
"pt_3_eq"	74.0563685124298	16.5340234282408	0.000178008704910089	9
"pt_3_ard"	80.8809933730369	23.358648288848	5.86803616166898e-06	2
