"AICc"	"Delta_AICc"	"AICcWt"	"K_rates"
"pt_1_eq"	57.1623811310383	0	0.701723908691933	1
"pt_1_ard"	59.1986530318105	2.03627190077221	0.253510206314978	2
"pt_2_eq"	63.7655566045933	6.60317547355501	0.0258407395129451	4
"pt_2_ard"	64.4345934988381	7.27221236779975	0.0184937687367333	6
"pt_3_eq"	71.9752021006982	14.8128209696598	0.000426189817646213	9
"pt_3_ard"	80.7926893906672	23.6303082596289	5.18692576420206e-06	12
