"AICc"	"Delta_AICc"	"AICcWt"	"K_rates"
"pt_1_eq"	58.4396969717989	0	0.654582137499412	1
"pt_1_ard"	60.3802155713973	1.94051859959835	0.24807665080515	2
"pt_2_eq"	62.5855364886348	4.14583951683586	0.082358141440717	4
"pt_2_ard"	66.0143985651836	7.57470159338464	0.0148299128175799	2
"pt_3_eq"	75.2401006174489	16.80040364565	0.000147164429576463	9
"pt_3_ard"	81.6420149103707	23.2023179385718	5.99300756471392e-06	2
