"AICc"	"Delta_AICc"	"AICcWt"	"K_rates"
"pt_1_eq"	55.3021425582568	0	0.656942463554546	1
"pt_1_ard"	57.2087187526404	1.90657619438357	0.2532325769565	2
"pt_2_eq"	59.383034880968	4.08089232271114	0.0853832784385839	4
"pt_2_ard"	65.41472701698	10.1125844587231	0.00418415265195425	2
"pt_3_eq"	71.0298425783944	15.7277000201375	0.000252522842271341	9
"pt_3_ard"	78.871748947941	23.5696063896841	5.00555614407512e-06	2
