"AICc"	"Delta_AICc"	"AICcWt"	"K_rates"
"pt_1_eq"	56.8544143887456	0	0.630318113999461	1
"pt_1_ard"	58.8591703652974	2.00475597655175	0.231330320163779	2
"pt_2_eq"	60.129913925532	3.27549953678638	0.122544578070907	4
"pt_2_ard"	64.2566008741346	7.40218648538903	0.0155666591339563	2
"pt_3_eq"	72.6512430853267	15.7968286965811	0.000234057208323602	9
"pt_3_ard"	79.8903674680757	23.0359530793301	6.27142357368155e-06	2
