"AICc"	"Delta_AICc"	"AICcWt"	"K_rates"
"pt_1_eq"	57.4371031040229	0	0.62539603357979	1
"pt_1_ard"	59.5592096228224	2.12210651879948	0.216443997817055	2
"pt_2_eq"	60.4270914601148	2.98998835609193	0.140245004431872	4
"pt_2_ard"	64.5749325808102	7.13782947678729	0.0176276794803395	2
"pt_3_eq"	72.8551726533554	15.4180695493325	0.000280649232624803	9
"pt_3_ard"	80.3445283849812	22.9074252809583	6.63545831856178e-06	2
