"AICc"	"Delta_AICc"	"AICcWt"	"K_rates"
"pt_1_eq"	56.2447391125316	0	0.682143952894489	1
"pt_1_ard"	58.1205002490531	1.87576113652154	0.267029767763036	2
"pt_2_eq"	61.6539949999156	5.40925588738402	0.0456321616156817	4
"pt_2_ard"	66.0345259847003	9.78978687216868	0.00510564746989161	2
"pt_3_eq"	74.1949382778524	17.9501991653209	8.63057657599366e-05	9
"pt_3_ard"	81.5663605003169	25.3216213877853	2.16449114155358e-06	2
