"AICc"	"Delta_AICc"	"AICcWt"	"K_rates"
"pt_1_eq"	56.4160352692215	0	0.660715834144778	1
"pt_1_ard"	58.3883431842981	1.97230791507658	0.246452650280685	2
"pt_2_eq"	60.4012528506678	3.98521758144625	0.0900815214049945	4
"pt_2_ard"	67.6403438588637	11.2243085896422	0.00241372102280896	6
"pt_3_eq"	71.6198093072329	15.2037740380114	0.000330032820123662	9
"pt_3_ard"	79.556128471311	23.1400932020895	6.24032661024097e-06	12
