"AICc"	"Delta_AICc"	"AICcWt"	"K_rates"
"pt_1_eq"	55.5902959979595	0	0.65448986865533	1
"pt_1_ard"	57.4138003239105	1.82350432595102	0.262986826806849	2
"pt_2_eq"	60.0477218863285	4.45742588836907	0.0704669046160455	4
"pt_2_ard"	63.6191914219568	8.02889542399734	0.0118154546862727	6
"pt_3_eq"	71.4412806651594	15.8509846672	0.000236540407859441	9
"pt_3_ard"	79.4081165051379	23.8178205071784	4.40482764328423e-06	12
