"AICc"	"Delta_AICc"	"AICcWt"	"K_rates"
"pt_1_eq"	57.3217632636074	0	0.6480543562367	1
"pt_1_ard"	59.376568518124	2.05480525451664	0.231961625036046	2
"pt_2_eq"	60.9602383005489	3.63847503694154	0.105081585945266	4
"pt_2_ard"	64.8936006244607	7.57183736085334	0.0147030638242945	2
"pt_3_eq"	73.5665405189309	16.2447772553235	0.000192354731490746	9
"pt_3_ard"	80.1893421707176	22.8675789071102	7.01422620251487e-06	2
