"AICc"	"Delta_AICc"	"AICcWt"	"K_rates"
"pt_1_eq"	57.7681421868486	0	0.661214924871837	1
"pt_1_ard"	59.6420572245801	1.87391503773154	0.259075990745502	2
"pt_2_eq"	62.3455652394251	4.5774230525765	0.0670452263492438	4
"pt_2_ard"	65.7190439562193	7.95090176937072	0.0124115569841819	2
"pt_3_eq"	73.5466950879144	15.7785529010659	0.000247784091093471	9
"pt_3_ard"	81.5561330413602	23.7879908545116	4.51695814182092e-06	2
