"AICc"	"Delta_AICc"	"AICcWt"	"K_rates"
"pt_1_eq"	57.8294496123345	0	0.635477366723309	1
"pt_1_ard"	59.7266283414256	1.8971787290911	0.246112096885185	2
"pt_2_eq"	61.2685906823989	3.43914107006443	0.113841364525074	4
"pt_2_ard"	67.8992961781428	10.0698465658083	0.00413485884882237	6
"pt_3_eq"	72.4156390263137	14.5861894139792	0.000432264230990182	9
"pt_3_ard"	83.1192176700212	25.2897680576867	2.04878661998384e-06	12
