"AICc"	"Delta_AICc"	"AICcWt"	"K_rates"
"pt_1_eq"	56.7129195232951	0	0.678085623066146	1
"pt_1_ard"	58.5512771798453	1.83835765655017	0.270452028675353	2
"pt_2_eq"	62.2084366871935	5.49551716389841	0.0434458348225761	4
"pt_2_ard"	65.636618832939	8.92369930964381	0.00782578391980446	2
"pt_3_eq"	73.108154249943	16.3952347266478	0.000186682905183728	9
"pt_3_ard"	80.7712177666583	24.0582982433632	4.04661093640672e-06	2
