"AICc"	"Delta_AICc"	"AICcWt"	"K_rates"
"pt_1_eq"	55.1712397154286	0	0.691582093846641	1
"pt_1_ard"	57.0173067666665	1.84606705123788	0.274773833854641	2
"pt_2_eq"	61.7846895238675	6.61344980843888	0.0253367765377048	4
"pt_2_ard"	64.054493412926	8.88325369749739	0.00814459904586459	2
"pt_3_eq"	71.920412422947	16.7491727075184	0.000159517045967934	9
"pt_3_ard"	79.7511596780868	24.5799199626581	3.17966918090027e-06	2
