"AICc"	"Delta_AICc"	"AICcWt"	"K_rates"
"pt_1_eq"	57.2214404213015	0	0.65258237772393	1
"pt_1_ard"	59.2444855662407	2.02304514493925	0.237321273641319	2
"pt_2_eq"	61.1014547635891	3.88001434228764	0.0937779927363693	4
"pt_2_ard"	64.6212691315413	7.39982871023976	0.0161355195551969	2
"pt_3_eq"	73.6017192541921	16.3802788328906	0.000181010174637045	9
"pt_3_ard"	82.7943855751907	25.5729451538892	1.82616854845156e-06	2
