"AICc"	"Delta_AICc"	"AICcWt"	"K_rates"
"pt_1_eq"	57.1410422721848	0	0.616098946860288	1
"pt_1_ard"	59.0836284497818	1.94258617759697	0.233250851393964	2
"pt_2_eq"	60.2249374161631	3.0838951439783	0.131822985893968	4
"pt_2_ard"	64.1661601804034	7.02511790821855	0.018372383208667	2
"pt_3_eq"	71.5927215200922	14.4516792479074	0.000448237503500923	9
"pt_3_ard"	80.0307020771256	22.8896598049408	6.59513961101048e-06	2
