"AICc"	"Delta_AICc"	"AICcWt"	"K_rates"
"pt_1_eq"	56.3792313819873	0	0.679179951527462	1
"pt_1_ard"	58.3161924742841	1.9369610922968	0.257857103901834	2
"pt_2_eq"	61.4694021071313	5.09017072514404	0.0532927742380273	4
"pt_2_ard"	64.9035712915521	8.52433990956475	0.00957079392701421	2
"pt_3_eq"	74.124829915835	17.7455985338477	9.51868811109499e-05	9
"pt_3_ard"	80.3713396629693	23.992108280982	4.18952455140828e-06	2
