"AICc"	"Delta_AICc"	"AICcWt"	"K_rates"
"pt_1_eq"	58.4163088584899	0	0.681042059491379	1
"pt_1_ard"	60.3364524966999	1.92014363820996	0.260747432309392	2
"pt_2_eq"	63.5315156657132	5.11520680722327	0.0527741064351974	4
"pt_2_ard"	68.1699747359579	9.75366587746797	0.00519029806869278	2
"pt_3_eq"	74.2986300542253	15.8823211957353	0.000242310205624883	9
"pt_3_ard"	82.6124948191959	24.196185960706	3.79348971372309e-06	2
