"AICc"	"Delta_AICc"	"AICcWt"	"K_rates"
"pt_1_eq"	56.4798844504057	0	0.705379087215536	1
"pt_1_ard"	58.5085939348507	2.02870948444497	0.255796096340684	2
"pt_2_eq"	63.0830590293979	6.60317457899223	0.0259753518124018	4
"pt_2_ard"	64.5324096422782	8.05252519187246	0.0125845865409101	2
"pt_3_eq"	72.2680451321365	15.7881606817307	0.000263067409382692	9
"pt_3_ard"	82.2254596204593	25.7455751700536	1.81068108511032e-06	2
