"AICc"	"Delta_AICc"	"AICcWt"	"K_rates"
"pt_1_eq"	57.6365750770113	0	0.676961656655851	1
"pt_1_ard"	59.4631583185928	1.82658324158145	0.271597994972689	2
"pt_2_eq"	63.0121292743595	5.37555419734815	0.0460550553145527	4
"pt_2_ard"	67.3718418709422	9.7352667939309	0.00520688213058745	2
"pt_3_eq"	74.1632840527295	16.5267089757181	0.000174515825014167	9
"pt_3_ard"	81.7678755270257	24.1313004500144	3.89510130567136e-06	2
