"AICc"	"Delta_AICc"	"AICcWt"	"K_rates"
"pt_1_eq"	56.1770719981811	0	0.640935821338651	1
"pt_1_ard"	58.1064314981697	1.92935949998868	0.244263993061792	2
"pt_2_eq"	59.8805601236307	3.7034881254496	0.100603320740188	4
"pt_2_ard"	63.8428249552951	7.665752957114	0.0138745031590477	2
"pt_3_eq"	71.3796257240313	15.2025537258503	0.000320347948857866	9
"pt_3_ard"	81.5184424495123	25.3413704513313	2.01375146399454e-06	2
