"AICc"	"Delta_AICc"	"AICcWt"	"K_rates"
"pt_1_eq"	54.3346392300394	0	0.700458655712929	1
"pt_1_ard"	56.2482579968315	1.91361876679213	0.269057728194076	2
"pt_2_eq"	60.9378138331613	6.60317460312195	0.0257941582369449	4
"pt_2_ard"	64.4617639157018	10.1271246856625	0.00442899634675699	2
"pt_3_eq"	70.1678235808744	15.8331843508351	0.000255417240820537	9
"pt_3_ard"	78.0171151879834	23.6824759579441	5.04426847320417e-06	2
