"AICc"	"Delta_AICc"	"AICcWt"	"K_rates"
"pt_1_eq"	53.7279263533431	0	0.680945049185331	1
"pt_1_ard"	55.6891266676462	1.96120031430303	0.255412900780562	2
"pt_2_eq"	58.605050646762	4.87712429341889	0.0594371507772385	4
"pt_2_ard"	63.9614373656948	10.2335110123517	0.00408256760470896	2
"pt_3_eq"	71.0436769649326	17.3157506115895	0.000118316304488795	9
"pt_3_ard"	77.8101522608684	24.0822259075252	4.01534767131952e-06	2
