"AICc"	"Delta_AICc"	"AICcWt"	"K_rates"
"pt_1_eq"	56.0611312720348	0	0.671236587989544	1
"pt_1_ard"	57.9687052406412	1.90757396860636	0.258613502979242	2
"pt_2_eq"	60.7456704414063	4.68453916937149	0.0645120533695186	4
"pt_2_ard"	65.705617691969	9.6444864199342	0.00540258992864964	6
"pt_3_eq"	71.9853054271058	15.9241741550709	0.000233875720763436	9
"pt_3_ard"	82.2362599940692	26.1751287220344	1.39001228181222e-06	12
