"AICc"	"Delta_AICc"	"AICcWt"	"K_rates"
"pt_1_eq"	56.7884680150402	0	0.691408195734731	1
"pt_1_ard"	58.6563245357855	1.86785652074533	0.271728150783912	2
"pt_2_eq"	63.401917981021	6.61344996598079	0.0253304036174761	4
"pt_2_ard"	65.0238090675348	8.23534105249464	0.0112577846134786	2
"pt_3_eq"	72.4533790357674	15.6649110207272	0.000274247271419598	9
"pt_3_ard"	83.2870535082586	26.4985854932184	1.21797898277242e-06	2
