"AICc"	"Delta_AICc"	"AICcWt"	"K_rates"
"pt_1_eq"	54.8987639479243	0	0.655408783544717	1
"pt_1_ard"	56.899904476074	2.00114052814973	0.240973959047513	2
"pt_2_eq"	58.8859240316629	3.98716008373857	0.0892712150552739	4
"pt_2_ard"	62.583342810096	7.6845788621717	0.0140548805686817	2
"pt_3_eq"	70.375472934119	15.4767089861947	0.000285619333889955	9
"pt_3_ard"	78.2599195262929	23.3611555783686	5.54244992524645e-06	2
