"AICc"	"Delta_AICc"	"AICcWt"	"K_rates"
"pt_1_eq"	56.2504153140419	0	0.667992584563195	1
"pt_1_ard"	58.0594058840227	1.8089905699808	0.27036740345013	2
"pt_2_eq"	61.4244082495423	5.17399293550037	0.0502635722386381	4
"pt_2_ard"	64.4124804805791	8.16206516653718	0.0112824056395908	2
"pt_3_eq"	74.0813233483581	17.8309080343162	8.97096491246546e-05	9
"pt_3_ard"	80.1459057765576	23.8954904625156	4.32445932170263e-06	2
