"AICc"	"Delta_AICc"	"AICcWt"	"K_rates"
"pt_1_eq"	56.3651048296779	0	0.691129100672783	1
"pt_1_ard"	58.2768608107934	1.91175598111557	0.265721468004964	2
"pt_2_eq"	62.9682787919758	6.60317396229791	0.0254506086141268	4
"pt_2_ard"	63.7352368013419	7.37013197166403	0.0173442432839367	2
"pt_3_eq"	71.5642337006182	15.1991288709403	0.000346027233494717	9
"pt_3_ard"	78.9648937201614	22.5997888904836	8.55219069452142e-06	2
