"AICc"	"Delta_AICc"	"AICcWt"	"K_rates"
"pt_1_eq"	55.9932268186315	0	0.690812958822168	1
"pt_1_ard"	57.995024924892	2.0017981062605	0.253907506260155	2
"pt_2_eq"	61.2571389873835	5.26391216875203	0.0496954321720882	4
"pt_2_ard"	65.6992600407106	9.70603322207918	0.00539165557327043	2
"pt_3_eq"	72.4096117562563	16.4163849376248	0.000188186203237585	9
"pt_3_ard"	79.9854823503225	23.992255531691	4.26096908173112e-06	2
