"AICc"	"Delta_AICc"	"AICcWt"	"K_rates"
"pt_1_eq"	55.2263044871229	0	0.692288996129951	1
"pt_1_ard"	57.0909926621929	1.86468817506999	0.272505665678282	2
"pt_2_eq"	61.8294790902994	6.60317460317649	0.0254933132251893	4
"pt_2_ard"	63.8041904596959	8.57788597257303	0.00949780298017262	2
"pt_3_eq"	71.4047339978061	16.1784295106831	0.000212415447813674	9
"pt_3_ard"	80.9389967635441	25.7126922764212	1.80653859098819e-06	2
