"AICc"	"Delta_AICc"	"AICcWt"	"K_rates"
"pt_1_eq"	56.0650055655077	0	0.643324101817049	1
"pt_1_ard"	58.0666605847016	2.00165501919394	0.236469948930088	2
"pt_2_eq"	59.7032869630648	3.63828139755709	0.104324678508874	4
"pt_2_ard"	63.4990054079728	7.43399984246513	0.0156371379428222	6
"pt_3_eq"	71.8790929951056	15.8140874295979	0.000236834173840886	9
"pt_3_ard"	78.8384408249104	22.7734352594028	7.29862732572718e-06	12
