"AICc"	"Delta_AICc"	"AICcWt"	"K_rates"
"pt_1_eq"	55.8986796752673	0	0.689998027956286	1
"pt_1_ard"	57.7076073602366	1.8089276849693	0.279282802385383	2
"pt_2_eq"	62.5121295298283	6.61344985456098	0.0252787421741739	4
"pt_2_ard"	65.657370075812	9.75869040054469	0.00524535823226518	2
"pt_3_eq"	72.27846786413	16.3797881888627	0.000191435306045137	9
"pt_3_ard"	80.2069295760349	24.3082499007676	3.63394584717945e-06	2
