"AICc"	"Delta_AICc"	"AICcWt"	"K_rates"
"pt_1_eq"	59.0883097768358	0	0.701226234117249	1
"pt_1_ard"	61.1245180118031	2.0362082349673	0.253338476919831	2
"pt_2_eq"	65.7017597489221	6.6134499720863	0.0256900968092421	4
"pt_2_ard"	66.2537948995951	7.16548512275921	0.0194936350411557	2
"pt_3_eq"	74.9675755602584	15.8792657834225	0.00024987304098044	9
"pt_3_ard"	84.9670526697464	25.8787428929106	1.68407154159058e-06	2
