"AICc"	"Delta_AICc"	"AICcWt"	"K_rates"
"pt_1_eq"	57.1539625460254	0	0.681397985001084	1
"pt_1_ard"	59.1117611403489	1.95779859432351	0.256017871071294	2
"pt_2_eq"	62.2738899376322	5.11992739160686	0.0526772067380506	4
"pt_2_ard"	65.6555890866402	8.50162654061479	0.00971171877808226	2
"pt_3_eq"	73.5099490905265	16.3559865445011	0.000191312564683339	9
"pt_3_ard"	81.2928169772321	24.1388544312067	3.90584680578346e-06	2
