"AICc"	"Delta_AICc"	"AICcWt"	"K_rates"
"pt_1_eq"	56.4025694489332	0	0.704747998089862	1
"pt_1_ard"	58.4438464612361	2.04127701230286	0.253966351349912	2
"pt_2_eq"	63.0057440509623	6.60317460202912	0.025952111864948	4
"pt_2_ard"	64.1134117815996	7.71084233266637	0.0149157712014165	2
"pt_3_eq"	71.3016894772832	14.8991200283499	0.000409950144777565	9
"pt_3_ard"	79.2210695752551	22.8185001263218	7.81734908356699e-06	2
