"AICc"	"Delta_AICc"	"AICcWt"	"K_rates"
"pt_1_eq"	57.6977793975513	0	0.665325002315909	1
"pt_1_ard"	59.5914788813464	1.89369948379506	0.258120338547951	2
"pt_2_eq"	62.2848784692386	4.58709907168723	0.0671363825378675	4
"pt_2_ard"	66.2435234488462	8.54574405129492	0.00927575142058286	2
"pt_3_eq"	74.6429852664524	16.945205868901	0.000139132677336833	9
"pt_3_ard"	82.0707068154139	24.3729274178626	3.39250035241149e-06	2
