"AICc"	"Delta_AICc"	"AICcWt"	"K_rates"
"pt_1_eq"	56.4422702988035	0	0.650760761557506	1
"pt_1_ard"	58.3349849672506	1.89271466844703	0.252594325849055	2
"pt_2_eq"	60.5669165836766	4.12464628487311	0.0827495799790453	4
"pt_2_ard"	64.158106364804	7.7158360660005	0.0137388013898588	2
"pt_3_eq"	73.1729702283511	16.7306999295476	0.000151494208289619	9
"pt_3_ard"	79.9804372346227	23.5381669358192	5.03701624539869e-06	2
