"AICc"	"Delta_AICc"	"AICcWt"	"K_rates"
"pt_1_eq"	57.6497055391897	0	0.625696138937738	1
"pt_1_ard"	59.6345540826398	1.98484854345013	0.231931154659743	2
"pt_2_eq"	60.9144035695001	3.26469803031037	0.122304744640869	4
"pt_2_ard"	64.5548364488099	6.9051309096202	0.0198122294770057	2
"pt_3_eq"	73.3278309481271	15.6781254089374	0.000246548178998349	9
"pt_3_ard"	79.9079971159214	22.2582915767317	9.18410564632709e-06	2
