"AICc"	"Delta_AICc"	"AICcWt"	"K_rates"
"pt_1_eq"	58.4311263417195	0	0.688066983800877	1
"pt_1_ard"	60.2274069119078	1.79628057018829	0.280267893503352	2
"pt_2_eq"	65.0445763106542	6.61344996893464	0.0252079950705143	4
"pt_2_ard"	67.820054385357	9.3889280436375	0.00629290099304946	2
"pt_3_eq"	75.1393943639611	16.7082680222416	0.000161985603051572	9
"pt_3_ard"	83.7005388767629	25.2694125350434	2.24102915562538e-06	2
