"AICc"	"Delta_AICc"	"AICcWt"	"K_rates"
"pt_1_eq"	56.1200638476345	0	0.687489326362559	1
"pt_1_ard"	57.9466952656517	1.82663141801719	0.275815067299804	2
"pt_2_eq"	62.7335138143817	6.61344996674714	0.025186832062776	4
"pt_2_ard"	64.3394958227579	8.21943197512338	0.0112833740197247	2
"pt_3_eq"	72.2022413724998	16.0821775248652	0.000221342841988931	9
"pt_3_ard"	80.2005757842292	24.0805119365946	4.05741314773836e-06	2
