"AICc"	"Delta_AICc"	"AICcWt"	"K_rates"
"pt_1_eq"	57.8940054179424	0	0.668043411500717	1
"pt_1_ard"	59.8074961513385	1.91349073339608	0.256622925622398	2
"pt_2_eq"	62.5913052685474	4.69729985060503	0.0637968128260946	4
"pt_2_ard"	66.05208473456	8.15807931661758	0.0113057732281057	2
"pt_3_eq"	73.8755709431739	15.9815655252315	0.000226178763392452	9
"pt_3_ard"	81.5405441658607	23.6465387479183	4.89805929160196e-06	2
