"AICc"	"Delta_AICc"	"AICcWt"	"K_rates"
"pt_1_eq"	56.9975291794916	0	0.69617425451369	1
"pt_1_ard"	58.8710248493267	1.87349566983515	0.272830891927394	2
"pt_2_eq"	63.6109791490836	6.6134499695921	0.025505012714445	4
"pt_2_ard"	66.7731402292909	9.77561104979934	0.00524772405763937	2
"pt_3_eq"	72.9576531160793	15.9601239365877	0.00023824351083327	9
"pt_3_ard"	81.1960384066011	24.1985092271096	3.87327599816179e-06	2
