"AICc"	"Delta_AICc"	"AICcWt"	"K_rates"
"pt_1_eq"	57.7912784547254	0	0.687579014382574	1
"pt_1_ard"	59.6339573268753	1.84267887214993	0.273646551835491	2
"pt_2_eq"	64.4047284273168	6.6134499725914	0.0251901177959595	4
"pt_2_ard"	65.6857558176414	7.89447736291595	0.0132757368408519	2
"pt_3_eq"	73.2479122913975	15.4566338366721	0.000302661528538248	9
"pt_3_ard"	81.1172749906681	23.3259965359427	5.91761658508587e-06	2
