"AICc"	"Delta_AICc"	"AICcWt"	"K_rates"
"pt_1_eq"	57.1037910671105	0	0.668170842319272	1
"pt_1_ard"	58.9932704240692	1.88947935695869	0.25977197171516	2
"pt_2_eq"	61.8908763812152	4.78708531410466	0.0610077701616455	4
"pt_2_ard"	65.3500094491684	8.24621838205788	0.0108204158029025	2
"pt_3_eq"	73.0840591963064	15.9802681291959	0.000226368704823629	9
"pt_3_ard"	81.9934362601819	24.8896451930714	2.63129619676329e-06	2
