"AICc"	"Delta_AICc"	"AICcWt"	"K_rates"
"pt_1_eq"	57.1867329474481	0	0.628797787894635	1
"pt_1_ard"	59.0133722878564	1.82663934040824	0.252267505166098	2
"pt_2_eq"	60.8049808521426	3.61824790469443	0.102995548699115	4
"pt_2_ard"	64.5645821003045	7.37784915285631	0.0157192353930845	6
"pt_3_eq"	73.1726256854519	15.9858927380037	0.000212431298116539	9
"pt_3_ard"	79.8623117941087	22.6755788466605	7.49154895172117e-06	12
