"AICc"	"Delta_AICc"	"AICcWt"	"K_rates"
"pt_1_eq"	56.7142638178578	0	0.681069113383072	1
"pt_1_ard"	58.4872482233914	1.7729844055336	0.280667750249729	2
"pt_2_eq"	63.3277137826537	6.61344996479587	0.0249516214155924	4
"pt_2_ard"	64.624264328045	7.91000051018719	0.0130483740741488	2
"pt_3_eq"	72.4720687121325	15.7578048942747	0.000257885740597295	9
"pt_3_ard"	80.2586898581115	23.5444260402537	5.25513686093806e-06	2
