"AICc"	"Delta_AICc"	"AICcWt"	"K_rates"
"pt_1_eq"	52.9019792686123	0	0.703046919383045	1
"pt_1_ard"	54.8583858265681	1.95640655795575	0.264335823178263	2
"pt_2_eq"	59.5051538090647	6.60317454045242	0.0258894710014626	4
"pt_2_ard"	62.2463746169479	9.34439534833557	0.00657468032473815	2
"pt_3_eq"	69.7919923975258	16.8900131289135	0.000151134829010307	9
"pt_3_ard"	78.4709674010358	25.5689881324235	1.97128348140031e-06	2
