"AICc"	"Delta_AICc"	"AICcWt"	"K_rates"
"pt_1_eq"	57.1686307618519	0	0.661028380709029	1
"pt_1_ard"	58.9778988988242	1.80926813697226	0.267511540233024	2
"pt_2_eq"	61.9743759079512	4.80574514609927	0.0597951289468168	4
"pt_2_ard"	65.2842770796824	8.11564631783046	0.0114269387499571	2
"pt_3_eq"	73.0615167287779	15.892885966926	0.0002339503867563	9
"pt_3_ard"	81.1688889717991	24.0002582099472	4.0609744168122e-06	2
