"AICc"	"Delta_AICc"	"AICcWt"	"K_rates"
"pt_1_eq"	56.7371995102918	0	0.705032069922088	1
"pt_1_ard"	58.7657750667591	2.02857555646735	0.255687376529958	2
"pt_2_eq"	63.3403740804988	6.603174570207	0.0259625731292771	4
"pt_2_ard"	64.722101491162	7.98490198087018	0.0130109628806122	2
"pt_3_eq"	72.2592744047537	15.5220748944619	0.000300353802900753	9
"pt_3_ard"	79.8758363248473	23.1386368145555	6.66373516369951e-06	2
