"AICc"	"Delta_AICc"	"AICcWt"	"K_rates"
"pt_1_eq"	57.1213301193241	0	0.630620933953715	1
"pt_1_ard"	58.9916478318072	1.87031771248314	0.24753353980726	2
"pt_2_eq"	60.7621242497005	3.64079413037643	0.102136267569663	4
"pt_2_ard"	64.094643864425	6.97331374510087	0.0192988994485046	2
"pt_3_eq"	71.8354324152263	14.7141022959022	0.000402384892452197	9
"pt_3_ard"	79.6777956990155	22.5564655796915	7.97432840494099e-06	2
