"AICc"	"Delta_AICc"	"AICcWt"	"K_rates"
"pt_1_eq"	55.9598906338655	0	0.67211274334598	1
"pt_1_ard"	57.8081401505954	1.84824951672988	0.266747185999828	2
"pt_2_eq"	61.0963669639126	5.13647633004715	0.0515312249817747	4
"pt_2_ard"	64.4763833476514	8.51649271378594	0.00950843921220148	2
"pt_3_eq"	73.6526128392134	17.6927222053479	9.67200067016105e-05	9
"pt_3_ard"	80.1869236135214	24.2270329796559	3.68645351350506e-06	2
