"AICc"	"Delta_AICc"	"AICcWt"	"K_rates"
"pt_1_eq"	59.1085594470343	0	0.662578907984019	1
"pt_1_ard"	60.9671094602672	1.85855001323284	0.261612565200705	2
"pt_2_eq"	63.8025413316407	4.69398188460637	0.0633800228543749	4
"pt_2_ard"	67.1009429326626	7.99238348562828	0.0121818594440459	2
"pt_3_eq"	74.9233779499583	15.814818502924	0.000243833516912308	9
"pt_3_ard"	83.8492687761617	24.7407093291274	2.81099994280399e-06	2
