"AICc"	"Delta_AICc"	"AICcWt"	"K_rates"
"pt_1_eq"	57.6676434268434	0	0.655542250151924	1
"pt_1_ard"	59.5462815063401	1.87863807949665	0.25624748511648	2
"pt_2_eq"	62.0018976968763	4.33425427003292	0.0750635899992237	4
"pt_2_ard"	65.5074478613678	7.8398044345244	0.0130079477847641	2
"pt_3_eq"	74.6551412421145	16.9874978152711	0.000134218507829481	9
"pt_3_ard"	81.4421772037715	23.7745337769281	4.50843977826432e-06	2
