"AICc"	"Delta_AICc"	"AICcWt"	"K_rates"
"pt_1_eq"	55.0781465344063	0	0.687649087060221	1
"pt_1_ard"	56.8796709724117	1.80152443800537	0.279364237443723	2
"pt_2_eq"	61.6915959935758	6.61344945916949	0.0251926914430678	4
"pt_2_ard"	64.0832766350464	9.00513010064016	0.00761952178318527	2
"pt_3_eq"	71.6562413820279	16.5780948476216	0.000172774368531158	9
"pt_3_ard"	80.9132426003573	25.835096065951	1.68790127137906e-06	2
