"AICc"	"Delta_AICc"	"AICcWt"	"K_rates"
"pt_1_eq"	56.791666358834	0	0.651282452443463	1
"pt_1_ard"	58.6099539204423	1.81828756160829	0.262381523743808	2
"pt_2_eq"	60.9455190667566	4.15385270792258	0.0816153264823627	4
"pt_2_ard"	66.7573992697653	9.96573291093123	0.00446414169982553	2
"pt_3_eq"	72.511091611102	15.719425252268	0.000251385112413488	9
"pt_3_ard"	80.2791179596481	23.487451600814	5.17051812659239e-06	2
