"AICc"	"Delta_AICc"	"AICcWt"	"K_rates"
"pt_1_eq"	56.5662749394287	0	0.665286409661951	1
"pt_1_ard"	58.3866455330782	1.82037059364958	0.267744279047765	2
"pt_2_eq"	61.5404257984451	4.97415085901648	0.0553204261233694	4
"pt_2_ard"	64.6959338244146	8.12965888498592	0.0114202511563714	2
"pt_3_eq"	72.5519734892176	15.985698549789	0.000224780336530422	9
"pt_3_ard"	80.6841668115726	24.1178918721439	3.85367401192066e-06	2
