"AICc"	"Delta_AICc"	"AICcWt"	"K_rates"
"pt_1_eq"	56.9228795321711	0	0.631877432714451	1
"pt_1_ard"	58.9094993327674	1.98661980059627	0.234015075726111	2
"pt_2_eq"	60.1077465394937	3.18486700732261	0.128542801708435	4
"pt_2_ard"	66.5384007134596	9.61552118128847	0.00515999107126144	6
"pt_3_eq"	71.6534908122903	14.7306112801192	0.000399872233039873	9
"pt_3_ard"	80.4875184827991	23.564638950628	4.82654670202929e-06	12
