"AICc"	"Delta_AICc"	"AICcWt"	"K_rates"
"pt_1_eq"	57.3949972995905	0	0.660450364170574	1
"pt_1_ard"	59.1756889390162	1.78069163942564	0.271123965228335	2
"pt_2_eq"	62.3374156459041	4.94241834631357	0.0557965923826142	4
"pt_2_ard"	65.3486403535459	7.95364305395541	0.0123802250460966	2
"pt_3_eq"	73.2009670927593	15.8059697931687	0.000244127921087423	9
"pt_3_ard"	81.0905103155666	23.6955130159761	4.72525129312399e-06	2
