"AICc"	"Delta_AICc"	"AICcWt"	"K_rates"
"pt_1_eq"	56.0411025344105	0	0.698705982411832	1
"pt_1_ard"	57.9380478991391	1.8969453647286	0.27063129118548	2
"pt_2_eq"	62.6545525001867	6.61344996577613	0.0255977650473762	4
"pt_2_ard"	65.9633520536662	9.92224951925565	0.00489446643548631	2
"pt_3_eq"	72.6973063050808	16.6562037706703	0.000168828502464875	9
"pt_3_ard"	81.9337210894602	25.8926185550497	1.66641736100935e-06	2
