"AICc"	"Delta_AICc"	"AICcWt"	"K_rates"
"pt_1_eq"	54.4484715818471	0	0.681491342504662	1
"pt_1_ard"	56.422019981143	1.97354839929591	0.254044474416709	2
"pt_2_eq"	59.4913514487867	5.04287986693961	0.0547536270503829	4
"pt_2_ard"	62.9758701675107	8.52739858566367	0.00958868976696523	2
"pt_3_eq"	71.7677137979732	17.3192422161262	0.00011820468239837	9
"pt_3_ard"	78.7167603487542	24.2682887669071	3.66157888229185e-06	2
