"AICc"	"Delta_AICc"	"AICcWt"	"K_rates"
"pt_1_eq"	57.4745551121691	0	0.642926279533686	1
"pt_1_ard"	59.5596615665376	2.08510645436854	0.226665834841289	2
"pt_2_eq"	60.9496102531221	3.47505514095302	0.113126028804734	4
"pt_2_ard"	64.7478878892022	7.27333277703313	0.0169346814907928	2
"pt_3_eq"	72.5689909070393	15.0944357948702	0.000339192383176879	9
"pt_3_ard"	80.0675106907855	22.5929555786164	7.98294632146673e-06	2
