"AICc"	"Delta_AICc"	"AICcWt"	"K_rates"
"pt_1_eq"	58.2497987475583	0	0.697969080397454	1
"pt_1_ard"	60.2061479693207	1.95634922176236	0.262434150014769	2
"pt_2_eq"	64.8632487201566	6.61344997259824	0.0255707678467722	4
"pt_2_ard"	66.1044061900799	7.85460744252152	0.0137476937544479	2
"pt_3_eq"	73.9480683288405	15.6982695812822	0.00027227029178943	9
"pt_3_ard"	81.5656143581967	23.3158156106383	6.03769476709932e-06	2
