"AICc"	"Delta_AICc"	"AICcWt"	"K_rates"
"pt_1_eq"	54.8811103179312	0	0.703865083839338	1
"pt_1_ard"	56.8375298774522	1.95641955952099	0.264641721203734	2
"pt_2_eq"	61.4842849206007	6.60317460266957	0.0259195988314831	4
"pt_2_ard"	64.6014596599813	9.72034934205018	0.00545434219507723	2
"pt_3_eq"	72.3230496689347	17.4419393510035	0.00011482075945179	9
"pt_3_ard"	78.831564046586	23.9504537286549	4.43317091499619e-06	2
