"AICc"	"Delta_AICc"	"AICcWt"	"K_rates"
"pt_1_eq"	54.5247776003698	0	0.681235349348636	1
"pt_1_ard"	56.3054827617498	1.78070516138004	0.279654596993082	2
"pt_2_eq"	61.12795217637	6.60317457600019	0.0250862666806576	4
"pt_2_ard"	62.3109907041121	7.78621310374228	0.0138848912471772	6
"pt_3_eq"	71.622194244443	17.0974166440732	0.000132020180984737	9
"pt_3_ard"	77.5321607144592	23.0073831140894	6.87554946224654e-06	12
