"AICc"	"Delta_AICc"	"AICcWt"	"K_rates"
"pt_1_eq"	54.5404745083839	0	0.672592042489638	1
"pt_1_ard"	56.4801436021191	1.93966909373518	0.255010423654303	2
"pt_2_eq"	59.2706493501279	4.73017484174395	0.0631840279810407	4
"pt_2_ard"	63.1526355696924	8.61216106130851	0.009070781627186	2
"pt_3_eq"	71.4769343863726	16.9364598779886	0.00014126877877282	9
"pt_3_ard"	80.627606551011	26.0871320426271	1.45546905891885e-06	2
