"AICc"	"Delta_AICc"	"AICcWt"	"K_rates"
"pt_1_eq"	55.4653328521476	0	0.673168276213296	1
"pt_1_ard"	57.3279350528032	1.86260220065557	0.26525569219829	2
"pt_2_eq"	60.5867855655907	5.12145271344307	0.0520013136425248	4
"pt_2_ard"	64.0103739053831	8.54504105323553	0.00938839930579455	2
"pt_3_eq"	71.8852103860364	16.4198775338888	0.000183059612173379	9
"pt_3_ard"	79.9419761504643	24.4766432983167	3.25902792097793e-06	2
