"AICc"	"Delta_AICc"	"AICcWt"	"K_rates"
"pt_1_eq"	54.9703630006092	0	0.657906035882525	1
"pt_1_ard"	56.8342167092345	1.86385370862539	0.259079577671574	2
"pt_2_eq"	59.4407324164195	4.47036941581036	0.0703777674916729	4
"pt_2_ard"	62.9154971830527	7.94513418244352	0.0123851110240321	2
"pt_3_eq"	70.746888390885	15.7765253902758	0.000246794178138333	9
"pt_3_ard"	78.6630293835818	23.6926663829726	4.71375205719082e-06	2
