"AICc"	"Delta_AICc"	"AICcWt"	"K_rates"
"pt_1_eq"	56.7442346021633	0	0.668111332515449	1
"pt_1_ard"	58.7042264001771	1.9599917980138	0.250750626685927	2
"pt_2_eq"	61.2583398514612	4.51410524929788	0.0699235288882115	4
"pt_2_ard"	64.9590977999612	8.21486319779791	0.0109904116686827	2
"pt_3_eq"	72.7776053536924	16.0333707515291	0.000220417776203976	9
"pt_3_ard"	80.9614897950609	24.2172551928976	3.68246552559238e-06	2
