"AICc"	"Delta_AICc"	"AICcWt"	"K_rates"
"pt_1_eq"	57.21021346589	0	0.652676064577579	1
"pt_1_ard"	59.0910547783826	1.88084131249261	0.254846213093979	2
"pt_2_eq"	61.4762548832845	4.2660414173945	0.077328317800896	4
"pt_2_ard"	64.7763551205076	7.5661416546176	0.0148501520798039	2
"pt_3_eq"	72.5981447577227	15.3879312918326	0.00029733830559795	9
"pt_3_ard"	82.6893467790537	25.4791333131637	1.91414214454295e-06	2
