"AICc"	"Delta_AICc"	"AICcWt"	"K_rates"
"pt_1_eq"	56.758633857143	0	0.693679684909101	1
"pt_1_ard"	58.6452140869179	1.88658022977486	0.270080534365387	2
"pt_2_eq"	63.3720838027218	6.61344994557878	0.0254136220652733	4
"pt_2_ard"	65.1181806323256	8.35954677518259	0.0106146690516591	2
"pt_3_eq"	72.9743691713756	16.2157353142325	0.00020890882791223	9
"pt_3_ard"	81.7619811499587	25.0033472928156	2.58078066735999e-06	2
