"AICc"	"Delta_AICc"	"AICcWt"	"K_rates"
"pt_1_eq"	55.8106081246529	0	0.670222288823941	1
"pt_1_ard"	57.722356378387	1.91174825373408	0.257684329017633	2
"pt_2_eq"	60.6680841035465	4.85747597889358	0.0590787584240524	4
"pt_2_ard"	63.7137530229094	7.90314489825649	0.0128846538941126	2
"pt_3_eq"	72.9350628932209	17.124454768568	0.000128141782466888	9
"pt_3_ard"	81.4348293692046	25.6242212445517	1.82805779386203e-06	2
