"AICc"	"Delta_AICc"	"AICcWt"	"K_rates"
"pt_1_eq"	56.4764504604977	0	0.656050342116441	1
"pt_1_ard"	58.5363072656899	2.0598568051922	0.234231308372588	2
"pt_2_eq"	60.314018165318	3.83756770482028	0.0962985897754631	4
"pt_2_ard"	64.3050960020969	7.82864554159912	0.0130908662765537	2
"pt_3_eq"	71.7084445078189	15.2319940473212	0.000323110956352287	9
"pt_3_ard"	79.7547629424037	23.278312481906	5.78250260175836e-06	2
