"AICc"	"Delta_AICc"	"AICcWt"	"K_rates"
"pt_1_eq"	56.1907477698739	0	0.693263808259346	1
"pt_1_ard"	58.0755055647859	1.88475779491192	0.270164681620762	2
"pt_2_eq"	62.8041977295176	6.61344995964361	0.0253983858458307	4
"pt_2_ard"	64.4866413108261	8.2958935409522	0.01095136199874	2
"pt_3_eq"	72.3124953684252	16.1217475985512	0.00021882932370484	9
"pt_3_ard"	80.9370609457015	24.7463131758276	2.93295161623275e-06	2
