"AICc"	"Delta_AICc"	"AICcWt"	"K_rates"
"pt_1_eq"	56.5133523356329	0	0.654658214717373	1
"pt_1_ard"	58.4554514936576	1.94209915802468	0.247909487760767	2
"pt_2_eq"	60.6243153404757	4.11096300484279	0.0838166594150328	4
"pt_2_ard"	64.3016509962634	7.7882986606305	0.0133292912007285	6
"pt_3_eq"	72.018783879763	15.5054315441302	0.000281224363333084	9
"pt_3_ard"	80.0297875741489	23.516435238516	5.12254276509648e-06	12
