"AICc"	"Delta_AICc"	"AICcWt"	"K_rates"
"pt_1_eq"	57.6527544052989	0	0.688953806575514	1
"pt_1_ard"	59.5330535952226	1.8802991899238	0.26908427746135	2
"pt_2_eq"	64.2662043640972	6.61344995879836	0.025240484802876	4
"pt_2_ard"	65.1345461596563	7.48179175435746	0.0163508248797242	2
"pt_3_eq"	72.7330174827187	15.0802630774199	0.000366060260081709	9
"pt_3_ard"	81.510108963236	23.8573545579371	4.5460204533723e-06	2
