"AICc"	"Delta_AICc"	"AICcWt"	"K_rates"
"pt_1_eq"	55.4622212743537	0	0.705297985099791	1
"pt_1_ard"	57.5040649807047	2.04184370635094	0.254092540726929	2
"pt_2_eq"	62.0653958710427	6.60317459668898	0.0259723650239744	4
"pt_2_ard"	63.2390919151214	7.7768706407677	0.0144426418022752	2
"pt_3_eq"	71.908388797629	16.4461675232753	0.000189292209810401	9
"pt_3_ard"	79.1072408975463	23.6450196231925	5.17513722028554e-06	2
