"AICc"	"Delta_AICc"	"AICcWt"	"K_rates"
"pt_1_eq"	57.0516845215551	0	0.643630534901478	1
"pt_1_ard"	59.1545139310074	2.1028294094523	0.224912211099983	2
"pt_2_eq"	60.4736833800782	3.42199885852308	0.11629446066037	4
"pt_2_ard"	64.5838230851267	7.5321385635716	0.0148954467070529	2
"pt_3_eq"	72.6609055735583	15.6092210520032	0.00026250486386903	9
"pt_3_ard"	80.6468852194709	23.5952006979158	4.84176724781079e-06	2
