"AICc"	"Delta_AICc"	"AICcWt"	"K_rates"
"pt_1_eq"	58.402230668382	0	0.664587025292939	1
"pt_1_ard"	60.3618450184209	1.95961435003885	0.249474987116995	2
"pt_2_eq"	62.8446033241013	4.44237265571927	0.0720946259383043	4
"pt_2_ard"	66.16453296775	7.76230229936797	0.0137084808775759	2
"pt_3_eq"	75.4797137365086	17.0774830681266	0.000130083893647781	9
"pt_3_ard"	82.0801412550975	23.6779105867155	4.79688053821688e-06	2
