"AICc"	"Delta_AICc"	"AICcWt"	"K_rates"
"pt_1_eq"	56.7135496274676	0	0.64719194366631	1
"pt_1_ard"	58.7016506228998	1.9881009954322	0.239509341428965	2
"pt_2_eq"	60.4628173698045	3.74926774233695	0.0992864440391164	4
"pt_2_ard"	64.4275932726752	7.71404364520758	0.0136757076554351	2
"pt_3_eq"	71.8800417495093	15.1664921220417	0.000329360249715848	9
"pt_3_ard"	79.5253617884139	22.8118121609463	7.2029604577054e-06	2
