"AICc"	"Delta_AICc"	"AICcWt"	"K_rates"
"pt_1_eq"	56.2552813937726	0	0.693661671104054	1
"pt_1_ard"	58.0998261824651	1.84454478869251	0.275809922447017	2
"pt_2_eq"	62.8687313663823	6.61344997260971	0.0254129617687414	4
"pt_2_ard"	66.1068425706943	9.85156117692171	0.00503394387548962	2
"pt_3_eq"	74.4251132177348	18.1698318239621	7.86355355126158e-05	9
"pt_3_ard"	81.0494360192888	24.7941546255162	2.8652691853568e-06	2
