"AICc"	"Delta_AICc"	"AICcWt"	"K_rates"
"pt_1_eq"	56.6983516057634	0	0.695687900772435	1
"pt_1_ard"	58.562388527309	1.86403692154553	0.273932761574918	2
"pt_2_eq"	63.3118015550695	6.61344994930605	0.0254871949363514	4
"pt_2_ard"	66.6947461605596	9.99639455479614	0.00469596610162622	2
"pt_3_eq"	73.0841067347735	16.38575512901	0.000192438929840341	9
"pt_3_ard"	80.9667316663331	24.2683800605697	3.73768482885941e-06	2
