"AICc"	"Delta_AICc"	"AICcWt"	"K_rates"
"pt_1_eq"	57.6144590994655	0	0.627256319006576	1
"pt_1_ard"	59.6248272071484	2.01036810768293	0.229561554644757	2
"pt_2_eq"	60.8828972664788	3.26843816701332	0.122380638555826	4
"pt_2_ard"	64.4506890282098	6.8362299287443	0.0205577972040707	2
"pt_3_eq"	73.385325660542	15.7708665610765	0.000235963529669078	9
"pt_3_ard"	80.2232235011478	22.6087644016823	7.72705910040919e-06	2
