"AICc"	"Delta_AICc"	"AICcWt"	"K_rates"
"pt_1_eq"	55.983774575555	0	0.621782044729999	1
"pt_1_ard"	57.9330779584384	1.94930338288345	0.234613136388462	2
"pt_2_eq"	59.1888548860744	3.20508031051941	0.125217154451948	4
"pt_2_ard"	63.0677196221997	7.08394504664475	0.0180044166565599	2
"pt_3_eq"	70.804549506788	14.8207749312331	0.000376138502883345	9
"pt_3_ard"	78.7416652013981	22.7578906258431	7.10927014743429e-06	2
