"AICc"	"Delta_AICc"	"AICcWt"	"K_rates"
"pt_1_eq"	53.9135574026463	0	0.669865564315779	1
"pt_1_ard"	55.9971312811932	2.08357387854693	0.236344409316631	2
"pt_2_eq"	58.1085909800244	4.1950335773781	0.0822332937314835	4
"pt_2_ard"	62.0827007280392	8.16914332539291	0.011274069782006	2
"pt_3_eq"	69.4927268802913	15.5791694776451	0.000277340940686453	9
"pt_3_ard"	77.3995562386192	23.4859988359729	5.3219134139851e-06	2
