"AICc"	"Delta_AICc"	"AICcWt"	"K_rates"
"pt_1_eq"	57.6817866116884	0	0.642515939015699	1
"pt_1_ard"	59.5948990260051	1.91311241431666	0.246863466628489	2
"pt_2_eq"	61.5218924791029	3.84010586741453	0.0941923238585586	4
"pt_2_ard"	65.055056636578	7.37327002488964	0.0160989912029168	2
"pt_3_eq"	72.867212395089	15.1854257834006	0.000323899736142347	9
"pt_3_ard"	81.062867916595	23.3810813049066	5.37955819437509e-06	2
