"AICc"	"Delta_AICc"	"AICcWt"	"K_rates"
"pt_1_eq"	57.1287310290326	0	0.682507437299714	1
"pt_1_ard"	59.0154022881724	1.88667125913978	0.265718584187891	2
"pt_2_eq"	62.5807409505632	5.45200992153056	0.0446908357300997	4
"pt_2_ard"	66.3142245903049	9.18549356127226	0.00691039392079767	2
"pt_3_eq"	73.714418485121	16.5856874560884	0.000170832744426691	9
"pt_3_ard"	82.6951868758429	25.5664558468102	1.91611707150323e-06	2
