"AICc"	"Delta_AICc"	"AICcWt"	"K_rates"
"pt_1_eq"	58.1635869835143	0	0.651744556479985	1
"pt_1_ard"	60.0394168190838	1.87582983556947	0.255120959286833	2
"pt_2_eq"	62.400625346831	4.2370383633167	0.0783458906627067	4
"pt_2_ard"	65.7749660343725	7.61137905085815	0.0144973108729609	2
"pt_3_eq"	73.6170043733118	15.4534173897975	0.000287349511433227	9
"pt_3_ard"	82.1995033320947	24.0359163485804	3.9331860819528e-06	2
