"AICc"	"Delta_AICc"	"AICcWt"	"K_rates"
"pt_1_eq"	57.4091619716459	0	0.667277895917654	1
"pt_1_ard"	59.3460248472463	1.93686287560033	0.253350817050949	2
"pt_2_eq"	61.9786250502927	4.56946307864676	0.0679298160579847	4
"pt_2_ard"	65.5816219746433	8.17246000299738	0.0112119098548127	2
"pt_3_eq"	73.389554830005	15.980392858359	0.000226052086624699	9
"pt_3_ard"	81.72040530135	24.3112433297041	3.50903197497774e-06	2
