"AICc"	"Delta_AICc"	"AICcWt"	"K_rates"
"pt_1_eq"	55.4158505756363	0	0.684401709006957	1
"pt_1_ard"	57.177795650041	1.76194507440468	0.283602185782398	2
"pt_2_eq"	62.0190251467682	6.60317457113182	0.0252028668903564	4
"pt_2_ard"	64.734375210215	9.31852463457863	0.00648364415448829	2
"pt_3_eq"	70.844519618171	15.4286690425347	0.00030550489360111	9
"pt_3_ard"	79.4717171959056	24.0558666202693	4.08927219975532e-06	2
