"AICc"	"Delta_AICc"	"AICcWt"	"K_rates"
"pt_1_eq"	56.5278748978939	0	0.695633051235678	1
"pt_1_ard"	58.480111455527	1.95223655763311	0.26209420946778	2
"pt_2_eq"	63.1310495001404	6.60317460224649	0.0256164569599236	4
"pt_2_ard"	64.032282987655	7.50440808976103	0.0163237034550681	2
"pt_3_eq"	71.8646303182336	15.3367554203397	0.000325121794644097	9
"pt_3_ard"	79.4147003623964	22.8868254645025	7.45708690614026e-06	2
