"AICc"	"Delta_AICc"	"AICcWt"	"K_rates"
"pt_1_eq"	59.3055222739494	0	0.666643592055314	1
"pt_1_ard"	61.2257895828138	1.92026730886443	0.255218975451965	2
"pt_2_eq"	63.8900269155896	4.58450464164016	0.0673567578798172	4
"pt_2_ard"	67.6035106037905	8.29798832984109	0.0105198231195518	2
"pt_3_eq"	75.0351615325562	15.7296392586068	0.000256003523494864	9
"pt_3_ard"	82.9684238861939	23.6629016122445	4.84796985741528e-06	2
