"AICc"	"Delta_AICc"	"AICcWt"	"K_rates"
"pt_1_eq"	55.4531146955526	0	0.672838264374342	1
"pt_1_ard"	57.2474531448687	1.79433844931608	0.27433109579788	2
"pt_2_eq"	60.8689869995923	5.41587230403971	0.0448610003558001	4
"pt_2_ard"	64.3737029189307	8.9205882233781	0.00777731271141979	2
"pt_3_eq"	71.8066935865239	16.3535788909713	0.000189136847493246	9
"pt_3_ard"	79.9716478863126	24.51853319076	3.18991306466901e-06	2
