"AICc"	"Delta_AICc"	"AICcWt"	"K_rates"
"pt_1_eq"	59.4001575682421	0	0.700070940329757	1
"pt_1_ard"	61.3695378478084	1.96938027956628	0.261514971290114	2
"pt_2_eq"	66.0136075295952	6.61344996135309	0.0256477716489986	4
"pt_2_ard"	67.4626792993502	8.06252173110807	0.0124276124531785	2
"pt_3_eq"	74.7202024453226	15.3200448770805	0.000329941218777803	9
"pt_3_ard"	81.9769413432271	22.576783774985	8.7630591736953e-06	2
