"AICc"	"Delta_AICc"	"AICcWt"	"K_rates"
"pt_1_eq"	54.5111629097992	0	0.67794590541368	1
"pt_1_ard"	56.3677701485883	1.8566072387891	0.267940215688686	2
"pt_2_eq"	59.8781577601931	5.36699485039388	0.0463198258728	4
"pt_2_ard"	63.4823484716689	8.9711855618697	0.00764058918222277	2
"pt_3_eq"	71.3411646434525	16.8300017336533	0.000150178098239986	9
"pt_3_ard"	78.9856220198345	24.4744591100353	3.28574437091163e-06	2
