"AICc"	"Delta_AICc"	"AICcWt"	"K_rates"
"pt_1_eq"	56.7978411623896	0	0.698597861970291	1
"pt_1_ard"	58.6926017480527	1.8947605856631	0.270885163212332	2
"pt_2_eq"	63.411291131408	6.61344996901843	0.0255938039096168	4
"pt_2_ard"	66.8246126161376	10.026771453748	0.00464452703663997	2
"pt_3_eq"	72.4859296715321	15.6880885091425	0.000273906360048504	9
"pt_3_ard"	80.6004784492827	23.8026372868932	4.7375110717684e-06	2
