"AICc"	"Delta_AICc"	"AICcWt"	"K_rates"
"pt_1_eq"	57.060198366348	0	0.689822128851152	1
"pt_1_ard"	58.9463245270695	1.8861261607215	0.268639598758402	2
"pt_2_eq"	63.6736483290504	6.61344996270248	0.0252722965745867	4
"pt_2_ard"	64.5960864669039	7.53588810055594	0.0159345503515304	2
"pt_3_eq"	72.3804872728446	15.3202889064966	0.00032507132045853	9
"pt_3_ard"	80.2503621284587	23.1901637621107	6.35414386994502e-06	2
