"AICc"	"Delta_AICc"	"AICcWt"	"K_rates"
"pt_1_eq"	56.9337706678503	0	0.67515973742233	1
"pt_1_ard"	58.8231528297446	1.88938216189428	0.262501876338348	2
"pt_2_eq"	62.0538065574817	5.12003588963145	0.0521921116729699	4
"pt_2_ard"	65.3547998049227	8.42102913707242	0.010018513610352	2
"pt_3_eq"	74.1423518462228	17.2085811783725	0.000123768638061331	9
"pt_3_ard"	81.0104358491294	24.0766651812791	3.99231793874279e-06	2
