"AICc"	"Delta_AICc"	"AICcWt"	"K_rates"
"pt_1_eq"	55.8195880920223	0	0.686726056269931	1
"pt_1_ard"	57.7015978293279	1.8820097373056	0.267984887886079	2
"pt_2_eq"	61.4781977904097	5.65860969838734	0.0405538455118202	4
"pt_2_ard"	65.8387520913158	10.0191639992935	0.0045829984138939	2
"pt_3_eq"	72.6817390664346	16.8621509744123	0.000149697299352438	9
"pt_3_ard"	80.8547270271472	25.0351389351249	2.5146189232704e-06	2
