"AICc"	"Delta_AICc"	"AICcWt"	"K_rates"
"pt_1_eq"	56.6796797527915	0	0.698641506441944	1
"pt_1_ard"	58.599481016735	1.91980126394346	0.267531445415028	2
"pt_2_eq"	63.2931297222366	6.61344996944503	0.0255954028613114	4
"pt_2_ard"	65.6096722945077	8.92999254171616	0.0080376879505392	2
"pt_3_eq"	73.0702632135535	16.390583460762	0.000192789957459375	9
"pt_3_ard"	83.2839527177391	26.6042729649475	1.16737371870507e-06	2
