"AICc"	"Delta_AICc"	"AICcWt"	"K_rates"
"pt_1_eq"	56.3055960864832	0	0.666920085390961	1
"pt_1_ard"	58.1923694029236	1.88677331644036	0.259636757725393	2
"pt_2_eq"	60.8483732300155	4.54277714353233	0.0688053604185031	4
"pt_2_ard"	66.3528162143085	10.0472201278253	0.00438881896675006	2
"pt_3_eq"	72.1255059543707	15.8199098678875	0.000244807104475774	9
"pt_3_ard"	80.2704261065487	23.9648300200655	4.1703939162568e-06	2
