"AICc"	"Delta_AICc"	"AICcWt"	"K_rates"
"pt_1_eq"	57.6519153540983	0	0.646139094437027	1
"pt_1_ard"	59.7127015740276	2.0607862199293	0.230585490936523	2
"pt_2_eq"	61.2570467503244	3.60513139622609	0.106532393045974	4
"pt_2_ard"	64.9994974208241	7.34758206672576	0.0163990558607818	6
"pt_3_eq"	72.7729861570822	15.1210708029839	0.000336377713048358	9
"pt_3_ard"	80.3563176503403	22.704402296242	7.58800664602613e-06	12
