"AICc"	"Delta_AICc"	"AICcWt"	"K_rates"
"pt_1_eq"	57.4006948770809	0	0.675420782518605	1
"pt_1_ard"	59.1714685452815	1.77077366820057	0.278647918504592	2
"pt_2_eq"	64.0038694644955	6.60317458741456	0.024872147036145	4
"pt_2_ard"	64.3719178707693	6.97122299368837	0.0206915288314449	6
"pt_3_eq"	72.4649782439103	15.0642833668293	0.000361748592149843	9
"pt_3_ard"	80.7056294819195	23.3049346048386	5.8745170636696e-06	12
