"AICc"	"Delta_AICc"	"AICcWt"	"K_rates"
"pt_1_eq"	56.5664771150574	0	0.634906965962158	1
"pt_1_ard"	58.5885795935413	2.02210247848384	0.231002201001465	2
"pt_2_eq"	59.9492129819365	3.38273586687912	0.116992583561296	4
"pt_2_ard"	63.8405339072401	7.27405679218267	0.0167173998094116	2
"pt_3_eq"	71.4375124995942	14.8710353845368	0.000374546538868004	9
"pt_3_ard"	79.6068529726913	23.0403758576339	6.30312680186164e-06	2
