"AICc"	"Delta_AICc"	"AICcWt"	"K_rates"
"pt_1_eq"	54.9081457912489	0	0.670816715906978	1
"pt_1_ard"	56.808892874941	1.90074708369206	0.25933545252133	2
"pt_2_eq"	59.7416268216729	4.83348103042401	0.0598448532280233	4
"pt_2_ard"	63.3441210802845	8.43597528903555	0.00987995843217542	2
"pt_3_eq"	72.1860788786647	17.2779330874158	0.000118781382807459	9
"pt_3_ard"	78.852215845535	23.944070054286	4.23852868529784e-06	2
