"AICc"	"Delta_AICc"	"AICcWt"	"K_rates"
"pt_1_eq"	56.7736623953213	0	0.695069381477274	1
"pt_1_ard"	58.636604868535	1.86294247321374	0.273839024916938	2
"pt_2_eq"	63.3871123673901	6.61344997206889	0.0254645345976331	4
"pt_2_ard"	66.4812934727477	9.70763107742647	0.00542054373934782	2
"pt_3_eq"	73.0607461168225	16.2870837215012	0.000201991393140358	9
"pt_3_ard"	80.6584581435368	23.8847957482156	4.5238756671071e-06	2
