"AICc"	"Delta_AICc"	"AICcWt"	"K_rates"
"pt_1_eq"	57.2416468083734	0	0.667993643887207	1
"pt_1_ard"	59.2198148455412	1.97816803716788	0.248438328520538	2
"pt_2_eq"	61.7103725755357	4.46872576716238	0.0715156119467765	4
"pt_2_ard"	65.3118562746536	8.07020946628023	0.0118126846590796	2
"pt_3_eq"	73.1221561099796	15.8805093016063	0.000237883078589871	9
"pt_3_ard"	82.8376065135051	25.5959597051318	1.84790780844262e-06	2
