"AICc"	"Delta_AICc"	"AICcWt"	"K_rates"
"pt_1_eq"	58.6116150926401	0	0.69173775477815	1
"pt_1_ard"	60.5356175310492	1.92400243840908	0.264331949429469	2
"pt_2_eq"	65.2250650652552	6.61344997261507	0.025342477245637	4
"pt_2_ard"	65.8850080632865	7.2733929706464	0.0182198276314689	2
"pt_3_eq"	73.7202694028267	15.1086543101866	0.000362358857769035	9
"pt_3_ard"	82.0485898251099	23.4369747324697	5.63205750638956e-06	2
