"AICc"	"Delta_AICc"	"AICcWt"	"K_rates"
"pt_1_eq"	59.0952617113497	0	0.663406964324619	1
"pt_1_ard"	60.9568685299661	1.86160681861644	0.261539471584605	2
"pt_2_eq"	63.587238287956	4.49197657660632	0.0702036522534921	4
"pt_2_ard"	69.0504204000036	9.95515868865397	0.00457135326376646	2
"pt_3_eq"	74.6794996207089	15.5842379093593	0.000273971736247778	9
"pt_3_ard"	82.8591680413397	23.76390632999	4.58683726877168e-06	2
