"AICc"	"Delta_AICc"	"AICcWt"	"K_rates"
"pt_1_eq"	56.0468559069651	0	0.675173336652265	1
"pt_1_ard"	57.9822673748948	1.93541146792973	0.256534643785513	2
"pt_2_eq"	60.7964641688687	4.74960826190363	0.0628132049952198	4
"pt_2_ard"	65.7654887420076	9.71863283504255	0.00523649842483162	6
"pt_3_eq"	71.9425295185613	15.8956736115963	0.000238623721948162	9
"pt_3_ard"	80.2797411110516	24.2328852040866	3.69242022241341e-06	12
