"AICc"	"Delta_AICc"	"AICcWt"	"K_rates"
"pt_1_eq"	55.3841920316362	0	0.70827308288221	1
"pt_1_ard"	57.388476216726	2.00428418508981	0.260001561578159	2
"pt_2_eq"	61.9873666185503	6.60317458691416	0.0260819221432713	4
"pt_2_ard"	65.1358637172944	9.75167168565822	0.00540321359519213	2
"pt_3_eq"	71.3974452706277	16.0132532389915	0.000236029875732087	9
"pt_3_ard"	79.4599961730003	24.0758041413642	4.18992543533233e-06	2
