"AICc"	"Delta_AICc"	"AICcWt"	"K_rates"
"pt_1_eq"	56.687079330846	0	0.656949588004612	1
"pt_1_ard"	58.6713938239499	1.98431449310384	0.243581122356674	2
"pt_2_eq"	60.7528184426026	4.06573911175658	0.0860335837783946	4
"pt_2_ard"	64.5125877263033	7.82550839545726	0.0131293881419549	2
"pt_3_eq"	72.0533429386069	15.3662636077608	0.00030254522186179	9
"pt_3_ard"	80.8223304895767	24.1352511587307	3.77249650255837e-06	2
