"AICc"	"Delta_AICc"	"AICcWt"	"K_rates"
"pt_1_eq"	58.5537023726118	0	0.651215507062498	1
"pt_1_ard"	60.3892428994462	1.83554052683432	0.260101090234766	2
"pt_2_eq"	62.6654105791855	4.11170820657367	0.0833448253740368	4
"pt_2_ard"	68.2807187686319	9.72701639602004	0.00502955961933815	2
"pt_3_eq"	73.8964287721301	15.3427263995182	0.000303454811056614	9
"pt_3_ard"	81.8946556848508	23.3409533122389	5.56289830501152e-06	2
