"AICc"	"Delta_AICc"	"AICcWt"	"K_rates"
"pt_1_eq"	55.4521159412071	0	0.690972951909093	1
"pt_1_ard"	57.2746404127577	1.8225244715506	0.277782502902408	2
"pt_2_eq"	62.0655659138585	6.61344997265142	0.025314457957271	4
"pt_2_ard"	65.0344878829696	9.58237194176243	0.00573687541148846	2
"pt_3_eq"	71.842406441362	16.3902905001548	0.000190701753665756	9
"pt_3_ard"	80.503209704977	25.0510937637699	2.51006607298732e-06	2
