"AICc"	"Delta_AICc"	"AICcWt"	"K_rates"
"pt_1_eq"	57.5186671421822	0	0.64613915952975	1
"pt_1_ard"	59.5068015373103	1.98813439512809	0.239115739462988	2
"pt_2_eq"	61.2669214548064	3.74825431262423	0.0991751760456835	4
"pt_2_ard"	65.0143683639272	7.49570122174497	0.0152284332186962	2
"pt_3_eq"	72.6500084171104	15.1313412749282	0.000334654795496488	9
"pt_3_ard"	80.4315248090177	22.9128576668355	6.83694738569363e-06	2
