"AICc"	"Delta_AICc"	"AICcWt"	"K_rates"
"pt_1_eq"	57.0171839569726	0	0.69174345370042	1
"pt_1_ard"	58.8465725554854	1.82938859851285	0.277139462987982	2
"pt_2_eq"	63.6306339074093	6.61344995043676	0.0253426863121587	4
"pt_2_ard"	66.6649639695242	9.64778001255161	0.00555848255337206	2
"pt_3_eq"	73.1938836986829	16.1766997417104	0.000212431708162462	9
"pt_3_ard"	81.4154873483285	24.3983033913559	3.48273790419649e-06	2
