"AICc"	"Delta_AICc"	"AICcWt"	"K_rates"
"pt_1_eq"	57.5584980833204	0	0.626455672654521	1
"pt_1_ard"	59.4080830631783	1.84958497985796	0.248460909657238	2
"pt_2_eq"	61.0547106204223	3.49621253710192	0.109068022731306	4
"pt_2_ard"	64.9311172676602	7.37261918433985	0.015701691190918	2
"pt_3_eq"	72.7941941798842	15.2356960965638	0.000307964725429939	9
"pt_3_ard"	80.759580574615	23.2010824912946	5.73904058691542e-06	2
