"AICc"	"Delta_AICc"	"AICcWt"	"K_rates"
"pt_1_eq"	56.4336635003579	0	0.653286421597658	1
"pt_1_ard"	58.3934626200121	1.95979911965418	0.245210272479856	2
"pt_2_eq"	60.4459112056467	4.01224770528879	0.0878729309658455	4
"pt_2_ard"	64.2210879201327	7.78742441977475	0.0133071761173465	2
"pt_3_eq"	71.7027713032921	15.2691078029341	0.000315834087079326	9
"pt_3_ard"	79.2197945614369	22.7861310610789	7.36475221485238e-06	2
