"AICc"	"Delta_AICc"	"AICcWt"	"K_rates"
"pt_1_eq"	55.7715427152967	0	0.669145121079846	1
"pt_1_ard"	57.6188322821336	1.84728956683696	0.265696897389029	2
"pt_2_eq"	60.7947089004696	5.02316618517295	0.0542942249302919	4
"pt_2_ard"	64.0515645537697	8.28002183847307	0.0106545820573861	2
"pt_3_eq"	71.9316476340082	16.1601049187115	0.000207203992417048	9
"pt_3_ard"	81.2424287625878	25.4708860472911	1.97055103006675e-06	2
