"AICc"	"Delta_AICc"	"AICcWt"	"K_rates"
"pt_1_eq"	57.4376961198313	0	0.668111485504831	1
"pt_1_ard"	59.4110887941511	1.97339267431975	0.249076160938497	2
"pt_2_eq"	61.9062533040894	4.4685571842581	0.0715342575801638	4
"pt_2_ard"	65.642694427878	8.20499830804663	0.0110447577105273	2
"pt_3_eq"	73.3931221902806	15.9554260704492	0.000229177611232374	9
"pt_3_ard"	81.4107718793113	23.97307575948	4.16065474836257e-06	2
