"AICc"	"Delta_AICc"	"AICcWt"	"K_rates"
"pt_1_eq"	55.0080434909467	0	0.685357319781286	1
"pt_1_ard"	56.8123663923152	1.80432290136845	0.278043864243129	2
"pt_2_eq"	61.6112180935965	6.60317460264976	0.0252380565437767	4
"pt_2_ard"	63.2289048593124	8.2208613683657	0.0112403462909291	2
"pt_3_eq"	72.3493164912136	17.3412730002669	0.000117572964558386	9
"pt_3_ard"	79.7957024528394	24.7876589618927	2.84017632073315e-06	2
