"AICc"	"Delta_AICc"	"AICcWt"	"K_rates"
"pt_1_eq"	54.4898602588812	0	0.679413496992526	1
"pt_1_ard"	56.416377967429	1.92651770854779	0.259296207702462	2
"pt_2_eq"	59.624583009452	5.13472275057086	0.0521366703304653	4
"pt_2_ard"	63.1447477266942	8.65488746781303	0.00896910763343581	2
"pt_3_eq"	70.9426347829945	16.4527745241134	0.000181743788270696	9
"pt_3_ard"	79.3075724362782	24.8177121773971	2.77355283941395e-06	2
