"AICc"	"Delta_AICc"	"AICcWt"	"K_rates"
"pt_1_eq"	56.9228794976078	0	0.624590847932944	1
"pt_1_ard"	58.9094993449094	1.98661984730168	0.231316492085577	2
"pt_2_eq"	60.1077420285461	3.1848625309383	0.127060776434151	4
"pt_2_ard"	64.1687654464815	7.24588594887377	0.0166790562837924	2
"pt_3_eq"	71.9156130043302	14.9927335067224	0.00034670882882326	9
"pt_3_ard"	79.9899710438823	23.0670915462745	6.11843471263659e-06	2
