"AICc"	"Delta_AICc"	"AICcWt"	"K_rates"
"pt_1_eq"	57.3435036598268	0	0.617404278924979	1
"pt_1_ard"	59.2390731230465	1.89556946321971	0.239305100991205	2
"pt_2_eq"	60.5719495219677	3.22844586214092	0.122891408970511	4
"pt_2_ard"	64.2066418289786	6.86313816915181	0.0199644852591924	2
"pt_3_eq"	71.9042551549443	14.5607514951175	0.000425346263146975	9
"pt_3_ard"	79.5329899930676	22.1894863332408	9.37959096534548e-06	2
