"AICc"	"Delta_AICc"	"AICcWt"	"K_rates"
"pt_1_eq"	55.2974801530751	0	0.6731932479311	1
"pt_1_ard"	57.1302260222766	1.83274586920147	0.26925516475401	2
"pt_2_eq"	60.5706937972654	5.2732136441903	0.0482032097112912	4
"pt_2_ard"	63.8711903310738	8.57371017799866	0.00925512399404861	2
"pt_3_eq"	73.1069748467757	17.8094946937005	9.13812545145455e-05	9
"pt_3_ard"	80.8826615437929	25.5851813907178	1.87235503604216e-06	2
