"AICc"	"Delta_AICc"	"AICcWt"	"K_rates"
"pt_1_eq"	54.8886642598425	0	0.659372393082426	1
"pt_1_ard"	56.766903002698	1.87823874285553	0.257796133313788	2
"pt_2_eq"	59.3808370020513	4.49217274220887	0.0697698586448649	4
"pt_2_ard"	62.7721446677786	7.88348040793615	0.0128013195962581	2
"pt_3_eq"	70.6096306826211	15.7209664227786	0.000254311662008239	9
"pt_3_ard"	78.1086733138461	23.2200090540037	5.98370065397206e-06	2
