"AICc"	"Delta_AICc"	"AICcWt"	"K_rates"
"pt_1_eq"	55.567930931483	0	0.65391809412783	1
"pt_1_ard"	57.4833579353715	1.91542700388852	0.250953735978772	2
"pt_2_eq"	59.7108152565861	4.14288432510312	0.0823962513640636	4
"pt_2_ard"	63.4919807438661	7.92404981238313	0.0124404990004885	6
"pt_3_eq"	71.0438633458579	15.4759324143749	0.000285080380422007	9
"pt_3_ard"	78.6559168169488	23.0879858854659	6.33914842450832e-06	12
