"AICc"	"Delta_AICc"	"AICcWt"	"K_rates"
"pt_1_eq"	57.0643920998477	0	0.675081646763775	1
"pt_1_ard"	58.9144909131077	1.85009881325993	0.267677857995134	2
"pt_2_eq"	62.1769561274977	5.11256402765	0.0523814032172742	4
"pt_2_ard"	67.0182219660677	9.95382986621999	0.00465489199541794	2
"pt_3_eq"	73.306655531794	16.2422634319462	0.00020062895452845	9
"pt_3_ard"	81.3638372323854	24.2994451325377	3.571073869853e-06	2
