"AICc"	"Delta_AICc"	"AICcWt"	"K_rates"
"pt_1_eq"	56.5049556499452	0	0.635317363550861	1
"pt_1_ard"	58.3166336403037	1.81167799035853	0.256796942086462	2
"pt_2_eq"	60.3640648814588	3.85910923151359	0.092256251116412	4
"pt_2_ard"	63.9621395038434	7.45718385389822	0.0152645436752957	2
"pt_3_eq"	71.4613381689407	14.9563825189955	0.000359131522252643	9
"pt_3_ard"	79.724047834476	23.2190921845308	5.76804871612955e-06	2
