"AICc"	"Delta_AICc"	"AICcWt"	"K_rates"
"pt_1_eq"	55.8110133502721	0	0.657441178548962	1
"pt_1_ard"	57.7914049637421	1.98039161346995	0.244241988758036	2
"pt_2_eq"	59.7305103091623	3.9194969588902	0.0926294215326386	4
"pt_2_ard"	65.4244036681136	9.61339031784151	0.00537447093701433	2
"pt_3_eq"	71.1440767233288	15.3330633730567	0.000307839606809592	9
"pt_3_ard"	79.3445116586649	23.5334983083928	5.10061653965831e-06	2
