"AICc"	"Delta_AICc"	"AICcWt"	"K_rates"
"pt_1_eq"	57.7671533844448	0	0.609492241953447	1
"pt_1_ard"	59.7155015305125	1.94834814606772	0.23008576880637	2
"pt_2_eq"	60.6964896252085	2.92933624076365	0.140886992854936	4
"pt_2_ard"	64.675464883588	6.9083114991432	0.0192684775046914	2
"pt_3_eq"	73.2996503946103	15.5324970101654	0.000258302917281369	9
"pt_3_ard"	80.1957583779237	22.4286049934789	8.21596327385908e-06	2
