"AICc"	"Delta_AICc"	"AICcWt"	"K_rates"
"pt_1_eq"	58.2458514978884	0	0.693655705713451	1
"pt_1_ard"	60.0899093150652	1.8440578171768	0.275874713908146	2
"pt_2_eq"	64.8593014623528	6.61344996446436	0.0254127433244232	4
"pt_2_ard"	68.2151266978425	9.96927519995406	0.0047461707553232	2
"pt_3_eq"	73.6796638758775	15.433812377989	0.000308840457910428	9
"pt_3_ard"	83.9412324003364	25.695380902448	1.82584074635798e-06	2
