"AICc"	"Delta_AICc"	"AICcWt"	"K_rates"
"pt_1_eq"	57.3896380382901	0	0.680670693269371	1
"pt_1_ard"	59.2450432409522	1.85540520266213	0.269178848874986	2
"pt_2_eq"	63.9928126220834	6.60317458379331	0.0250654733094145	4
"pt_2_ard"	64.0314233701293	6.64178533183919	0.0245862159778739	2
"pt_3_eq"	71.8522795898766	14.4626415515865	0.000492509194218948	9
"pt_3_ard"	80.5831454439635	23.1935074056734	6.25937413612677e-06	2
