"AICc"	"Delta_AICc"	"AICcWt"	"K_rates"
"pt_1_eq"	55.6066570681544	0	0.66214035157329	1
"pt_1_ard"	57.4663642911618	1.85970722300738	0.261288179284154	2
"pt_2_eq"	60.0809854896376	4.47432842148318	0.0706906513393404	4
"pt_2_ard"	65.1135846501426	9.50692758198817	0.00570882802998104	2
"pt_3_eq"	72.1385219833629	16.5318649152085	0.000170255519807977	9
"pt_3_ard"	81.3119686779218	25.7053116097674	1.73425342639745e-06	2
