"AICc"	"Delta_AICc"	"AICcWt"	"K_rates"
"pt_1_eq"	56.5205785936972	0	0.673261715445414	1
"pt_1_ard"	58.3718553163935	1.85127672269629	0.266799054857519	2
"pt_2_eq"	61.6742127017254	5.15363410802821	0.0511783749648133	4
"pt_2_ard"	65.2513510955356	8.73077250183841	0.00855698477296187	2
"pt_3_eq"	72.7423813813247	16.2218027876275	0.000202145557186397	9
"pt_3_ard"	82.2705966478382	25.750018054141	1.72440210530586e-06	2
