"AICc"	"Delta_AICc"	"AICcWt"	"K_rates"
"pt_1_eq"	57.1797811412556	0	0.659327124812074	1
"pt_1_ard"	59.0081485700361	1.82836742878046	0.264287121267596	2
"pt_2_eq"	61.8650280540573	4.68524691280167	0.0633450236690848	4
"pt_2_ard"	65.0656315058441	7.88585036458846	0.0127852814785658	2
"pt_3_eq"	72.9312405948522	15.7514594535966	0.000250446508623244	9
"pt_3_ard"	80.7579500708817	23.5781689296261	5.00226405665727e-06	2
