"AICc"	"Delta_AICc"	"AICcWt"	"K_rates"
"pt_1_eq"	57.5163418488786	0	0.693713901164255	1
"pt_1_ard"	59.4115574515913	1.89521560271261	0.268930189677217	2
"pt_2_eq"	64.1297918207481	6.61344997186941	0.0254148752765852	4
"pt_2_ard"	65.6623948586189	8.14605300974024	0.011811021541502	2
"pt_3_eq"	74.7451872547489	17.2288454058703	0.00012588794745806	9
"pt_3_ard"	81.5821339593325	24.0657921104538	4.12439298210247e-06	2
