"AICc"	"Delta_AICc"	"AICcWt"	"K_rates"
"pt_1_eq"	54.5657118022498	0	0.665706984908328	1
"pt_1_ard"	56.5300912995385	1.96437949728874	0.249300715979275	2
"pt_2_eq"	58.9846467146889	4.41893491243916	0.0730673891901921	4
"pt_2_ard"	62.6514154484368	8.08570364618706	0.0116813994720478	6
"pt_3_eq"	70.417363385313	15.8516515830632	0.000240514192091176	9
"pt_3_ard"	79.1881931849344	24.6224813826846	2.99625806592101e-06	12
