"AICc"	"Delta_AICc"	"AICcWt"	"K_rates"
"pt_1_eq"	56.3250102724481	0	0.656626597110446	1
"pt_1_ard"	58.2086192122726	1.88360893982448	0.256034203163158	2
"pt_2_eq"	60.6581839039017	4.3331736314536	0.0752283907177001	4
"pt_2_ard"	64.357750552155	8.03274027970689	0.0118312622541579	2
"pt_3_eq"	71.8863055815167	15.5612953090686	0.00027430020245478	9
"pt_3_ard"	79.7996096241882	23.4745993517401	5.24655208262947e-06	2
