"AICc"	"Delta_AICc"	"AICcWt"	"K_rates"
"pt_1_eq"	55.2716976619323	0	0.689834099565047	1
"pt_1_ard"	57.1307227809444	1.85902511901212	0.272309305761898	2
"pt_2_eq"	61.8748719411981	6.60317427926578	0.0254029165855751	4
"pt_2_ard"	63.3240106471693	8.05231298523704	0.0123085561272759	6
"pt_3_eq"	72.2487257816862	16.9770281197539	0.000141980873146043	9
"pt_3_ard"	79.8709726127484	24.5992749508161	3.14108705806286e-06	12
