"AICc"	"Delta_AICc"	"AICcWt"	"K_rates"
"pt_1_eq"	56.6431069294387	0	0.685876158772668	1
"pt_1_ard"	58.5199787055709	1.87687177613223	0.268341707621937	2
"pt_2_eq"	63.2462815014803	6.60317457204165	0.0252571630045083	4
"pt_2_ard"	63.7033458152656	7.06023888582689	0.0200971425234224	6
"pt_3_eq"	71.4267511156161	14.7836441861774	0.000422686289178225	9
"pt_3_ard"	80.2452097879319	23.6021028584932	5.14178828636703e-06	12
