"AICc"	"Delta_AICc"	"AICcWt"	"K_rates"
"pt_1_eq"	56.150907726357	0	0.698499036000064	1
"pt_1_ard"	58.1585857791422	2.00767805278521	0.255978836772104	2
"pt_2_eq"	62.75408232819	6.60317460183298	0.0257219959059726	4
"pt_2_ard"	63.3188415926899	7.16793386633291	0.0193940606169558	2
"pt_3_eq"	71.086592764396	14.935685038039	0.000398954174157615	9
"pt_3_ard"	79.1394451778428	22.9885374514858	7.11653074552862e-06	2
