"AICc"	"Delta_AICc"	"AICcWt"	"K_rates"
"pt_1_eq"	54.9300749363673	0	0.673593685966865	1
"pt_1_ard"	56.8737636216591	1.94368868529178	0.254877425855479	2
"pt_2_eq"	59.5331722196412	4.60309728327391	0.0674292194979589	4
"pt_2_ard"	65.249140699556	10.3190657631887	0.00386937969136404	2
"pt_3_eq"	70.9393863488316	16.0093114124643	0.000224915924181888	9
"pt_3_ard"	78.4080429703621	23.4779680339948	5.37306415162599e-06	2
