"AICc"	"Delta_AICc"	"AICcWt"	"K_rates"
"pt_1_eq"	56.0414472355854	0	0.668037084293575	1
"pt_1_ard"	57.8643263789921	1.82287914340666	0.268514285050677	2
"pt_2_eq"	61.0525183453994	5.01107110981395	0.0545331150367143	4
"pt_2_ard"	64.7202372762705	8.67879004068512	0.00871415458221912	2
"pt_3_eq"	72.2920785102523	16.2506312746668	0.000197706444903112	9
"pt_3_ard"	80.2736762986025	24.2322290630171	3.6545919116135e-06	2
