"AICc"	"Delta_AICc"	"AICcWt"	"K_rates"
"pt_1_eq"	57.3200237954141	0	0.693850212990849	1
"pt_1_ard"	59.1660663429196	1.84604254750555	0.275678362260054	2
"pt_2_eq"	63.9334737337942	6.61344993838014	0.0254198696169648	4
"pt_2_ard"	67.2783360020003	9.95831220658626	0.00477359649268317	2
"pt_3_eq"	73.0051888319962	15.6851650365822	0.000272442849765774	9
"pt_3_ard"	80.8048169033167	23.4847931079026	5.5157896838187e-06	2
