"AICc"	"Delta_AICc"	"AICcWt"	"K_rates"
"pt_1_eq"	57.4116974254295	0	0.641472011597667	1
"pt_1_ard"	59.3915630259543	1.9798656005248	0.238372065454757	2
"pt_2_eq"	61.0670250048065	3.65532757937701	0.103141492979928	4
"pt_2_ard"	64.700442280698	7.28874485526845	0.0167666723239147	2
"pt_3_eq"	73.1962056311173	15.7845082056878	0.000239670899353384	9
"pt_3_ard"	79.9742866406597	22.5625892152302	8.08674437991826e-06	2
