"AICc"	"Delta_AICc"	"AICcWt"	"K_rates"
"pt_1_eq"	56.3836016848347	0	0.649992507857694	1
"pt_1_ard"	58.4194446551399	2.03584297030514	0.234871686774278	2
"pt_2_eq"	60.1063338786058	3.72273219377104	0.101047907853692	4
"pt_2_ard"	64.0918037673056	7.70820208247089	0.0137750611635609	6
"pt_3_eq"	71.7029888250064	15.3193871401717	0.000306440173965468	9
"pt_3_ard"	79.4416330386936	23.0580313538589	6.39617681047111e-06	12
