"AICc"	"Delta_AICc"	"AICcWt"	"K_rates"
"pt_1_eq"	58.1473667078116	0	0.707556133525928	1
"pt_1_ard"	60.1341051731325	1.9867384653209	0.26202704781882	2
"pt_2_eq"	64.7608166804423	6.61344997263072	0.0259219987486475	4
"pt_2_ard"	68.3210139988009	10.1736472909893	0.00437100658127512	2
"pt_3_eq"	75.5131691783216	17.36580247051	0.000119901552563552	9
"pt_3_ard"	82.3585298715755	24.2111631637639	3.91177276622803e-06	2
