"AICc"	"Delta_AICc"	"AICcWt"	"K_rates"
"pt_1_eq"	57.8825038422354	0	0.674187240026618	1
"pt_1_ard"	59.7776384577276	1.89513461549213	0.261370925464934	2
"pt_2_eq"	62.8862292110557	5.00372536882029	0.0552376724328893	4
"pt_2_ard"	66.5163760384511	8.63387219621566	0.00899412672697622	2
"pt_3_eq"	74.062972011339	16.1804681691035	0.000206650522824807	9
"pt_3_ard"	82.286425292736	24.4039214505005	3.38482575786347e-06	2
