"AICc"	"Delta_AICc"	"AICcWt"	"K_rates"
"pt_1_eq"	59.6479423039307	0	0.702941487686248	1
"pt_1_ard"	61.742697103151	2.09475479922029	0.246631731002066	2
"pt_2_eq"	66.2613922750597	6.61344997112901	0.0257529367840458	4
"pt_2_ard"	66.3872801692621	6.73933786533136	0.0241819073497265	2
"pt_3_eq"	74.2077442912636	14.5598019873329	0.000484505092132319	9
"pt_3_ard"	82.5623870868361	22.9144447829054	7.43208578104648e-06	2
