"AICc"	"Delta_AICc"	"AICcWt"	"K_rates"
"pt_1_eq"	55.8552754961537	0	0.702097424073482	1
"pt_1_ard"	57.8406509750145	1.98537547886082	0.260182793443885	2
"pt_2_eq"	62.4584500613504	6.60317456519667	0.0258545058298751	4
"pt_2_ard"	64.0626157880221	8.20734029186838	0.0115930065095369	2
"pt_3_eq"	71.6013768060139	15.7461013098602	0.000267408325498198	9
"pt_3_ard"	79.6161056342055	23.7608301380518	4.86181772310078e-06	2
