"AICc"	"Delta_AICc"	"AICcWt"	"K_rates"
"pt_1_eq"	57.2508514067507	0	0.68602020977494	1
"pt_1_ard"	59.0727827994908	1.82193139274009	0.275873214172643	2
"pt_2_eq"	63.8642994537534	6.61344804700272	0.0251330336894398	4
"pt_2_ard"	65.204927998221	7.95407659147025	0.0128567477708656	2
"pt_3_eq"	74.6914241592283	17.4405727524776	0.000111986238179542	9
"pt_3_ard"	80.9874665248851	23.7366151181344	4.80835393128775e-06	2
