"AICc"	"Delta_AICc"	"AICcWt"	"K_rates"
"pt_1_eq"	54.0073074723418	0	0.672875689864682	1
"pt_1_ard"	55.9462064982374	1.93889902589557	0.255216215339129	2
"pt_2_eq"	58.6002824071531	4.5929749348113	0.0676991168461337	4
"pt_2_ard"	64.2183589560721	10.2110514837303	0.00407974652501694	6
"pt_3_eq"	71.2032584206714	17.1959509483296	0.000124131365861973	9
"pt_3_ard"	77.5874349487513	23.5801274764095	5.10005917654648e-06	12
