"AICc"	"Delta_AICc"	"AICcWt"	"K_rates"
"pt_1_eq"	55.5873657534616	0	0.703578295879631	1
"pt_1_ard"	57.6119990521926	2.02463329873103	0.255663599472437	2
"pt_2_eq"	62.1905403124566	6.60317455899506	0.0259090385255358	4
"pt_2_ard"	63.3457582356958	7.75839248223419	0.0145411552768379	2
"pt_3_eq"	71.0798201864137	15.4924544329522	0.000304206646181029	9
"pt_3_ard"	79.8963003559546	24.308934602493	3.70419937722557e-06	2
