"AICc"	"Delta_AICc"	"AICcWt"	"K_rates"
"pt_1_eq"	56.3836016993715	0	0.650652282799363	1
"pt_1_ard"	58.4194446436671	2.03584294429557	0.235110096354321	2
"pt_2_eq"	60.1063335056373	3.72273180626578	0.101150496137971	4
"pt_2_ard"	64.2442239005377	7.86062220116616	0.0127772247687626	2
"pt_3_eq"	71.7155039345474	15.3319022351759	0.000304837708923668	9
"pt_3_ard"	79.9114485451493	23.5278468457778	5.06223065871433e-06	2
