"AICc"	"Delta_AICc"	"AICcWt"	"K_rates"
"pt_1_eq"	56.9532510960436	0	0.680818891412856	1
"pt_1_ard"	58.8728576573696	1.91960656132605	0.260731996140216	2
"pt_2_eq"	62.18574026797	5.23248917192638	0.0497520535308519	4
"pt_2_ard"	65.7211601033195	8.76790900727588	0.00849384532727323	2
"pt_3_eq"	73.2252667419535	16.2720156459099	0.000199346353506758	9
"pt_3_ard"	81.110274589759	24.1570234937154	3.86723529561329e-06	2
