"AICc"	"Delta_AICc"	"AICcWt"	"K_rates"
"pt_1_eq"	57.2472028661826	0	0.614869273798433	1
"pt_1_ard"	59.3068569083189	2.05965404213634	0.219550584927325	2
"pt_2_eq"	60.127555479985	2.8803526138024	0.145653916868941	4
"pt_2_ard"	64.151436684703	6.90423381852037	0.0194781392581325	2
"pt_3_eq"	71.7178230245235	14.470620158341	0.000443126322644889	9
"pt_3_ard"	80.7031953458729	23.4559924796903	4.9588245234964e-06	2
