"AICc"	"Delta_AICc"	"AICcWt"	"K_rates"
"pt_1_eq"	53.0074655349427	0	0.694396590542706	1
"pt_1_ard"	54.8925908060352	1.88512527109246	0.270556410424436	2
"pt_2_eq"	59.610640055804	6.60317452086129	0.0255709257445382	4
"pt_2_ard"	61.6361690757236	8.6287035407809	0.00928770500494371	6
"pt_3_eq"	69.4698803805897	16.462414845647	0.000184858581708379	9
"pt_3_ard"	77.3980005220136	24.3905349870709	3.50970166748876e-06	12
