"AICc"	"Delta_AICc"	"AICcWt"	"K_rates"
"pt_1_eq"	54.0192603044264	0	0.673860203301998	1
"pt_1_ard"	55.8657659115046	1.84650560707819	0.267674013436677	2
"pt_2_eq"	59.1157403278686	5.09648002344218	0.052708812631672	4
"pt_2_ard"	63.5771119706903	9.5578516662639	0.00566381018202159	6
"pt_3_eq"	71.8957367614409	17.8764764570145	8.84590494082263e-05	9
"pt_3_ard"	77.7650962967068	23.7458359922804	4.70139822306515e-06	12
