"AICc"	"Delta_AICc"	"AICcWt"	"K_rates"
"pt_1_eq"	54.5988823820243	0	0.665925301447351	1
"pt_1_ard"	56.4140697709962	1.81518738897187	0.268696854657494	2
"pt_2_eq"	59.6246510316836	5.02576864965937	0.053962706058884	4
"pt_2_ard"	62.7711125877585	8.17223020573426	0.011190468636607	2
"pt_3_eq"	70.6336934317589	16.0348110497346	0.000219538421538695	9
"pt_3_ard"	78.1462332903882	23.5473509083639	5.13077812548455e-06	2
