"AICc"	"Delta_AICc"	"AICcWt"	"K_rates"
"pt_1_eq"	56.1516717691435	0	0.631386972315411	1
"pt_1_ard"	58.1510979299367	1.99942616079316	0.232340940146157	2
"pt_2_eq"	59.510735269429	3.35906350028552	0.117729214233148	4
"pt_2_ard"	63.2485862064686	7.09691443732513	0.0181643652998677	2
"pt_3_eq"	71.015158711113	14.8634869419695	0.000373878452357138	9
"pt_3_ard"	79.7980995493377	23.6464277801942	4.62955305843319e-06	2
