"AICc"	"Delta_AICc"	"AICcWt"	"K_rates"
"pt_1_eq"	57.222390646926	0	0.663259908518836	1
"pt_1_ard"	59.1595081731572	1.93711752623124	0.251793213457692	2
"pt_2_eq"	61.7011160666766	4.47872541975057	0.0706546710550127	4
"pt_2_ard"	64.9184740309055	7.69608338397948	0.014141662675984	2
"pt_3_eq"	74.0657655228613	16.8433748759353	0.000145945720219553	9
"pt_3_ard"	80.980743316957	23.758352670031	4.59857225612995e-06	2
