"AICc"	"Delta_AICc"	"AICcWt"	"K_rates"
"pt_1_eq"	57.6779322513392	0	0.656918030997356	1
"pt_1_ard"	59.539459318125	1.86152706678578	0.258991622274822	2
"pt_2_eq"	62.1331919597397	4.45525970840048	0.0708049840168176	4
"pt_2_ard"	65.5037303790974	7.82579812775813	0.0131268556883269	2
"pt_3_eq"	74.3827191526954	16.7047869013562	0.000154921893412441	9
"pt_3_ard"	81.9149722438895	24.2370399925503	3.58512926594205e-06	2
