"AICc"	"Delta_AICc"	"AICcWt"	"K_rates"
"pt_1_eq"	53.7522085057516	0	0.673807545252646	1
"pt_1_ard"	55.5910605429091	1.83885203715749	0.268679309491159	2
"pt_2_eq"	59.0019190195117	5.24971051376012	0.0488175203547982	4
"pt_2_ard"	62.4771594230209	8.72495091726931	0.00858888624417864	2
"pt_3_eq"	71.3480721555114	17.5958636497598	0.000101775355061299	9
"pt_3_ard"	77.3894655682558	23.6372570625042	4.96330215710514e-06	2
