"AICc"	"Delta_AICc"	"AICcWt"	"K_rates"
"pt_1_eq"	55.6844290863003	0	0.664839599521606	1
"pt_1_ard"	57.6553630076984	1.97093392139814	0.248161277458344	2
"pt_2_eq"	60.0695218170931	4.38509273079281	0.0742174607401643	4
"pt_2_ard"	63.628354405864	7.94392531956377	0.0125232028050008	2
"pt_3_eq"	71.4143796735568	15.7299505872565	0.000255271017165914	9
"pt_3_ard"	80.1799566075762	24.495527521276	3.18845771887512e-06	2
