"AICc"	"Delta_AICc"	"AICcWt"	"K_rates"
"pt_1_eq"	55.9011129307416	0	0.701060101556692	1
"pt_1_ard"	57.8800872431373	1.97897431239569	0.260631221582361	2
"pt_2_eq"	62.5042875328347	6.60317460209309	0.0258163062944227	4
"pt_2_ard"	63.9986671849179	8.09755425417627	0.0122290772013027	2
"pt_3_eq"	71.7063299968032	15.8052170660616	0.000259236394680193	9
"pt_3_ard"	80.0209376831639	24.1198247524222	4.05697054138422e-06	2
