"AICc"	"Delta_AICc"	"AICcWt"	"K_rates"
"pt_1_eq"	55.3045130911716	0	0.680961469693458	1
"pt_1_ard"	57.1673737485093	1.86286065733774	0.268291854384691	2
"pt_2_eq"	60.8825322325784	5.57801914140685	0.0418669257998778	4
"pt_2_ard"	64.0231099917971	8.71859690062552	0.008707696373467	2
"pt_3_eq"	71.906411525936	16.6018984347644	0.000169069823624385	9
"pt_3_ard"	79.9805560835793	24.6760429924077	2.98392488165355e-06	2
