"AICc"	"Delta_AICc"	"AICcWt"	"K_rates"
"pt_1_eq"	59.2409516187754	0	0.666038532896129	1
"pt_1_ard"	61.1655680647416	1.92461644596623	0.254433448578605	2
"pt_2_eq"	63.7824527208142	4.54150110203881	0.0687582668940043	4
"pt_2_ard"	67.5383522581901	8.29740063941468	0.0105133639639116	2
"pt_3_eq"	75.0060690017291	15.7651173829537	0.000251274034267246	9
"pt_3_ard"	82.7953369754944	23.554385356719	5.11363308275178e-06	2
