"AICc"	"Delta_AICc"	"AICcWt"	"K_rates"
"pt_1_eq"	56.5969988949979	0	0.654971479516559	1
"pt_1_ard"	58.3687180372296	1.77171914223172	0.270083756687945	2
"pt_2_eq"	61.2365375798304	4.63953868483244	0.0643812440703803	4
"pt_2_ard"	64.8741199226489	8.27712102765099	0.0104440368392076	2
"pt_3_eq"	73.8367968969287	17.2397980019308	0.000118208258332565	9
"pt_3_ard"	82.8963847614322	26.2993858664343	1.27462757477974e-06	2
