"AICc"	"Delta_AICc"	"AICcWt"	"K_rates"
"pt_1_eq"	53.8328454166282	0	0.702095885030685	1
"pt_1_ard"	55.771743298002	1.93889788137382	0.266299347447156	2
"pt_2_eq"	60.436020708697	6.60317529206882	0.0258544397586945	4
"pt_2_ard"	63.5100194438506	9.67717402722239	0.00555935986505587	6
"pt_3_eq"	70.268691987563	16.4358465709348	0.000189407726886678	9
"pt_3_ard"	79.8669044102531	26.0340589936249	1.56017152202113e-06	12
