"AICc"	"Delta_AICc"	"AICcWt"	"K_rates"
"pt_1_eq"	57.1720165044752	0	0.680926553132111	1
"pt_1_ard"	59.0291970735329	1.85718056905768	0.269041102226199	2
"pt_2_eq"	62.5891638021348	5.41714729765962	0.0453713477963353	4
"pt_2_ard"	67.1790932156133	10.0070767111381	0.00457184157076885	2
"pt_3_eq"	75.134326140806	17.9623096363308	8.56316458772568e-05	9
"pt_3_ard"	81.5154532765382	24.343436772063	3.52362870877329e-06	2
