"AICc"	"Delta_AICc"	"AICcWt"	"K_rates"
"pt_1_eq"	56.6582551557488	0	0.66705423286884	1
"pt_1_ard"	58.4901496574989	1.83189450175008	0.266913357070791	2
"pt_2_eq"	61.6446701627151	4.98641500696625	0.0551283359356835	4
"pt_2_ard"	64.9261045330248	8.26784937727599	0.0106861302533627	2
"pt_3_eq"	72.7446602602621	16.0864051045132	0.000214310109949231	9
"pt_3_ard"	80.8989718108928	24.2407166551439	3.63376137285009e-06	2
