"AICc"	"Delta_AICc"	"AICcWt"	"K_rates"
"pt_1_eq"	55.5459820830038	0	0.646328356965418	1
"pt_1_ard"	57.3962902609375	1.85030817793368	0.256250012233987	2
"pt_2_eq"	59.6985022115493	4.1525201285455	0.0810484888131238	4
"pt_2_ard"	62.938851193528	7.39286911052419	0.0160365920138558	2
"pt_3_eq"	70.6962904587691	15.1503083757653	0.000331593147556871	9
"pt_3_ard"	79.1025767185561	23.5565946355522	4.95682605859787e-06	2
