"AICc"	"Delta_AICc"	"AICcWt"	"K_rates"
"pt_1_eq"	57.6216934040621	0	0.658961926270698	1
"pt_1_ard"	59.5076392062054	1.88594580214329	0.256644756116349	2
"pt_2_eq"	61.8780617710401	4.25636836697794	0.0784515764810577	4
"pt_2_ard"	67.1493875025462	9.5276940984841	0.00562273785777302	6
"pt_3_eq"	72.9242251499411	15.3025317458789	0.000313298109525764	9
"pt_3_ard"	80.9357918093508	23.3140984052887	5.70516459647755e-06	12
