"AICc"	"Delta_AICc"	"AICcWt"	"K_rates"
"pt_1_eq"	55.3532543336464	0	0.650321868246889	1
"pt_1_ard"	57.3255683534474	1.972314019801	0.242574871783138	2
"pt_2_eq"	59.2012893748434	3.84803504119695	0.0949594446134382	4
"pt_2_ard"	63.3605572000563	8.00730286640992	0.0118676473667541	6
"pt_3_eq"	70.8946478382699	15.5413935046235	0.000274383276670527	9
"pt_3_ard"	80.9651843765063	25.6119300428599	1.7847131103084e-06	12
