"AICc"	"Delta_AICc"	"AICcWt"	"K_rates"
"pt_1_eq"	55.4834071974163	0	0.69144951423592	1
"pt_1_ard"	57.334722882097	1.85131568468069	0.274001148241169	2
"pt_2_eq"	62.0968571593656	6.6134499619493	0.0253319174115324	4
"pt_2_ard"	64.1577039493505	8.67429675193426	0.00903984260601716	2
"pt_3_eq"	72.0389256501854	16.5555184527691	0.000175701440181089	9
"pt_3_ard"	81.118144845726	25.6347376483097	1.87606518017107e-06	2
