"AICc"	"Delta_AICc"	"AICcWt"	"K_rates"
"pt_1_eq"	57.0307065871891	0	0.688415698495588	1
"pt_1_ard"	58.9364443128123	1.9057377256232	0.265475884377897	2
"pt_2_eq"	63.6338811563462	6.60317456915708	0.0253506807525675	4
"pt_2_ard"	64.0624915826832	7.03178499549413	0.0204605853716191	2
"pt_3_eq"	72.5829853323415	15.5522787451524	0.000288879248288001	9
"pt_3_ard"	79.6893097152434	22.6586031280543	8.27175404060702e-06	2
