"AICc"	"Delta_AICc"	"AICcWt"	"K_rates"
"pt_1_eq"	55.155270163667	0	0.670962431988717	1
"pt_1_ard"	57.1454404659092	1.99017030224219	0.248049418929125	2
"pt_2_eq"	59.6594993812366	4.50422921756955	0.0705695351931055	4
"pt_2_ard"	63.532331688473	8.37706152480592	0.0101775303647389	6
"pt_3_eq"	71.0528313791867	15.8975612155196	0.000236911775968047	9
"pt_3_ard"	79.1315365851891	23.9762664215221	4.1717483458439e-06	12
