"AICc"	"Delta_AICc"	"AICcWt"	"K_rates"
"pt_1_eq"	57.7771885499044	0	0.660524725578893	1
"pt_1_ard"	59.7513489226108	1.97416037270636	0.246153265285857	2
"pt_2_eq"	61.984117370172	4.20692882026758	0.0806057629652985	4
"pt_2_ard"	65.7010266691544	7.92383811924999	0.0125675173644121	2
"pt_3_eq"	74.6394046015816	16.8622160516772	0.000143981066896167	9
"pt_3_ard"	81.4634313644693	23.6862428145649	4.74773864333834e-06	2
