"AICc"	"Delta_AICc"	"AICcWt"	"K_rates"
"pt_1_eq"	59.3081539008376	0	0.693815350825226	1
"pt_1_ard"	61.2625395603326	1.95438565949506	0.261128606262368	2
"pt_2_eq"	65.9216038417817	6.61344994094417	0.0254185923754238	4
"pt_2_ard"	66.4766707398386	7.16851683900102	0.0192584021438477	2
"pt_3_eq"	74.3424513997117	15.0342974988741	0.000377213895850425	9
"pt_3_ard"	84.9945352094609	25.6863813086234	1.83449728470193e-06	2
