"AICc"	"Delta_AICc"	"AICcWt"	"K_rates"
"pt_1_eq"	56.5611387543868	0	0.669023272141444	1
"pt_1_ard"	58.4116242358669	1.85048548148009	0.265224358924731	2
"pt_2_eq"	61.5678253760703	5.00668662168354	0.0547334771065367	4
"pt_2_ard"	64.7937713731638	8.23263261877702	0.0109080662293328	2
"pt_3_eq"	74.0429606162935	17.4818218619067	0.000106982277939594	9
"pt_3_ard"	80.6956138431179	24.1344750887311	3.84332001615438e-06	2
