"AICc"	"Delta_AICc"	"AICcWt"	"K_rates"
"pt_1_eq"	58.6437945625838	0	0.659249785513286	1
"pt_1_ard"	60.4860028697788	1.84220830719499	0.262433665249763	2
"pt_2_eq"	63.2931265179224	4.64933195533854	0.0644852504343119	4
"pt_2_ard"	66.4113666755211	7.76757211293724	0.0135626059522162	2
"pt_3_eq"	74.294041848013	15.6502472854292	0.000263415895837842	9
"pt_3_ard"	82.114811823869	23.4710172612851	5.27695458527691e-06	2
