"AICc"	"Delta_AICc"	"AICcWt"	"K_rates"
"pt_1_eq"	56.8712612023987	0	0.673944441575777	1
"pt_1_ard"	58.70839764153	1.83713643913132	0.26896451517492	2
"pt_2_eq"	61.9936128875908	5.12235168519214	0.0520378757902183	4
"pt_2_ard"	66.7415731250975	9.87031192269888	0.00484521546158246	2
"pt_3_eq"	73.0749925285194	16.2037313261208	0.000204187214786746	9
"pt_3_ard"	81.0616868179827	24.1904256155841	3.76478271515526e-06	2
