"AICc"	"Delta_AICc"	"AICcWt"	"K_rates"
"pt_1_eq"	55.4306600806881	0	0.659477879267792	1
"pt_1_ard"	57.312409537246	1.88174945655793	0.257385175855504	2
"pt_2_eq"	59.9153776514718	4.48471757078364	0.0700416205422177	4
"pt_2_ard"	63.291206471861	7.86054639117288	0.0129510288690501	2
"pt_3_eq"	72.3529243810415	16.9222643003534	0.000139500970570102	9
"pt_3_ard"	79.0941307851581	23.66347070447	4.79449486537653e-06	2
