"AICc"	"Delta_AICc"	"AICcWt"	"K_rates"
"pt_1_eq"	56.2147956768657	0	0.684210198052054	1
"pt_1_ard"	58.0306277356416	1.8158320587759	0.275985726312039	2
"pt_2_eq"	62.2091699314375	5.99437425457184	0.0341607748020205	4
"pt_2_ard"	65.8359121063983	9.62111642953259	0.00557173760299741	2
"pt_3_eq"	74.59731047476	18.3825147978943	6.97392340005869e-05	9
"pt_3_ard"	81.8847762185794	25.6699805417137	1.82399688822248e-06	2
