"AICc"	"Delta_AICc"	"AICcWt"	"K_rates"
"pt_1_eq"	54.9328090839367	0	0.653157197907775	1
"pt_1_ard"	56.7974887011178	1.86467961718108	0.257103319004426	2
"pt_2_eq"	59.2548954735185	4.32208638958184	0.0752468947787698	4
"pt_2_ard"	62.5905857759907	7.65777669205399	0.0141955634990007	2
"pt_3_eq"	70.3391559555881	15.4063468716514	0.000294830222974458	9
"pt_3_ard"	80.1399675092286	25.2071584252919	2.19458705394286e-06	2
