"AICc"	"Delta_AICc"	"AICcWt"	"K_rates"
"pt_1_eq"	58.4037084635079	0	0.57067961252354	1
"pt_1_ard"	60.3528019265726	1.94909346306477	0.215353577045025	2
"pt_2_eq"	60.6540340238393	2.2503255603314	0.185242388035902	4
"pt_2_ard"	64.4257406767412	6.02203221323331	0.0281011878210058	6
"pt_3_eq"	72.0860535923882	13.6823451288804	0.000609970544206316	9
"pt_3_ard"	79.7427631593375	21.3390546958297	1.32640303208422e-05	12
