"AICc"	"Delta_AICc"	"AICcWt"	"K_rates"
"pt_1_eq"	56.7052823950614	0	0.676988095292963	1
"pt_1_ard"	58.5827015044307	1.87741910936929	0.264791873282789	2
"pt_2_eq"	62.0158510733821	5.31056867832069	0.0475779466923755	4
"pt_2_ard"	65.05290050823	8.34761811316852	0.01042122541557	2
"pt_3_eq"	72.7785187510499	16.0732363559884	0.000218938482656558	9
"pt_3_ard"	82.2505817645772	25.5452993695158	1.92083364609582e-06	2
