"AICc"	"Delta_AICc"	"AICcWt"	"K_rates"
"pt_1_eq"	58.7534363443071	0	0.664044237210812	1
"pt_1_ard"	60.6521823214323	1.89874597712519	0.256974223191736	2
"pt_2_eq"	63.4105859400702	4.65714959576312	0.0647008262355524	4
"pt_2_ard"	66.456291499232	7.70285515492496	0.0141105280940652	2
"pt_3_eq"	75.361983167957	16.60854682365	0.000164322446831686	9
"pt_3_ard"	82.0283826663046	23.2749463219975	5.86282100278621e-06	2
