"AICc"	"Delta_AICc"	"AICcWt"	"K_rates"
"pt_1_eq"	56.0566891947381	0	0.658870069750443	1
"pt_1_ard"	57.8399047827584	1.78321558802029	0.270134115111395	2
"pt_2_eq"	60.687959980167	4.6312707854289	0.0650327480777222	4
"pt_2_ard"	65.5479932240384	9.49130402930031	0.00572518199049218	2
"pt_3_eq"	71.9229839753734	15.8662947806353	0.00023630757514068	9
"pt_3_ard"	81.9415764105218	25.8848872157836	1.57749480683839e-06	2
