"AICc"	"Delta_AICc"	"AICcWt"	"K_rates"
"pt_1_eq"	56.0730215666322	0	0.697231619736692	1
"pt_1_ard"	57.9603890858095	1.8873675191773	0.271356622372588	2
"pt_2_eq"	62.686471535839	6.61344996920685	0.0255437503102509	4
"pt_2_ard"	65.7070565201157	9.63403495348359	0.00564121906447889	2
"pt_3_eq"	72.1586149164524	16.0855933498203	0.000224096389407169	9
"pt_3_ard"	81.0021045891969	24.9290830225647	2.69212658350004e-06	2
