"AICc"	"Delta_AICc"	"AICcWt"	"K_rates"
"pt_1_eq"	55.0747970445143	0	0.693097917019561	1
"pt_1_ard"	56.9231530165954	1.84835597208107	0.275061111762369	2
"pt_2_eq"	61.6779716224682	6.60317457795389	0.0255231017911815	4
"pt_2_ard"	64.5654824209323	9.49068537641803	0.00602446449784118	2
"pt_3_eq"	70.6422618024905	15.5674647579762	0.000288644025611954	9
"pt_3_ard"	78.8517752743049	23.7769782297906	4.76090343591946e-06	2
