"AICc"	"Delta_AICc"	"AICcWt"	"K_rates"
"pt_1_eq"	58.9682374613534	0	0.65773567201274	1
"pt_1_ard"	60.8315194487742	1.86328198742081	0.259086541418634	2
"pt_2_eq"	63.4480072181175	4.47976975676405	0.0700296173781848	4
"pt_2_ard"	66.8358351846366	7.86759772328318	0.0128713546786948	2
"pt_3_eq"	74.5484301767276	15.5801927153741	0.000272179576900076	9
"pt_3_ard"	82.694110007686	23.7258725463325	4.63493484694993e-06	2
