"AICc"	"Delta_AICc"	"AICcWt"	"K_rates"
"pt_1_eq"	55.8440240243493	0	0.704326179278282	1
"pt_1_ard"	57.8417184632328	1.99769443888345	0.259405987117474	2
"pt_2_eq"	62.4471986418479	6.60317461749857	0.0259365783261573	4
"pt_2_ard"	64.3328312855308	8.48880726118146	0.0101030558865085	6
"pt_3_eq"	71.928640202626	16.0846161782767	0.000226487274821075	9
"pt_3_ard"	81.6985567766894	25.8545327523401	1.71211675688254e-06	12
