"AICc"	"Delta_AICc"	"AICcWt"	"K_rates"
"pt_1_eq"	57.2654635955224	0	0.639067148221711	1
"pt_1_ard"	59.2658745841789	2.00041098865642	0.23505135867458	2
"pt_2_eq"	60.5819307765267	3.31646718100428	0.121726404662851	4
"pt_2_ard"	67.5323326594298	10.2668690639073	0.00376811546639411	6
"pt_3_eq"	72.1273599351653	14.8618963396429	0.000378727383423165	9
"pt_3_ard"	79.7816359413028	22.5161723457803	8.24559104113782e-06	12
