"AICc"	"Delta_AICc"	"AICcWt"	"K_rates"
"pt_1_eq"	57.0523450085619	0	0.703093200970793	1
"pt_1_ard"	59.0686024505379	2.01625744197597	0.256559533756816	2
"pt_2_eq"	63.6555195989632	6.6031745904013	0.0258911746590541	4
"pt_2_ard"	64.8502894589045	7.79794445034255	0.014246585071823	2
"pt_3_eq"	73.3429557322543	16.2906107236924	0.000203963157331991	9
"pt_3_ard"	80.5539849528602	23.5016399442982	5.54238418185336e-06	2
