"AICc"	"Delta_AICc"	"AICcWt"	"K_rates"
"pt_1_eq"	55.2792594569999	0	0.691568836201005	1
"pt_1_ard"	57.1647625261409	1.88550306914102	0.269403743018147	2
"pt_2_eq"	61.8824340578071	6.60317460080721	0.0254667936042537	4
"pt_2_ard"	63.1883619480643	7.90910249106439	0.0132554852357612	2
"pt_3_eq"	70.7777216687307	15.4984622117308	0.000298117249992527	9
"pt_3_ard"	78.2738329880141	22.9945735310142	7.02469084084521e-06	2
