"AICc"	"Delta_AICc"	"AICcWt"	"K_rates"
"pt_1_eq"	56.6426902721525	0	0.696075350699098	1
"pt_1_ard"	58.6590682071694	2.01637793501683	0.253983409883157	2
"pt_2_eq"	63.2458641507021	6.60317387854958	0.025632753766499	4
"pt_2_ard"	63.3987045395669	6.75601426741432	0.0237468712097613	2
"pt_3_eq"	70.9216471131265	14.2789568409739	0.000552103084137674	9
"pt_3_ard"	79.0441434744118	22.4014532022593	9.511357347589e-06	2
