"AICc"	"Delta_AICc"	"AICcWt"	"K_rates"
"pt_1_eq"	54.6507867199024	0	0.689199399681476	1
"pt_1_ard"	56.5271631568748	1.87637643697236	0.269708680430087	2
"pt_2_eq"	60.5335396307392	5.88275291083674	0.036384911817393	4
"pt_2_ard"	64.6439910639126	9.99320434401021	0.0046595946604186	2
"pt_3_eq"	73.9196039192092	19.2688171993068	4.50997774968476e-05	9
"pt_3_ard"	79.859720401055	25.2089336811526	2.31363312876858e-06	2
