"AICc"	"Delta_AICc"	"AICcWt"	"K_rates"
"pt_1_eq"	57.2017912815309	0	0.643222097225842	1
"pt_1_ard"	59.1325834970183	1.93079221548732	0.244959763065317	2
"pt_2_eq"	60.9850684433635	3.78327716183254	0.0970136307181058	4
"pt_2_ard"	64.7853596456674	7.58356836413643	0.0145080822450035	2
"pt_3_eq"	72.6041465292103	15.4023552476794	0.000290925647472525	9
"pt_3_ard"	80.5403864728112	23.3385951912802	5.50109825898601e-06	2
