"AICc"	"Delta_AICc"	"AICcWt"	"K_rates"
"pt_1_eq"	58.4848770667984	0	0.666259620519259	1
"pt_1_ard"	60.5547753159935	2.06989824919506	0.236685034893595	2
"pt_2_eq"	62.5796931701643	4.09481610336593	0.0859934700308286	4
"pt_2_ard"	66.7326724605509	8.24779539375249	0.0107809611102685	2
"pt_3_eq"	74.0610883798752	15.5762113130768	0.000276256294370311	9
"pt_3_ard"	82.2269383883339	23.7420613215355	4.65715167813653e-06	2
