"AICc"	"Delta_AICc"	"AICcWt"	"K_rates"
"pt_1_eq"	56.2644332840998	0	0.67099191602772	1
"pt_1_ard"	58.1192625027105	1.85482921861077	0.265427698070883	2
"pt_2_eq"	61.3059621159209	5.04152883182113	0.0539464923732771	4
"pt_2_ard"	64.7913261113414	8.52689282724161	0.0094433489191456	2
"pt_3_eq"	72.6221833858467	16.3577501017469	0.000188224861019019	9
"pt_3_ard"	81.414540941738	25.1501076576382	2.31974795435787e-06	2
