"AICc"	"Delta_AICc"	"AICcWt"	"K_rates"
"pt_1_eq"	55.9319754618834	0	0.698612360006496	1
"pt_1_ard"	57.8269237853104	1.89494832342703	0.270865357883917	2
"pt_2_eq"	62.5351500558702	6.60317459398676	0.0257261691259432	4
"pt_2_ard"	66.0094315105703	10.0774560486869	0.00452839693965468	2
"pt_3_eq"	71.7020043305111	15.7700288686277	0.000262916599421638	9
"pt_3_ard"	79.7086776771596	23.7767022152762	4.79944456741976e-06	2
