"AICc"	"Delta_AICc"	"AICcWt"	"K_rates"
"pt_1_eq"	56.3231233162535	0	0.624977782413589	1
"pt_1_ard"	58.342227957024	2.01910464077049	0.227730697739433	2
"pt_2_eq"	59.4826669265833	3.15954361032987	0.128759238949627	4
"pt_2_ard"	63.3866236939036	7.06350037765016	0.0182828947961698	2
"pt_3_eq"	72.0320534438765	15.7089301276231	0.000242501116899215	9
"pt_3_ard"	79.1553803777004	22.832257061447	6.88498428186818e-06	2
