"AICc"	"Delta_AICc"	"AICcWt"	"K_rates"
"pt_1_eq"	56.7245254554644	0	0.659769888767958	1
"pt_1_ard"	58.5858091069981	1.86128365153369	0.2601476345557	2
"pt_2_eq"	61.2281889694304	4.503663513966	0.0694119722791859	4
"pt_2_ard"	65.019329171365	8.29480371590055	0.0104279454285766	2
"pt_3_eq"	72.5781438849575	15.8536184294931	0.000238134867913836	9
"pt_3_ard"	80.5496842184286	23.8251587629642	4.4241006653937e-06	2
