"AICc"	"Delta_AICc"	"AICcWt"	"K_rates"
"pt_1_eq"	58.8502636269112	0	0.698974492385148	1
"pt_1_ard"	60.8810941070141	2.03083048010286	0.253204891786662	2
"pt_2_eq"	65.4637135111022	6.61344988419098	0.0256076032128581	4
"pt_2_ard"	65.7796002916898	6.92933666477857	0.021866284228924	2
"pt_3_eq"	74.1152503454861	15.2649867185749	0.000338619199158541	9
"pt_3_ard"	81.5790073901346	22.7287437632233	8.10918725028731e-06	2
