"AICc"	"Delta_AICc"	"AICcWt"	"K_rates"
"pt_1_eq"	55.8440240952045	0	0.676676170174374	1
"pt_1_ard"	57.8417186902402	1.99769459503573	0.249222365066451	2
"pt_2_eq"	60.5944948172986	4.75047072209411	0.0629258762866472	4
"pt_2_ard"	64.0911756808055	8.24715158560107	0.0109530399097338	2
"pt_3_eq"	71.9289338146525	16.084909719448	0.000217564040684795	9
"pt_3_ard"	79.4812452428885	23.637221147684	4.98452210890486e-06	2
