"AICc"	"Delta_AICc"	"AICcWt"	"K_rates"
"pt_1_eq"	55.441567867655	0	0.676850963169817	1
"pt_1_ard"	57.4509558982068	2.0093880305518	0.247833485290134	2
"pt_2_eq"	59.9804208473802	4.53885297972527	0.0699670639124857	4
"pt_2_ard"	65.2114080315241	9.76984016386918	0.00511680910820283	2
"pt_3_eq"	71.4367716850944	15.9952038174394	0.00022760336250966	9
"pt_3_ard"	79.4821621629906	24.0405942953357	4.07515685087043e-06	2
