"AICc"	"Delta_AICc"	"AICcWt"	"K_rates"
"pt_1_eq"	60.1356039861191	0	0.698531763646876	1
"pt_1_ard"	62.0310269223734	1.89542293625428	0.270769846089815	2
"pt_2_eq"	66.7490539548728	6.61344996875372	0.0255913823374162	4
"pt_2_ard"	70.0691328649081	9.93352887878901	0.0048657273558784	2
"pt_3_eq"	76.0911276380541	15.955523651935	0.000239600775950479	9
"pt_3_ard"	86.0117334367741	25.8761294506549	1.67979406475844e-06	2
