"AICc"	"Delta_AICc"	"AICcWt"	"K_rates"
"pt_1_eq"	57.3933531690074	0	0.69598678002062	1
"pt_1_ard"	59.3241581971896	1.93080502818222	0.26505256156315	2
"pt_2_eq"	64.0068031360236	6.61344996701615	0.0254981444391024	4
"pt_2_ard"	65.3268443205527	7.93349115154524	0.0131784786029004	2
"pt_3_eq"	73.0359317150109	15.6425785460035	0.000279163232066813	9
"pt_3_ard"	81.1324576404704	23.739104471463	4.87214216106007e-06	2
