"AICc"	"Delta_AICc"	"AICcWt"	"K_rates"
"pt_1_eq"	55.6558260555601	0	0.671794936625917	1
"pt_1_ard"	57.6455623486576	1.98973629309749	0.248411089696838	2
"pt_2_eq"	60.1810160961011	4.52519004054106	0.0699204466857634	4
"pt_2_ard"	64.1424437088711	8.48661765331102	0.00964697421630305	2
"pt_3_eq"	71.6876616112194	16.0318355556593	0.000221803230842173	9
"pt_3_ard"	79.3751455253972	23.7193194698371	4.74954433602587e-06	2
