"AICc"	"Delta_AICc"	"AICcWt"	"K_rates"
"pt_1_eq"	57.0846955996043	0	0.659963805729093	1
"pt_1_ard"	58.8790817200447	1.79438612044036	0.269075479584038	2
"pt_2_eq"	61.7265058691105	4.64181026950622	0.0647983317844167	4
"pt_2_ard"	66.4720766554753	9.38738105587104	0.00604054636584367	2
"pt_3_eq"	74.3325802262667	17.2478846266624	0.000118628642132042	9
"pt_3_ard"	81.5533465536845	24.4686509540802	3.20789447666096e-06	2
