"AICc"	"Delta_AICc"	"AICcWt"	"K_rates"
"pt_1_eq"	58.1212224899117	0	0.666237369202367	1
"pt_1_ard"	59.9578275744997	1.83660508458803	0.265959349310202	2
"pt_2_eq"	62.8601247498173	4.7389022599056	0.0623145463499456	4
"pt_2_ard"	67.7682449655919	9.64702247568024	0.0053555573533873	2
"pt_3_eq"	75.2060348454517	17.08481235554	0.000129929905745251	9
"pt_3_ard"	82.5840211450031	24.4627986550915	3.24787835295957e-06	2
