"AICc"	"Delta_AICc"	"AICcWt"	"K_rates"
"pt_1_eq"	57.4584270857993	0	0.694470927389644	1
"pt_1_ard"	59.3129954959971	1.85456841019783	0.274751236851874	2
"pt_2_eq"	64.0616016471002	6.6031745613009	0.0255736626573492	4
"pt_2_ard"	67.4400006208015	9.98157353500225	0.00472261906617933	2
"pt_3_eq"	72.0415854171559	14.5831583313566	0.000473109287410758	9
"pt_3_ard"	80.0931489328234	22.6347218470241	8.44474754318812e-06	2
