"AICc"	"Delta_AICc"	"AICcWt"	"K_rates"
"pt_1_eq"	57.2006805240488	0	0.65503155737641	1
"pt_1_ard"	59.0504416752525	1.84976115120374	0.259771614201666	2
"pt_2_eq"	61.6186897416665	4.41800921761774	0.071928948462093	4
"pt_2_ard"	65.0384901040162	7.83780957996747	0.0130107849321623	2
"pt_3_eq"	72.8959348499893	15.6952543259405	0.000255906342949447	9
"pt_3_ard"	83.639863073812	26.4391825497632	1.18868471908797e-06	2
