"AICc"	"Delta_AICc"	"AICcWt"	"K_rates"
"pt_1_eq"	58.1920576343833	0	0.682388298870845	1
"pt_1_ard"	60.1613670664495	1.96930943206613	0.254918562899518	2
"pt_2_eq"	63.3111267494395	5.11906911505622	0.0527764089922477	4
"pt_2_ard"	66.6943414013377	8.50228376695436	0.00972263785126409	2
"pt_3_eq"	74.5546682460486	16.3626106116653	0.000190957105092295	9
"pt_3_ard"	82.7739662656586	24.5819086312752	3.13428103341915e-06	2
