"AICc"	"Delta_AICc"	"AICcWt"	"K_rates"
"pt_1_eq"	56.0176274712807	0	0.654576672107998	1
"pt_1_ard"	58.0326422142852	2.0150147430045	0.239004254508666	2
"pt_2_eq"	59.9390106258402	3.92138315455949	0.0921388932006314	4
"pt_2_ard"	63.6952412992053	7.67761382792459	0.0140860058355675	2
"pt_3_eq"	72.3191175915444	16.3014901202637	0.00018885866732963	9
"pt_3_ard"	79.4597936640304	23.4421661927496	5.31567980741703e-06	2
