"AICc"	"Delta_AICc"	"AICcWt"	"K_rates"
"pt_1_eq"	57.2607481768174	0	0.69790450690486	1
"pt_1_ard"	59.1471657712712	1.8864175944538	0.271747543549527	2
"pt_2_eq"	63.8741980821668	6.61344990534944	0.0255684029945531	4
"pt_2_ard"	67.3786787705388	10.1179305937214	0.00443317923507785	2
"pt_3_eq"	72.5165868040677	15.2558386272503	0.000339650874100882	9
"pt_3_ard"	80.3633062376848	23.1025580608674	6.71644188129349e-06	2
