"AICc"	"Delta_AICc"	"AICcWt"	"K_rates"
"pt_1_eq"	55.8204291581995	0	0.688598898857675	1
"pt_1_ard"	57.6388161152498	1.81838695705032	0.277401377403786	2
"pt_2_eq"	62.4338789731636	6.61344981496411	0.0252274842318473	4
"pt_2_ard"	64.56803472635	8.74760556815055	0.00867856478564416	2
"pt_3_eq"	73.666185093862	17.8457559356625	9.17930202821524e-05	9
"pt_3_ard"	81.4409055590146	25.6204764008151	1.88170076548752e-06	2
