"AICc"	"Delta_AICc"	"AICcWt"	"K_rates"
"pt_1_eq"	55.3606351979476	0	0.690933627115459	1
"pt_1_ard"	57.1811522185966	1.82051702064901	0.278045635154664	2
"pt_2_eq"	61.9740855738646	6.613450375917	0.0253130121517405	4
"pt_2_ard"	65.0158700233479	9.65523482540026	0.00553131926994528	2
"pt_3_eq"	71.9314768325107	16.5708416345631	0.000174230341846831	9
"pt_3_ard"	80.6972875631336	25.336652365186	2.17596634444084e-06	2
