"AICc"	"Delta_AICc"	"AICcWt"	"K_rates"
"pt_1_eq"	56.6768949575021	0	0.620976087123319	1
"pt_1_ard"	58.6747429666472	1.99784800914505	0.228690273262633	2
"pt_2_eq"	59.7974809768549	3.12058601935277	0.130451246179819	4
"pt_2_ard"	63.597483877748	6.92058892024588	0.0195113844667467	6
"pt_3_eq"	71.5495361696125	14.8726412121103	0.000366034374017246	9
"pt_3_ard"	80.1463033605828	23.4694084030807	4.97459346446418e-06	12
