"AICc"	"Delta_AICc"	"AICcWt"	"K_rates"
"pt_1_eq"	55.0240421274829	0	0.678256966860101	1
"pt_1_ard"	56.8976174623803	1.87357533489732	0.265798514069402	2
"pt_2_eq"	60.339687829521	5.31564570203807	0.0475462714317836	4
"pt_2_ard"	63.8532227496065	8.82918062212354	0.00820657705161685	2
"pt_3_eq"	71.3875979644838	16.3635558370009	0.00018971132672651	9
"pt_3_ard"	80.5334710534459	25.509428925963	1.95926036907085e-06	2
