"AICc"	"Delta_AICc"	"AICcWt"	"K_rates"
"pt_1_eq"	57.3873954702711	0	0.612212731297054	1
"pt_1_ard"	59.3557774846942	1.9683820144231	0.228809279299096	2
"pt_2_eq"	60.3621686819704	2.97477321169931	0.138337066289295	4
"pt_2_ard"	64.209951908632	6.82255643836087	0.020202403916453	2
"pt_3_eq"	71.9066188298916	14.5192233596205	0.000430618876416486	9
"pt_3_ard"	79.9032587160098	22.5158632457387	7.90032168595219e-06	2
