"AICc"	"Delta_AICc"	"AICcWt"	"K_rates"
"pt_1_eq"	56.3488615010547	0	0.70023831684347	1
"pt_1_ard"	58.2697009695002	1.92083946844556	0.268003756046976	2
"pt_2_eq"	62.9520360899311	6.60317458887643	0.0257860445146481	4
"pt_2_ard"	65.9906718107873	9.64181030973268	0.00564356283765342	6
"pt_3_eq"	71.7136489584981	15.3647874574435	0.000322719098253996	9
"pt_3_ard"	79.821444980411	23.4725834793563	5.60065899804592e-06	12
