"AICc"	"Delta_AICc"	"AICcWt"	"K_rates"
"pt_1_eq"	56.0637691118627	0	0.702869041741707	1
"pt_1_ard"	58.0020385336514	1.9382694217887	0.266676384097283	2
"pt_2_eq"	62.6669437068918	6.60317459502911	0.0258829200096671	4
"pt_2_ard"	66.2377789277912	10.1740098159285	0.0043412645716674	2
"pt_3_eq"	72.143940842558	16.0801717306952	0.000226521531729786	9
"pt_3_ard"	80.2841209033551	24.2203517914924	3.86804794508527e-06	2
