"AICc"	"Delta_AICc"	"AICcWt"	"K_rates"
"pt_1_eq"	55.9844691316058	0	0.670627132295889	1
"pt_1_ard"	57.7983862827147	1.81391715110888	0.270765929099768	2
"pt_2_eq"	61.0687242272738	5.08425509566804	0.0527775412500855	4
"pt_2_ard"	65.5592427292321	9.57477359762631	0.00558914595218179	2
"pt_3_eq"	71.8693648057522	15.8848956741464	0.00023829770059465	9
"pt_3_ard"	81.4769547381476	25.4924856065418	1.95370148098499e-06	2
