"AICc"	"Delta_AICc"	"AICcWt"	"K_rates"
"pt_1_eq"	54.898763931475	0	0.70796644079054	1
"pt_1_ard"	56.899904491399	2.001140559924	0.260297813643911	2
"pt_2_eq"	61.5019385137548	6.60317458227977	0.026070630210023	4
"pt_2_ard"	64.6288206859143	9.73005675443931	0.00545956062734875	6
"pt_3_eq"	71.2445941324811	16.3458302010061	0.000199784017602619	9
"pt_3_ard"	78.3334774289843	23.4347134975092	5.77071057461594e-06	12
