"AICc"	"Delta_AICc"	"AICcWt"	"K_rates"
"pt_1_eq"	56.7417293108788	0	0.623312585417691	1
"pt_1_ard"	58.7714817899095	2.02975247903072	0.225917953485873	2
"pt_2_eq"	59.8323586651063	3.09062935422749	0.132918141073664	4
"pt_2_ard"	63.8770127165012	7.13528340562243	0.0175913346679548	2
"pt_3_eq"	72.3698980615825	15.6281687507037	0.000251821131242735	9
"pt_3_ard"	79.2278128792721	22.4860835683932	8.164223574514e-06	2
