"AICc"	"Delta_AICc"	"AICcWt"	"K_rates"
"pt_1_eq"	56.985618716625	0	0.633364419101819	1
"pt_1_ard"	58.869252315476	1.88363359885101	0.24696068616816	2
"pt_2_eq"	60.6185240288174	3.63290531219243	0.102986025264196	4
"pt_2_ard"	64.2988501559654	7.31323143934038	0.0163533086110667	2
"pt_3_eq"	72.109456092613	15.123837375988	0.000329271470578563	9
"pt_3_ard"	80.025494867988	23.039876151363	6.28938418041509e-06	2
