"AICc"	"Delta_AICc"	"AICcWt"	"K_rates"
"pt_1_eq"	58.9105120725186	0	0.660738628417143	1
"pt_1_ard"	60.7734478039986	1.86293573147999	0.260314490128193	2
"pt_2_eq"	63.4805239545302	4.57001188201158	0.0672456546965363	4
"pt_2_ard"	67.0245219700033	8.11400989748467	0.0114312792791597	2
"pt_3_eq"	74.5539872492657	15.6434751767471	0.000264906261661753	9
"pt_3_ard"	82.4774441531038	23.5669320805852	5.04121730611942e-06	2
