"AICc"	"Delta_AICc"	"AICcWt"	"K_rates"
"pt_1_eq"	57.6380245744371	0	0.595363487540055	1
"pt_1_ard"	59.5901113464771	1.95208677203995	0.224332367681847	2
"pt_2_eq"	60.2971916263496	2.65916705191251	0.157525696366696	4
"pt_2_ard"	64.2060678039399	6.56804322950281	0.0223125769371468	2
"pt_3_eq"	71.9914475969977	14.3534230225606	0.000454962905907978	9
"pt_3_ard"	79.4527822425208	21.8147576680837	1.09085683478475e-05	2
