"AICc"	"Delta_AICc"	"AICcWt"	"K_rates"
"pt_1_eq"	57.0067350978795	0	0.637149567318835	1
"pt_1_ard"	59.0131810278304	2.00644592995087	0.233639998463146	2
"pt_2_eq"	60.4710109050388	3.46427580715929	0.112715452561094	4
"pt_2_ard"	64.3536772539414	7.34694215606196	0.0161760758213048	2
"pt_3_eq"	72.2461132497437	15.2393781518642	0.000312645709410426	9
"pt_3_ard"	80.0678538186923	23.0611187208128	6.26012620934126e-06	2
