"AICc"	"Delta_AICc"	"AICcWt"	"K_rates"
"pt_1_eq"	57.0548549498334	0	0.671637247619691	1
"pt_1_ard"	58.8936091837778	1.83875423394441	0.267827004828322	2
"pt_2_eq"	62.173621406299	5.11876645646554	0.051952776225318	4
"pt_2_ard"	65.8157331541652	8.7608782043318	0.00840880425477462	2
"pt_3_eq"	73.6124348190724	16.5575798692389	0.000170491207937695	9
"pt_3_ard"	81.2862258862999	24.2313709364665	3.67586395720895e-06	2
