"AICc"	"Delta_AICc"	"AICcWt"	"K_rates"
"pt_1_eq"	55.6267060900967	0	0.652363147131785	1
"pt_1_ard"	57.6651600964951	2.03845400639842	0.235420759188135	2
"pt_2_eq"	59.4293658037073	3.80265971361065	0.0974433831985014	4
"pt_2_ard"	63.2431142980416	7.61640820794495	0.0144746273252393	2
"pt_3_eq"	71.0399095974521	15.4132035073554	0.000293463980086383	9
"pt_3_ard"	79.3429866321432	23.7162805420465	4.61917625291548e-06	2
