"AICc"	"Delta_AICc"	"AICcWt"	"K_rates"
"pt_1_eq"	57.1199122269456	0	0.668946714525736	1
"pt_1_ard"	59.0123831818645	1.89247095491891	0.259684888857512	2
"pt_2_eq"	61.9025397985686	4.782627571623	0.0612148998633793	4
"pt_2_ard"	65.5406232237357	8.42071099679008	0.00992789934270578	2
"pt_3_eq"	73.1201839152964	16.0002716883508	0.0002243761405194	9
"pt_3_ard"	83.5470487559961	26.4271365290505	1.22127014785987e-06	2
