"AICc"	"Delta_AICc"	"AICcWt"	"K_rates"
"pt_1_eq"	56.8343299637843	0	0.642193095558806	1
"pt_1_ard"	58.7833562470465	1.94902628326214	0.242348285729562	2
"pt_2_eq"	60.5593887805506	3.72505881676626	0.0997193381931772	4
"pt_2_ard"	64.2932307687981	7.45890080501379	0.0154165040612869	2
"pt_3_eq"	72.0526506893926	15.2183207256082	0.000318455881738647	9
"pt_3_ard"	80.6528413930324	23.8185114292481	4.32057542978096e-06	2
