"AICc"	"Delta_AICc"	"AICcWt"	"K_rates"
"pt_1_eq"	54.8823402181582	0	0.635876150737367	1
"pt_1_ard"	56.8913829102493	2.00904269209119	0.232870491086488	2
"pt_2_eq"	58.2984015919542	3.41606137379606	0.115234954409813	4
"pt_2_ard"	62.2873887736166	7.40504855545844	0.0156814664650086	6
"pt_3_eq"	69.9919114770485	15.1095712588903	0.000332943718562227	9
"pt_3_ard"	78.8384808758247	23.9561406576665	3.99358276057815e-06	12
