"AICc"	"Delta_AICc"	"AICcWt"	"K_rates"
"pt_1_eq"	53.7501114618176	0	0.667842990440581	1
"pt_1_ard"	55.6139113450447	1.86379988322714	0.262999770629241	2
"pt_2_eq"	58.6177323090224	4.86762084720481	0.0585711748061884	4
"pt_2_ard"	62.0858433696767	8.3357319078591	0.010341729805906	2
"pt_3_eq"	69.6188381983573	15.8687267365397	0.000239234684192845	9
"pt_3_ard"	77.3153907211569	23.5652792593394	5.09963389047032e-06	2
