"AICc"	"Delta_AICc"	"AICcWt"	"K_rates"
"pt_1_eq"	57.7900467908176	0	0.658953783037661	1
"pt_1_ard"	59.677949209403	1.88790241858545	0.256390632787578	2
"pt_2_eq"	62.2496905187507	4.45964372793308	0.0708688890005101	4
"pt_2_ard"	65.5647573664885	7.77471057567088	0.0135082162610738	2
"pt_3_eq"	73.3646609355473	15.5746141447297	0.000273445301323475	9
"pt_3_ard"	81.3545885711789	23.5645417803613	5.03361185415071e-06	2
