"AICc"	"Delta_AICc"	"AICcWt"	"K_rates"
"pt_1_eq"	56.7829337739473	0	0.659760213603113	1
"pt_1_ard"	58.5960145043646	1.81308073041725	0.266489832544535	2
"pt_2_eq"	61.4526403546841	4.66970658073682	0.063881075912345	4
"pt_2_ard"	65.2343583544688	8.45142458052147	0.00964234335811619	2
"pt_3_eq"	72.7706375008009	15.9877037268536	0.000222689822302723	9
"pt_3_ard"	80.8887750945277	24.1058413205804	3.84475958742626e-06	2
