"AICc"	"Delta_AICc"	"AICcWt"	"K_rates"
"pt_1_eq"	56.5049473345999	0	0.697366467472981	1
"pt_1_ard"	58.4155870968047	1.91063976220485	0.268269257895006	2
"pt_2_eq"	63.1183972867209	6.61344995212102	0.025548690804896	4
"pt_2_ard"	65.2661042496174	8.76115691501752	0.00872971386605581	2
"pt_3_eq"	74.5858673643501	18.0809200297502	8.26492967113722e-05	9
"pt_3_ard"	81.0759046782217	24.5709573436219	3.22066434969288e-06	2
