"AICc"	"Delta_AICc"	"AICcWt"	"K_rates"
"pt_1_eq"	57.0942894410015	0	0.699533757410905	1
"pt_1_ard"	58.9988233626233	1.90453392162178	0.269925795966994	2
"pt_2_eq"	63.7077021164358	6.61341267543427	0.0256285692244697	4
"pt_2_ard"	67.0444170755021	9.95012763450061	0.00483243380938243	2
"pt_3_eq"	75.3073942887422	18.2131048477407	7.76038397590872e-05	9
"pt_3_ard"	82.7913703591767	25.6970809181752	1.83974849021851e-06	2
