"AICc"	"Delta_AICc"	"AICcWt"	"K_rates"
"pt_1_eq"	54.9269144379553	0	0.707937384262082	1
"pt_1_ard"	56.9300065659538	2.00309212799849	0.260033270288117	2
"pt_2_eq"	61.5300890264667	6.60317458851144	0.0260695601317369	4
"pt_2_ard"	64.5743234467819	9.64740900882659	0.00568966371343155	2
"pt_3_eq"	70.7047915797345	15.7778771417792	0.000265382546720532	9
"pt_3_ard"	78.7554595682635	23.8285451303082	4.73905791243821e-06	2
