"AICc"	"Delta_AICc"	"AICcWt"	"K_rates"
"pt_1_eq"	57.2216301351857	0	0.631290656997126	1
"pt_1_ard"	59.0554312378446	1.83380110265887	0.252362320412322	2
"pt_2_eq"	60.9068966331813	3.68526649799558	0.0999962951340119	4
"pt_2_ard"	64.5726544565308	7.35102432134508	0.0159946489386454	6
"pt_3_eq"	72.2155421076883	14.9939119725026	0.000350221453390374	9
"pt_3_ard"	80.3973763842129	23.1757462490272	5.85706450349967e-06	12
