"AICc"	"Delta_AICc"	"AICcWt"	"K_rates"
"pt_1_eq"	57.2654641077487	0	0.630132021283764	1
"pt_1_ard"	59.2658745676329	2.00041045988417	0.231765045845938	2
"pt_2_eq"	60.5819303844541	3.31646627670532	0.120024539375548	4
"pt_2_ard"	64.4105518464192	7.14508773867048	0.0176968292601754	2
"pt_3_eq"	72.1273512359917	14.861887128243	0.000373433920740248	9
"pt_3_ard"	79.7816343259976	22.5161702182488	8.13031383481104e-06	2
