"AICc"	"Delta_AICc"	"AICcWt"	"K_rates"
"pt_1_eq"	57.6095681059637	0	0.590589304711667	1
"pt_1_ard"	59.3912769503171	1.78170884435343	0.242321761929406	2
"pt_2_eq"	60.4409950800519	2.83142697408825	0.143366942187404	4
"pt_2_ard"	64.0793846417896	6.46981653582596	0.023247848544742	2
"pt_3_eq"	71.8951833176171	14.2856152116534	0.000466878257502349	9
"pt_3_ard"	80.2213574302059	22.6117893242422	7.26436927857918e-06	2
