"AICc"	"Delta_AICc"	"AICcWt"	"K_rates"
"pt_1_eq"	57.7334203040486	0	0.651734861699074	1
"pt_1_ard"	59.6714791850201	1.93805888097151	0.24730153582968	2
"pt_2_eq"	61.5713437522692	3.83792344822061	0.0956481257937449	4
"pt_2_ard"	67.4746717186906	9.74125141464207	0.00499787148133602	2
"pt_3_eq"	72.9937143851256	15.260294081077	0.000316475574182856	9
"pt_3_ard"	84.264440415938	26.5310201118894	1.1296219829815e-06	2
