"AICc"	"Delta_AICc"	"AICcWt"	"K_rates"
"pt_1_eq"	56.1857544335304	0	0.672137556689608	1
"pt_1_ard"	58.1280593201546	1.94230488662427	0.254502478263727	2
"pt_2_eq"	60.906978226524	4.72122379299368	0.0634245569809712	4
"pt_2_ard"	64.6546195649259	8.46886513139557	0.0097379483261409	2
"pt_3_eq"	72.488317250739	16.3025628172087	0.000193821355601522	9
"pt_3_ard"	80.4391117983049	24.2533573647746	3.63838395123865e-06	2
