"AICc"	"Delta_AICc"	"AICcWt"	"K_rates"
"pt_1_eq"	56.4576550838106	0	0.677297775148497	1
"pt_1_ard"	58.3069860262913	1.84933094248071	0.268659707283504	2
"pt_2_eq"	61.9097993117191	5.45214422790851	0.0443467270296733	4
"pt_2_ard"	64.9898915364943	8.53223645268376	0.00950666180032153	2
"pt_3_eq"	72.8592040891539	16.4015490053434	0.000185878232926383	9
"pt_3_ard"	80.951766899235	24.4941118154245	3.2505050770887e-06	2
