"AICc"	"Delta_AICc"	"AICcWt"	"K_rates"
"pt_1_eq"	55.5817583115593	0	0.642049610243532	1
"pt_1_ard"	57.5996169488986	2.01785863733933	0.234097163207561	2
"pt_2_eq"	59.1222237405359	3.54046542897662	0.10933678187287	4
"pt_2_ard"	63.2091776662818	7.62741935472246	0.0141675749293318	6
"pt_3_eq"	70.651574536904	15.0698162253447	0.00034292533509701	9
"pt_3_ard"	78.7616969146765	23.1799386031172	5.94441160792857e-06	12
