"AICc"	"Delta_AICc"	"AICcWt"	"K_rates"
"pt_1_eq"	56.389350303851	0	0.66351690586519	1
"pt_1_ard"	58.2292777035161	1.83992739966513	0.264433719882846	2
"pt_2_eq"	61.1008888266893	4.7115385228383	0.0629150291177948	4
"pt_2_ard"	64.9707957040269	8.58144540017589	0.00908688016573654	2
"pt_3_eq"	75.6581674825299	19.2688171786789	4.34191688825978e-05	9
"pt_3_ard"	80.4046111386124	24.0152608347614	4.04579955046952e-06	2
