"AICc"	"Delta_AICc"	"AICcWt"	"K_rates"
"pt_1_eq"	55.6084816933574	0	0.694513172190576	1
"pt_1_ard"	57.4588021416649	1.85032044830749	0.275352172131664	2
"pt_2_eq"	62.2219316613295	6.61344996797208	0.0254441573881413	4
"pt_2_ard"	65.6337268810975	10.0252451877402	0.00462089557902622	2
"pt_3_eq"	74.0750713401373	18.4665896467799	6.78752583184706e-05	9
"pt_3_ard"	81.4171192101282	25.8086375167708	1.72745227396076e-06	2
