"AICc"	"Delta_AICc"	"AICcWt"	"K_rates"
"pt_1_eq"	54.6065259459942	0	0.692980859041887	1
"pt_1_ard"	56.456101807242	1.84957586124781	0.27484696387187	2
"pt_2_eq"	61.2097005423514	6.60317459635726	0.0255187909350144	4
"pt_2_ard"	63.9929749304957	9.38644898450151	0.00634570296951711	6
"pt_3_eq"	70.0959422753143	15.4894163293201	0.00030008011610899	9
"pt_3_ard"	77.4469381914438	22.8404122454496	7.6030656019268e-06	12
