"AICc"	"Delta_AICc"	"AICcWt"	"K_rates"
"pt_1_eq"	56.21965212035	0	0.663076667297258	1
"pt_1_ard"	58.1660826907989	1.9464305704489	0.250554217748939	2
"pt_2_eq"	60.3984437576005	4.17879163725053	0.0820636201411775	4
"pt_2_ard"	66.3668006128753	10.1471484925253	0.0041508634555822	2
"pt_3_eq"	73.0045805726373	16.7849284522873	0.000150232136317895	9
"pt_3_ard"	80.0660890841353	23.8464369637853	4.39922072612102e-06	2
