"AICc"	"Delta_AICc"	"AICcWt"	"K_rates"
"pt_1_eq"	57.2590914874092	0	0.686382234234084	1
"pt_1_ard"	59.0763905844659	1.8172990970567	0.27665883840052	2
"pt_2_eq"	63.8725414600607	6.61344997265151	0.0251462726046355	4
"pt_2_ard"	65.4231494762619	8.16405798885275	0.0115814614736424	2
"pt_3_eq"	73.2666424343203	16.0075509469111	0.000229387903172397	9
"pt_3_ard"	82.9559248134924	25.6968333260832	1.80538394531953e-06	2
