"AICc"	"Delta_AICc"	"AICcWt"	"K_rates"
"pt_1_eq"	56.7695884173976	0	0.687385305747998	1
"pt_1_ard"	58.6033018037737	1.83371338637615	0.27479855293015	2
"pt_2_eq"	63.3830383893626	6.61344997196504	0.0251830211019095	4
"pt_2_ard"	64.7962214528109	8.02663303541334	0.0124233587402034	2
"pt_3_eq"	73.0015517339557	16.2319633165581	0.000205340301121625	9
"pt_3_ard"	80.6780763185658	23.9084879011682	4.42117861720016e-06	2
