"AICc"	"Delta_AICc"	"AICcWt"	"K_rates"
"pt_1_eq"	55.0352287226643	0	0.678166194338144	1
"pt_1_ard"	56.880267150351	1.84503842768666	0.269582150216776	2
"pt_2_eq"	60.2720353288091	5.23680660614479	0.0494513362141057	4
"pt_2_ard"	66.155074820031	11.1198460973667	0.00261031090155845	2
"pt_3_eq"	71.4421749220707	16.4069461994063	0.000185614986175747	9
"pt_3_ard"	78.9293430544537	23.8941143317894	4.393343240206e-06	2
