"AICc"	"Delta_AICc"	"AICcWt"	"K_rates"
"pt_1_eq"	56.8379414531013	0	0.668821366281012	1
"pt_1_ard"	58.6728208102219	1.83487935712056	0.267221346987177	2
"pt_2_eq"	61.9122441855883	5.07430273248701	0.0528980058844275	4
"pt_2_ard"	65.0818224438632	8.24388099076195	0.0108436159278644	2
"pt_3_eq"	72.934527304446	16.0965858513447	0.000213786822451765	9
"pt_3_ard"	82.4039678960421	25.5660264429408	1.87809706726963e-06	2
