"AICc"	"Delta_AICc"	"AICcWt"	"K_rates"
"pt_1_eq"	56.1799788809795	0	0.697451438565209	1
"pt_1_ard"	58.1116117915732	1.93163291059363	0.265500422985444	2
"pt_2_eq"	62.7930095022042	6.61303062122466	0.025557161694588	4
"pt_2_ard"	64.4168794559528	8.23690057497322	0.0113473314489814	2
"pt_3_eq"	73.22819776772	17.0482188867405	0.000138528866286917	9
"pt_3_ard"	79.8254376467932	23.6454587658136	5.11643949095931e-06	2
