"AICc"	"Delta_AICc"	"AICcWt"	"K_rates"
"pt_1_eq"	56.5470591817611	0	0.624981551646447	1
"pt_1_ard"	58.5257941398764	1.97873495811527	0.232375512814041	2
"pt_2_eq"	59.785073003313	3.23801382155187	0.123805925322284	4
"pt_2_ard"	63.5918081771655	7.04474899540445	0.0184552269563881	2
"pt_3_eq"	71.385642641556	14.8385834597949	0.000374722473388901	9
"pt_3_ard"	79.3289008391082	22.7818416573471	7.06078745092563e-06	2
