"AICc"	"Delta_AICc"	"AICcWt"	"K_rates"
"pt_1_eq"	56.5833887452057	0	0.700418533770201	1
"pt_1_ard"	58.6296149670419	2.04622622183628	0.25178233161922	2
"pt_2_eq"	63.1865633414146	6.6031745962089	0.0257926808488321	4
"pt_2_ard"	63.5461179886771	6.96272924347144	0.0215486558276953	2
"pt_3_eq"	71.2881899072421	14.7048011620364	0.000449004432539494	9
"pt_3_ard"	79.1542294584967	22.570840713291	8.79350151158111e-06	2
