"AICc"	"Delta_AICc"	"AICcWt"	"K_rates"
"pt_1_eq"	58.3459894981404	0	0.697738583863166	1
"pt_1_ard"	60.2911066142539	1.9451171161135	0.263824986363334	2
"pt_2_eq"	64.9594394707981	6.61344997265775	0.0255623233840242	4
"pt_2_ard"	66.3712204996958	8.02523100155543	0.0126193204695949	2
"pt_3_eq"	74.2005995181473	15.8546100200069	0.000251714316540095	9
"pt_3_ard"	83.0127897059366	24.6668002077962	3.07160334047552e-06	2
