"AICc"	"Delta_AICc"	"AICcWt"	"K_rates"
"pt_1_eq"	58.6030356972019	0	0.691978596934445	1
"pt_1_ard"	60.6511818760255	2.04814617882367	0.248509714279847	2
"pt_2_eq"	65.2062101777084	6.60317448050655	0.025481884440447	4
"pt_2_ard"	64.6625814599586	6.05954576275673	0.0334409816877103	6
"pt_3_eq"	72.7705403470697	14.1675046498679	0.000580307409727112	9
"pt_3_ard"	81.2139394707719	22.6109037735701	8.51524782362402e-06	12
