"AICc"	"Delta_AICc"	"AICcWt"	"K_rates"
"pt_1_eq"	54.7207520704391	0	0.696480615813729	1
"pt_1_ard"	56.6120897525094	1.89133768207022	0.27052678695631	2
"pt_2_eq"	61.3342020241779	6.61344995373874	0.0255162367572899	4
"pt_2_ard"	63.8369209000739	9.11616882963474	0.00730059277685328	2
"pt_3_eq"	71.3281059976736	16.6073539272344	0.000172451886262506	9
"pt_3_ard"	79.2309389447539	24.5101868743148	3.31580955610026e-06	2
