"AICc"	"Delta_AICc"	"AICcWt"	"K_rates"
"pt_1_eq"	57.5494357594007	0	0.609689362198661	1
"pt_1_ard"	59.5664703698323	2.01703461043166	0.222389929415563	2
"pt_2_eq"	60.3622969374943	2.81286117809367	0.149383824354182	4
"pt_2_ard"	64.5822915291249	7.03285576972424	0.0181110400582741	6
"pt_3_eq"	72.1244866215928	14.5750508621921	0.0004170388709026	9
"pt_3_ard"	79.8401827404759	22.2907469810752	8.80510241734924e-06	12
