"AICc"	"Delta_AICc"	"AICcWt"	"K_rates"
"pt_1_eq"	57.6992228126192	0	0.663158319859927	1
"pt_1_ard"	59.5823461753515	1.88312336273233	0.258643864122932	2
"pt_2_eq"	62.0905015280677	4.39127871544854	0.0738011561230179	4
"pt_2_ard"	67.8755372395575	10.1763144269383	0.00409127452519075	2
"pt_3_eq"	73.0983575380917	15.3991347254726	0.000300426061187101	9
"pt_3_ard"	81.3062285530746	23.6070057404554	4.9593077456442e-06	2
