"AICc"	"Delta_AICc"	"AICcWt"	"K_rates"
"pt_1_eq"	59.0702505538848	0	0.690663353475447	1
"pt_1_ard"	60.9655446671289	1.89529411324403	0.267737081818166	2
"pt_2_eq"	65.6837004986349	6.61344994475003	0.0253031158741985	4
"pt_2_ard"	66.6074719805915	7.53722142670665	0.0159433498383716	2
"pt_3_eq"	74.2608715639178	15.1906210100329	0.000347268165101575	9
"pt_3_ard"	82.4347478730428	23.364497319158	5.83082871555749e-06	2
