"AICc"	"Delta_AICc"	"AICcWt"	"K_rates"
"pt_1_eq"	55.1748552764016	0	0.641280444415826	1
"pt_1_ard"	57.1638846109024	1.98902933450074	0.237211513411397	2
"pt_2_eq"	58.595566553368	3.4207112769664	0.115944454226169	4
"pt_2_ard"	64.8136895778339	9.63883430143229	0.00517608884222224	2
"pt_3_eq"	70.0416832490337	14.8668279726321	0.000379103086710602	9
"pt_3_ard"	77.6617845642175	22.4869292878159	8.39601767482142e-06	2
