"AICc"	"Delta_AICc"	"AICcWt"	"K_rates"
"pt_1_eq"	55.3295752915989	0	0.657857206859254	1
"pt_1_ard"	57.3396611120243	2.01008582042537	0.240794768261576	2
"pt_2_eq"	59.356514206201	4.02693891460212	0.0878401284099269	4
"pt_2_ard"	63.1427259053914	7.81315061379252	0.0132290158820372	2
"pt_3_eq"	70.9068967803038	15.5773214887049	0.000272620967096585	9
"pt_3_ard"	78.4548226475074	23.1252473559085	6.2596201098979e-06	2
