"AICc"	"Delta_AICc"	"AICcWt"	"K_rates"
"pt_1_eq"	56.2987135420052	0	0.65442800014342	1
"pt_1_ard"	58.1849459263874	1.88623238438215	0.254842416516222	2
"pt_2_eq"	60.6297650714875	4.33105152948225	0.0750560979895133	4
"pt_2_ard"	63.8041434181996	7.50542987619433	0.0153489433385032	2
"pt_3_eq"	71.5624761394836	15.2637625974783	0.000317232693065496	9
"pt_3_ard"	79.1034469495387	22.8047334075335	7.30931927575505e-06	2
