"AICc"	"Delta_AICc"	"AICcWt"	"K_rates"
"pt_1_eq"	55.4506511346598	0	0.690384482002412	1
"pt_1_ard"	57.3053138522997	1.85466271763987	0.273121650968689	2
"pt_2_eq"	62.0641011044931	6.61344996983329	0.0252928988324966	4
"pt_2_ard"	63.7341374627492	8.28348632808936	0.0109737438699784	2
"pt_3_eq"	71.5256111078625	16.0749599732027	0.000223078550777649	9
"pt_3_ard"	79.4964792193347	24.0458280846749	4.14577564663279e-06	2
