"AICc"	"Delta_AICc"	"AICcWt"	"K_rates"
"pt_1_eq"	57.5246046856461	0	0.651334194257813	1
"pt_1_ard"	59.4054857516655	1.88088106601943	0.254317206592264	2
"pt_2_eq"	61.7002147715696	4.17561008592355	0.0807386845409452	4
"pt_2_ard"	65.3081360871387	7.78353140149259	0.0132932603338553	2
"pt_3_eq"	72.8213989729196	15.2967942872735	0.000310561205486411	9
"pt_3_ard"	80.6838569748722	23.1592522892261	6.09306963622457e-06	2
