"AICc"	"Delta_AICc"	"AICcWt"	"K_rates"
"pt_1_eq"	58.2928605675157	0	0.633750717532949	1
"pt_1_ard"	60.1943353822054	1.90147481468973	0.244916731111809	2
"pt_2_eq"	61.9280413088005	3.63518074128484	0.102931664486846	4
"pt_2_ard"	65.4133213304014	7.12046076288571	0.0180189738529924	2
"pt_3_eq"	73.1454651820861	14.8526046145704	0.00037732566928386	9
"pt_3_ard"	81.9650791607392	23.6722185932234	4.58734611992297e-06	2
