"AICc"	"Delta_AICc"	"AICcWt"	"K_rates"
"pt_1_eq"	56.0972972177624	0	0.649525076832418	1
"pt_1_ard"	58.1257534375518	2.02845621978945	0.235571231023213	2
"pt_2_eq"	59.8379778330389	3.74068061527652	0.100073121839065	4
"pt_2_ard"	63.702441620648	7.60514440288565	0.0144930502780996	6
"pt_3_eq"	71.2569113175105	15.1596140997482	0.000331686310347541	9
"pt_3_ard"	79.3379819910741	23.2406847733117	5.83371685769394e-06	12
