"AICc"	"Delta_AICc"	"AICcWt"	"K_rates"
"pt_1_eq"	56.7619801461424	0	0.674221830307945	1
"pt_1_ard"	58.6355764270018	1.8735962808594	0.264214438747669	2
"pt_2_eq"	61.7200161408145	4.95803599467207	0.0565169834213687	4
"pt_2_ard"	66.5989419561971	9.83696181005468	0.00492871486115148	2
"pt_3_eq"	74.1261804157498	17.3642002696074	0.000114344329016201	9
"pt_3_ard"	80.9942599602087	24.2322798140663	3.68833285002378e-06	2
