"AICc"	"Delta_AICc"	"AICcWt"	"K_rates"
"pt_1_eq"	57.9983638738601	0	0.654993210600945	1
"pt_1_ard"	59.9634864016883	1.96512252782824	0.245197401411292	2
"pt_2_eq"	62.0348206178679	4.03645674400781	0.0870424993873307	4
"pt_2_ard"	65.916218477092	7.91785460323192	0.0124996115580678	2
"pt_3_eq"	73.6401755775411	15.641811703681	0.000262821290452771	9
"pt_3_ard"	81.7947325200315	23.7963686461714	4.45575191179081e-06	2
