"AICc"	"Delta_AICc"	"AICcWt"	"K_rates"
"pt_1_eq"	55.4851032314627	0	0.660392021661516	1
"pt_1_ard"	57.431464468732	1.94636123726925	0.249548431920811	2
"pt_2_eq"	59.7576718632161	4.27256863175337	0.0779875590825434	4
"pt_2_ard"	63.5303493460098	8.04524611454703	0.0118249366093213	2
"pt_3_eq"	71.2916297891026	15.8065265576399	0.000244038410031315	9
"pt_3_ard"	80.0808627628526	24.5957595313899	3.01231577732118e-06	2
