"AICc"	"Delta_AICc"	"AICcWt"	"K_rates"
"pt_1_eq"	56.3467301425165	0	0.694349964985536	1
"pt_1_ard"	58.2240789658066	1.87734882329006	0.271592204754085	2
"pt_2_eq"	62.9601800701329	6.61344992761635	0.0254381786486547	4
"pt_2_ard"	65.1658939092504	8.81916376673389	0.00844347726810807	2
"pt_3_eq"	72.9388967448376	16.592166602321	0.000173234831841588	9
"pt_3_ard"	81.0917059028975	24.744975760381	2.93951177462929e-06	2
