"AICc"	"Delta_AICc"	"AICcWt"	"K_rates"
"pt_1_eq"	57.3637160958912	0	0.701010779722419	1
"pt_1_ard"	59.4147532014147	2.05103710552346	0.251389797297395	2
"pt_2_eq"	63.9668906758709	6.60317457997966	0.0258144903196172	4
"pt_2_ard"	64.3500192771374	6.9863031812462	0.0213141607109345	2
"pt_3_eq"	72.0065521498019	14.6428360539106	0.000463525090663027	9
"pt_3_ard"	80.3231369236408	22.9594208277496	7.24685897136032e-06	2
