"AICc"	"Delta_AICc"	"AICcWt"	"K_rates"
"pt_1_eq"	54.5574223544681	0	0.706350783882765	1
"pt_1_ard"	56.6031226956466	2.04570034117847	0.253981595195559	2
"pt_2_eq"	61.1605966284641	6.60317427399593	0.0260111381877506	4
"pt_2_ard"	62.4919041553768	7.93448180090864	0.0133680973645117	2
"pt_3_eq"	70.1947431912521	15.637320836784	0.000284066065387609	9
"pt_3_ard"	78.5669682940961	24.009545939628	4.31930402645763e-06	2
