"AICc"	"Delta_AICc"	"AICcWt"	"K_rates"
"pt_1_eq"	56.9684686570782	0	0.654233999668576	1
"pt_1_ard"	59.0473728244589	2.07890416738071	0.231368806298454	2
"pt_2_eq"	60.710968105535	3.74249944845673	0.100707005053292	4
"pt_2_ard"	64.7454100585487	7.77694140147052	0.0133965121315554	2
"pt_3_eq"	72.4201798090694	15.4517111519912	0.000288693273783768	9
"pt_3_ard"	80.5386146405653	23.5701459834871	4.98357433909749e-06	2
