"AICc"	"Delta_AICc"	"AICcWt"	"K_rates"
"pt_1_eq"	57.6417640628064	0	0.599397935615039	1
"pt_1_ard"	59.6913114562979	2.04954739349157	0.215110535376642	2
"pt_2_eq"	60.2435773274506	2.60181326464421	0.163206958333554	4
"pt_2_ard"	64.2722536669599	6.63048960415357	0.0217732229271366	2
"pt_3_eq"	71.8155465052277	14.1737824424213	0.000501092025857081	9
"pt_3_ard"	79.5934544994907	21.9516904366843	1.02557217713406e-05	2
