"AICc"	"Delta_AICc"	"AICcWt"	"K_rates"
"pt_1_eq"	56.4764504187661	0	0.655090825773661	1
"pt_1_ard"	58.5363072773703	2.05985685860418	0.233888723586351	2
"pt_2_eq"	60.3140159649695	3.83756554620333	0.0961578506015494	4
"pt_2_ard"	64.0930795173813	7.61662909861518	0.0145335437823333	6
"pt_3_eq"	71.7048299480316	15.2283795292655	0.000323222003890801	9
"pt_3_ard"	79.7340165547249	23.2575661359588	5.83425221442099e-06	12
