"AICc"	"Delta_AICc"	"AICcWt"	"K_rates"
"pt_1_eq"	55.6941957755046	0	0.658412879481133	1
"pt_1_ard"	57.6364439376394	1.94224816213475	0.249312749369069	2
"pt_2_eq"	59.8810463483067	4.18685057280209	0.0811587346930596	4
"pt_2_ard"	63.9047991109398	8.21060333543522	0.0108539660009899	2
"pt_3_eq"	71.4004909960382	15.7062952205336	0.000255811253025085	9
"pt_3_ard"	78.9533436749988	23.2591478994942	5.85920272274969e-06	2
