"AICc"	"Delta_AICc"	"AICcWt"	"K_rates"
"pt_1_eq"	58.0704236550783	0	0.642903515012956	1
"pt_1_ard"	59.9832828371756	1.91285918209721	0.247043656387321	2
"pt_2_eq"	61.9122236485251	3.84179999344678	0.0941693410308523	4
"pt_2_ard"	65.5135233727316	7.44309971765327	0.0155559748529062	2
"pt_3_eq"	73.2782132475636	15.2077895924853	0.000320491303332838	9
"pt_3_ard"	80.9199946756181	22.8495710205398	7.02141263098184e-06	2
