"AICc"	"Delta_AICc"	"AICcWt"	"K_rates"
"pt_1_eq"	57.5314244325357	0	0.6639765948844	1
"pt_1_ard"	59.3864834298173	1.85505899728154	0.262622437417859	2
"pt_2_eq"	62.326381829502	4.7949573969663	0.0603866589180951	4
"pt_2_ard"	65.4356417932758	7.90421736074006	0.012757740938648	2
"pt_3_eq"	73.2737941859268	15.742369753391	0.000253361494890063	9
"pt_3_ard"	82.0131647818847	24.481740349349	3.2063461073664e-06	2
