"AICc"	"Delta_AICc"	"AICcWt"	"K_rates"
"pt_1_eq"	59.0496456802145	0	0.694079734338285	1
"pt_1_ard"	60.9763881306286	1.92674245041412	0.264863770356297	2
"pt_2_eq"	65.5874324803731	6.53778680015859	0.026408698507559	4
"pt_2_ard"	66.8071680658194	7.7575223856049	0.0143510864778575	2
"pt_3_eq"	74.5976976581681	15.5480519779536	0.000291872229088173	9
"pt_3_ard"	82.7972895212031	23.7476438409886	4.83809091260582e-06	2
