"AICc"	"Delta_AICc"	"AICcWt"	"K_rates"
"pt_1_eq"	58.6641189350468	0	0.679055775165549	1
"pt_1_ard"	60.6545458259582	1.99042689091132	0.251009257728084	2
"pt_2_eq"	63.3373493660044	4.6732304309576	0.065633619155986	4
"pt_2_ard"	68.9196377130341	10.2555187779873	0.00402668669718413	2
"pt_3_eq"	74.3223951521208	15.658276217074	0.00027024269827116	9
"pt_3_ard"	82.549410622238	23.8852916871912	4.41855492537477e-06	2
