"AICc"	"Delta_AICc"	"AICcWt"	"K_rates"
"pt_1_eq"	60.1022329358503	0	0.656049816550681	1
"pt_1_ard"	62.0464648581039	1.94423192225362	0.248171680016982	2
"pt_2_eq"	64.1710444900332	4.06881155418283	0.085783866169806	4
"pt_2_ard"	68.5314054675651	8.4291725317148	0.00969538946928038	2
"pt_3_eq"	75.5137873686311	15.4115544327807	0.000295365859174077	9
"pt_3_ard"	84.1775499402857	24.0753170044354	3.88193407621168e-06	2
