"AICc"	"Delta_AICc"	"AICcWt"	"K_rates"
"pt_1_eq"	56.9574340997327	0	0.623504829194243	1
"pt_1_ard"	58.7940043341989	1.83657023446616	0.248905023794283	2
"pt_2_eq"	60.4690575888158	3.51162348908311	0.107721023119148	4
"pt_2_ard"	63.8907036767194	6.93326957698662	0.0194670194200777	2
"pt_3_eq"	71.6966827778332	14.7392486781005	0.000392873410903893	9
"pt_3_ard"	79.1985096173689	22.2410755176362	9.23106134523546e-06	2
