"AICc"	"Delta_AICc"	"AICcWt"	"K_rates"
"pt_1_eq"	57.7955910923611	0	0.645986127201522	1
"pt_1_ard"	59.7283719928349	1.93278090047371	0.245767896011177	2
"pt_2_eq"	61.4500061498005	3.65441505743937	0.103914713469439	4
"pt_2_ard"	67.9748764291055	10.1792853367443	0.00397941713571767	6
"pt_3_eq"	72.8693475221314	15.0737564297702	0.000344348798474758	9
"pt_3_ard"	80.5235494763247	22.7279583839635	7.49738366962582e-06	12
