"AICc"	"Delta_AICc"	"AICcWt"	"K_rates"
"pt_1_eq"	56.8051629054816	0	0.654158450883628	1
"pt_1_ard"	58.7335678671475	1.92840496166589	0.249422219455102	2
"pt_2_eq"	60.7286418676259	3.92347896214431	0.0919835834787838	4
"pt_2_ard"	66.9382973032197	10.1331343977381	0.00412383024615612	2
"pt_3_eq"	72.1389325747121	15.3337696692305	0.000306194354610218	9
"pt_3_ard"	80.0988820835713	23.2937191780897	5.72158172026719e-06	2
