"AICc"	"Delta_AICc"	"AICcWt"	"K_rates"
"pt_1_eq"	57.8358570705276	0	0.697794447497962	1
"pt_1_ard"	59.7270797489163	1.89122267838869	0.271052690636271	2
"pt_2_eq"	64.4493070276278	6.61344995710019	0.0255643702008166	4
"pt_2_ard"	67.591751119656	9.75589404912839	0.00531204852443181	2
"pt_3_eq"	73.5398199977161	15.7039629271885	0.000271428400660891	9
"pt_3_ard"	81.5224536772621	23.6865966067345	5.01473985747412e-06	2
