"AICc"	"Delta_AICc"	"AICcWt"	"K_rates"
"pt_1_eq"	58.0358438776327	0	0.57031562541393	1
"pt_1_ard"	59.8028241317787	1.76698025414606	0.235733000158776	2
"pt_2_eq"	60.4481944204578	2.41235054282513	0.170718271879795	4
"pt_2_ard"	64.4649169440408	6.42907306640809	0.0229118307357384	6
"pt_3_eq"	73.0542544999479	15.0184106223152	0.000312542326310492	9
"pt_3_ard"	80.2103214529347	22.174477575302	8.72948545022438e-06	12
