"AICc"	"Delta_AICc"	"AICcWt"	"K_rates"
"pt_1_eq"	54.346984335572	0	0.674316615235066	1
"pt_1_ard"	56.3622615907107	2.01527725513875	0.246179545281793	2
"pt_2_eq"	58.8952773111196	4.54829297554761	0.0693768520814327	4
"pt_2_ard"	62.7815368610323	8.4345525254603	0.0099385734415594	2
"pt_3_eq"	70.7309203658455	16.3839360302735	0.000186697007120503	9
"pt_3_ard"	80.1087919554666	25.7618076198946	1.71695302914197e-06	2
