"AICc"	"Delta_AICc"	"AICcWt"	"K_rates"
"pt_1_eq"	57.6780371678691	0	0.683837647291467	1
"pt_1_ard"	59.4763746490815	1.79833748121241	0.278258848748321	2
"pt_2_eq"	64.2914871404655	6.6134499725964	0.0250530492179276	4
"pt_2_ard"	65.6663656949413	7.98832852707217	0.0125982292472859	2
"pt_3_eq"	73.5276791163559	15.8496419484868	0.000247313023630568	9
"pt_3_ard"	81.3654344919888	23.6873973241197	4.91247136715787e-06	2
