"AICc"	"Delta_AICc"	"AICcWt"	"K_rates"
"pt_1_eq"	57.2357411051381	0	0.626430475840393	1
"pt_1_ard"	59.2802061267619	2.04446502162386	0.225383925820297	2
"pt_2_eq"	60.3705185404164	3.13477743527834	0.13066660487375	4
"pt_2_ard"	64.4202888661094	7.18454776097129	0.0172491680852226	2
"pt_3_eq"	72.7712071858634	15.5354660807253	0.000265087519698844	9
"pt_3_ard"	80.8201558714549	23.5844147663169	4.73786063825016e-06	2
