"AICc"	"Delta_AICc"	"AICcWt"	"K_rates"
"pt_1_eq"	56.9158845314525	0	0.664551447885749	1
"pt_1_ard"	58.8318589699551	1.91597443850258	0.254964693665772	2
"pt_2_eq"	61.5038680051573	4.58798347370481	0.0670286782745252	4
"pt_2_ard"	64.7355632429351	7.81967871148262	0.0133200836199931	2
"pt_3_eq"	73.9943945553733	17.0785100239208	0.000130010155369682	9
"pt_3_ard"	80.4764796182943	23.5605950868418	5.08639859105702e-06	2
