"AICc"	"Delta_AICc"	"AICcWt"	"K_rates"
"pt_1_eq"	56.1851659003208	0	0.693413072158168	1
"pt_1_ard"	58.0310746355526	1.8459087352318	0.275523112423616	2
"pt_2_eq"	62.7986158541566	6.61344995383581	0.0254038543459777	4
"pt_2_ard"	65.8912481326352	9.70608223231439	0.00541181631371655	2
"pt_3_eq"	72.0713841937567	15.8862182934359	0.000246231467318313	9
"pt_3_ard"	81.7862784244247	25.6011125241039	1.91329120334824e-06	2
