"AICc"	"Delta_AICc"	"AICcWt"	"K_rates"
"pt_1_eq"	56.154685582389	0	0.647041426211089	1
"pt_1_ard"	58.1373826418441	1.98269705945505	0.240101509667932	2
"pt_2_eq"	59.9494737498456	3.79478816745663	0.0970296145813657	4
"pt_2_ard"	63.6052563553075	7.45057077291847	0.0155977228763929	2
"pt_3_eq"	72.057684414501	15.902998832112	0.000227845139057664	9
"pt_3_ard"	81.6508524345544	25.4961668521654	1.8815241632178e-06	2
