"AICc"	"Delta_AICc"	"AICcWt"	"K_rates"
"pt_1_eq"	55.1763827080999	0	0.66089456708391	1
"pt_1_ard"	57.057746182233	1.88136347413306	0.257987874278036	2
"pt_2_eq"	59.6964401971396	4.5200574890397	0.0689626861192061	4
"pt_2_ard"	63.2158872963548	8.03950458825489	0.0118679563899903	2
"pt_3_eq"	70.6879413014832	15.5115585933833	0.000283034926225247	9
"pt_3_ard"	79.2667917850127	24.0904090769128	3.88120263268895e-06	2
