"AICc"	"Delta_AICc"	"AICcWt"	"K_rates"
"pt_1_eq"	54.9660768092431	0	0.690189919291001	1
"pt_1_ard"	56.8297769550366	1.86370014579359	0.271813652980208	2
"pt_2_eq"	61.5692513988375	6.60317458959445	0.0254160155877161	4
"pt_2_ard"	63.0184225382283	8.05234572898528	0.0123147033229381	2
"pt_3_eq"	70.7319184825777	15.7658416733346	0.000260291263276513	9
"pt_3_ard"	78.4762318157337	23.5101550064907	5.41755485991954e-06	2
