"AICc"	"Delta_AICc"	"AICcWt"	"K_rates"
"pt_1_eq"	57.2470087091242	0	0.679671233376503	1
"pt_1_ard"	59.0831596584839	1.83615094935973	0.271383710747808	2
"pt_2_eq"	62.7051538832785	5.45814517415435	0.0443688041762489	4
"pt_2_ard"	67.3273931466133	10.0803844374891	0.00439917481892443	2
"pt_3_eq"	73.7727607479778	16.5257520388537	0.0001752981889071	9
"pt_3_ard"	82.9539815833028	25.7069728741786	1.77869160886152e-06	2
