"AICc"	"Delta_AICc"	"AICcWt"	"K_rates"
"pt_1_eq"	55.4399838833488	0	0.671674110469302	1
"pt_1_ard"	57.4361013657947	1.99611748244592	0.247575237822022	2
"pt_2_eq"	59.9479168890277	4.50793300567892	0.0705136822457745	4
"pt_2_ard"	63.8540793134875	8.41409543013867	0.0100014047003744	6
"pt_3_eq"	71.3945834241831	15.9545995408343	0.000230494909317142	9
"pt_3_ard"	79.028417248778	23.5884333654292	5.0698532099094e-06	12
