"AICc"	"Delta_AICc"	"AICcWt"	"K_rates"
"pt_1_eq"	55.9072383715066	0	0.672592690204703	1
"pt_1_ard"	57.8059726840734	1.89873431256678	0.260283852268527	2
"pt_2_eq"	60.8951170105136	4.987878639007	0.0555453948564721	4
"pt_2_ard"	64.0727491688842	8.16551079737765	0.0113405469900477	2
"pt_3_eq"	71.8418384909624	15.9346001194559	0.00023312974650484	9
"pt_3_ard"	79.7882237038993	23.8809853323927	4.38593374588778e-06	2
