"AICc"	"Delta_AICc"	"AICcWt"	"K_rates"
"pt_1_eq"	54.0625369195693	0	0.665474357467211	1
"pt_1_ard"	55.9141518651048	1.85161494553548	0.263668500210172	2
"pt_2_eq"	58.8425502195416	4.78001329997232	0.060976799507085	4
"pt_2_ard"	62.5061261193175	8.44358919974817	0.00976403274323042	6
"pt_3_eq"	71.4588646511203	17.3963277315509	0.000111062323761254	9
"pt_3_ard"	77.5634494191411	23.5009124995718	5.24774853980462e-06	12
