"AICc"	"Delta_AICc"	"AICcWt"	"K_rates"
"pt_1_eq"	55.020254377452	0	0.688599270476313	1
"pt_1_ard"	56.8680606220502	1.84780624459814	0.273350914038418	2
"pt_2_eq"	61.6234289441305	6.60317456667852	0.0253574407615593	4
"pt_2_ard"	63.0295249509002	8.00927057344818	0.012553809994817	2
"pt_3_eq"	72.1169311798436	17.0966768023916	0.000133496648046603	9
"pt_3_ard"	78.6591594891592	23.6389051117072	5.06808084610673e-06	2
