"AICc"	"Delta_AICc"	"AICcWt"	"K_rates"
"pt_1_eq"	56.6316103259278	0	0.681177023633393	1
"pt_1_ard"	58.5111132992613	1.8795029733335	0.266152840549462	2
"pt_2_eq"	62.1322740805254	5.50066375459757	0.0435317406299284	4
"pt_2_ard"	65.273658643579	8.64204831765124	0.00905030139201019	2
"pt_3_eq"	74.611564666607	17.9799543406792	8.49107179679246e-05	9
"pt_3_ard"	81.1790684934757	24.5474581675479	3.18307723921949e-06	2
