"AICc"	"Delta_AICc"	"AICcWt"	"K_rates"
"pt_1_eq"	59.0093688414019	0	0.684925976888701	1
"pt_1_ard"	60.8556190821332	1.84625024073131	0.272104354541466	2
"pt_2_eq"	65.6228188114591	6.61344997005727	0.0250929212502117	4
"pt_2_ard"	66.3413816314623	7.33201279006042	0.0175193217955022	2
"pt_3_eq"	74.159854364834	15.1504855234322	0.000351364198029293	9
"pt_3_ard"	82.2796437327429	23.270274891341	6.06132608953698e-06	2
