"AICc"	"Delta_AICc"	"AICcWt"	"K_rates"
"pt_1_eq"	59.2183109205974	0	0.716518236201161	1
"pt_1_ard"	61.2899002570092	2.07158933641175	0.254323996394775	2
"pt_2_eq"	65.8317608924225	6.61344997182501	0.0262503340012266	4
"pt_2_ard"	70.5668603130598	11.3485493924624	0.00245992042655994	2
"pt_3_eq"	74.0028825264245	14.7845716058271	0.000441365431334482	9
"pt_3_ard"	82.5505232643177	23.3322123437203	6.1475449429337e-06	2
