"AICc"	"Delta_AICc"	"AICcWt"	"K_rates"
"pt_1_eq"	55.2874799691386	0	0.669327319681427	1
"pt_1_ard"	57.2885897171136	2.001109747975	0.246095170625022	2
"pt_2_eq"	59.7437043193895	4.45622435025088	0.072107714258066	4
"pt_2_ard"	63.2900703171867	8.00259034804812	0.0122432900210992	2
"pt_3_eq"	71.3201807761828	16.0327008070442	0.000220892925260063	9
"pt_3_ard"	78.6655483110532	23.3780683419146	5.61248912590363e-06	2
