"AICc"	"Delta_AICc"	"AICcWt"	"K_rates"
"pt_1_eq"	56.7126066864731	0	0.637625697242225	1
"pt_1_ard"	58.7384144328639	2.02580774639077	0.231561976913775	2
"pt_2_eq"	60.1412446622775	3.42863797580439	0.11482766530604	4
"pt_2_ard"	64.1278234090522	7.41521672257908	0.0156448700114133	2
"pt_3_eq"	71.8226752568904	15.1100685704173	0.000333776772429631	9
"pt_3_ard"	79.8555217066516	23.1429150201784	6.01375411703133e-06	2
