"AICc"	"Delta_AICc"	"AICcWt"	"K_rates"
"pt_1_eq"	57.9771711817961	0	0.665085595176641	1
"pt_1_ard"	59.9321972684788	1.95502608668271	0.250235557335003	2
"pt_2_eq"	62.4338707575102	4.45669957571412	0.0716337233124774	4
"pt_2_ard"	65.8808015183521	7.90363033655602	0.0127828007843813	2
"pt_3_eq"	73.6889759210991	15.711804739303	0.000257692923293485	9
"pt_3_ard"	81.7271972598829	23.7500260780868	4.63046820355261e-06	2
