"AICc"	"Delta_AICc"	"AICcWt"	"K_rates"
"pt_1_eq"	54.0231781027664	0	0.696917988921119	1
"pt_1_ard"	55.9038318547051	1.88065375193872	0.272146592712639	2
"pt_2_eq"	60.6366280652653	6.61344996249896	0.0255322602296102	4
"pt_2_ard"	63.7955751872898	9.77239708452345	0.00526177908485028	2
"pt_3_eq"	71.0542497605419	17.0310716577755	0.000139614798475038	9
"pt_3_ard"	79.796569052575	25.7733909498086	1.76425330631841e-06	2
