"AICc"	"Delta_AICc"	"AICcWt"	"K_rates"
"pt_1_eq"	58.5931124386902	0	0.643699149261493	1
"pt_1_ard"	60.5192796405261	1.92616720183591	0.245708987126973	2
"pt_2_eq"	62.4455622692463	3.8524498305561	0.0937851513343313	4
"pt_2_ard"	65.9239878474514	7.33087540876118	0.0164741708777783	2
"pt_3_eq"	73.7663282328749	15.1732157941847	0.000326483313204978	9
"pt_3_ard"	81.7402980216072	23.147185582917	6.05808622011772e-06	2
