"AICc"	"Delta_AICc"	"AICcWt"	"K_rates"
"pt_1_eq"	57.4835652342701	0	0.568534198365977	1
"pt_1_ard"	59.4612445188724	1.97767928460233	0.211499328706601	2
"pt_2_eq"	59.6339509306608	2.15038569639073	0.194002029165195	4
"pt_2_ard"	63.6979183642373	6.21435312996728	0.0254288638740305	6
"pt_3_eq"	71.4543098999006	13.9707446656306	0.000526075328723623	9
"pt_3_ard"	79.4816554699682	21.9980902356981	9.50455947257431e-06	12
