"AICc"	"Delta_AICc"	"AICcWt"	"K_rates"
"pt_1_eq"	57.7831710088315	0	0.662892558561388	1
"pt_1_ard"	59.7086170142439	1.9254460054124	0.253126641023522	2
"pt_2_eq"	62.0452868997961	4.26211589096468	0.0786930607521361	4
"pt_2_ard"	67.5645756595808	9.78140465074932	0.00498239449728939	2
"pt_3_eq"	73.1930497423426	15.4098787335112	0.000298696747355832	9
"pt_3_ard"	80.8031494576803	23.0199784488489	6.64841830935156e-06	2
