"AICc"	"Delta_AICc"	"AICcWt"	"K_rates"
"pt_1_eq"	58.123486489451	0	0.606913012902708	1
"pt_1_ard"	60.2138888818092	2.09040239235814	0.213403401443443	2
"pt_2_eq"	60.8010016708528	2.67751518140174	0.159115106969465	4
"pt_2_ard"	64.9401271047677	6.81664061531666	0.0200868458709124	6
"pt_3_eq"	72.4448786173648	14.3213921279137	0.000471276367395605	9
"pt_3_ard"	80.0805497255384	21.9570632360874	1.03564460762248e-05	12
