"AICc"	"Delta_AICc"	"AICcWt"	"K_rates"
"pt_1_eq"	56.658989586487	0	0.628178055060329	1
"pt_1_ard"	58.6994816083835	2.04049202189652	0.226462109170836	2
"pt_2_eq"	59.870400586937	3.21141100044997	0.126105411098902	4
"pt_2_ard"	63.671198396798	7.01220881031097	0.0188538898046999	2
"pt_3_eq"	71.4174576358224	14.7584680493354	0.000392032563997543	9
"pt_3_ard"	79.0794737304034	22.4204841439164	8.50230123574857e-06	2
