"AICc"	"Delta_AICc"	"AICcWt"	"K_rates"
"pt_1_eq"	55.8871439014807	0	0.662864543830492	1
"pt_1_ard"	57.9480492358143	2.06090533433361	0.236540157860793	2
"pt_2_eq"	59.7090049339047	3.821861032424	0.098065943491699	4
"pt_2_ard"	67.2027765658661	11.3156326643854	0.00231348334241239	6
"pt_3_eq"	71.9873665803172	16.1002226788365	0.000211497800927857	9
"pt_3_ard"	79.7445891541007	23.8574452526201	4.37367367582653e-06	12
