"AICc"	"Delta_AICc"	"AICcWt"	"K_rates"
"pt_1_eq"	57.021379879801	0	0.686200501990148	1
"pt_1_ard"	58.9146158454121	1.89323596561113	0.266280929967695	2
"pt_2_eq"	63.6245544829702	6.60317460316915	0.0252691064430807	4
"pt_2_ard"	63.9041389628647	6.88275908306365	0.0219724703148733	2
"pt_3_eq"	72.7139765958747	15.6925967160737	0.000268439827562284	9
"pt_3_ard"	79.6070268901574	22.5856470103564	8.5514566407657e-06	2
