"AICc"	"Delta_AICc"	"AICcWt"	"K_rates"
"pt_1_eq"	56.8435593464546	0	0.7004617636341	1
"pt_1_ard"	58.8023418442325	1.95878249777786	0.263051158167119	2
"pt_2_eq"	63.457009319032	6.61344997257733	0.0256620896923055	4
"pt_2_ard"	65.2227210108401	8.37916166438546	0.0106138414630273	2
"pt_3_eq"	73.0983445104014	16.2547851639467	0.000206872461819384	9
"pt_3_ard"	80.8571769982689	24.0136176518142	4.27458162871367e-06	2
