"AICc"	"Delta_AICc"	"AICcWt"	"K_rates"
"pt_1_eq"	55.9914796134655	0	0.687808096456316	1
"pt_1_ard"	57.8970679910657	1.90558837760022	0.265261380307777	2
"pt_2_eq"	61.6687302265701	5.67725061310465	0.0402409270240705	4
"pt_2_ard"	65.3041479108145	9.31266829734909	0.00653502204720079	2
"pt_3_eq"	72.8259179470911	16.8344383336257	0.000152025152119191	9
"pt_3_ard"	81.0025978394153	25.0111182259499	2.54901251579704e-06	2
