"AICc"	"Delta_AICc"	"AICcWt"	"K_rates"
"pt_1_eq"	56.7594126020829	0	0.667422844731973	1
"pt_1_ard"	58.6413070780901	1.88189447600728	0.260467099880533	2
"pt_2_eq"	61.5143667178827	4.75495411579988	0.0619264095468027	4
"pt_2_ard"	65.1510578238821	8.39164522179924	0.0100502869293077	2
"pt_3_eq"	73.863661685196	17.1042490831132	0.000128902271580558	9
"pt_3_ard"	80.592980601055	23.8335679989721	4.45663980297426e-06	2
