"AICc"	"Delta_AICc"	"AICcWt"	"K_rates"
"pt_1_eq"	56.4318558814735	0	0.660505636143233	1
"pt_1_ard"	58.2844362670364	1.85258038556294	0.261573539113942	2
"pt_2_eq"	60.8519808634448	4.42012498197128	0.0724533688091605	4
"pt_2_ard"	66.1066797637096	9.67482388223608	0.00523618780772776	2
"pt_3_eq"	72.3871269176023	15.9552710361289	0.000226586193545805	9
"pt_3_ard"	80.1459558962293	23.7141000147559	4.68193239057242e-06	2
