"AICc"	"Delta_AICc"	"AICcWt"	"K_rates"
"pt_1_eq"	57.6767119635811	0	0.648143102543657	1
"pt_1_ard"	59.6635573922174	1.98684542863636	0.240011969475235	2
"pt_2_eq"	61.4582779420035	3.78156597842246	0.0978395136033366	4
"pt_2_ard"	65.3882626909217	7.71155072734064	0.0137128883429282	2
"pt_3_eq"	73.1202780482919	15.4435660847109	0.00028717269107211	9
"pt_3_ard"	81.0850028008967	23.4082908373156	5.35334377075825e-06	2
