"AICc"	"Delta_AICc"	"AICcWt"	"K_rates"
"pt_1_eq"	57.7938311969438	0	0.69184182192924	1
"pt_1_ard"	59.6938313232349	1.9000001262911	0.26756359738609	2
"pt_2_eq"	64.4072811654773	6.61344996853348	0.0253462898974281	4
"pt_2_ard"	65.4640461056968	7.67021490875292	0.0149431035751667	2
"pt_3_eq"	73.2805961504733	15.4867649535295	0.000299984303217604	9
"pt_3_ard"	81.3896207221632	23.5957895252194	5.20290885738212e-06	2
