"AICc"	"Delta_AICc"	"AICcWt"	"K_rates"
"pt_1_eq"	56.3917381249526	0	0.666440947711625	1
"pt_1_ard"	58.3050473929019	1.9133092679493	0.256030582730703	2
"pt_2_eq"	60.8152581856564	4.42352006070379	0.0729804432636647	4
"pt_2_ard"	66.4874327747072	10.0956946497547	0.0042806471876645	2
"pt_3_eq"	72.0773187130302	15.6855805880776	0.000261626135268671	9
"pt_3_ard"	79.7117188934269	23.3199807684743	5.75297107384276e-06	2
