"AICc"	"Delta_AICc"	"AICcWt"	"K_rates"
"pt_1_eq"	56.7978568608988	0	0.697358490900705	1
"pt_1_ard"	58.7039023215601	1.90604546066132	0.268883145628283	2
"pt_2_eq"	63.4113068083921	6.61344994749334	0.025548398634619	4
"pt_2_ard"	65.7224264102146	8.9245695493158	0.00804471084843687	2
"pt_3_eq"	73.5275239474529	16.7296670865542	0.000162425810766206	9
"pt_3_ard"	81.6287018412729	24.8308449803741	2.82817718949085e-06	2
