"AICc"	"Delta_AICc"	"AICcWt"	"K_rates"
"pt_1_eq"	58.152966094014	0	0.64480475617468	1
"pt_1_ard"	60.0665364369318	1.91357034291778	0.247686143904023	2
"pt_2_eq"	62.0761682795269	3.92320218551282	0.0906808749729027	4
"pt_2_ard"	65.4844103621982	7.33144426818419	0.0164977735143051	2
"pt_3_eq"	73.3128617467961	15.1598956527821	0.000329229481560199	9
"pt_3_ard"	84.5054717603122	26.3525056662982	1.22195252921633e-06	2
