"AICc"	"Delta_AICc"	"AICcWt"	"K_rates"
"pt_1_eq"	53.4257949571447	0	0.695472485162407	1
"pt_1_ard"	55.3233307804543	1.8975358233096	0.269299336950694	2
"pt_2_eq"	60.0289695600738	6.60317460292909	0.0256105441586582	4
"pt_2_ard"	62.0152942793854	8.58949932224073	0.00948623488359222	2
"pt_3_eq"	70.6451052786041	17.2193103214594	0.000126810211056842	9
"pt_3_ard"	77.2833238391163	23.8575288819716	4.58863359184231e-06	2
