"AICc"	"Delta_AICc"	"AICcWt"	"K_rates"
"pt_1_eq"	56.0848200801561	0	0.693824344878072	1
"pt_1_ard"	57.9543218017656	1.86950172160953	0.272453501351924	2
"pt_2_eq"	62.6982700219359	6.61344994177984	0.0254189218705753	4
"pt_2_ard"	64.9517711120072	8.8669510318511	0.0082378822894412	2
"pt_3_eq"	74.7057454984336	18.6209254182776	6.27721430433717e-05	9
"pt_3_ard"	81.0911540596296	25.0063339794735	2.57746694491792e-06	2
