"AICc"	"Delta_AICc"	"AICcWt"	"K_rates"
"pt_1_eq"	55.341473115077	0	0.652661763766775	1
"pt_1_ard"	57.3234819545122	1.98200883943522	0.242270435085799	2
"pt_2_eq"	59.2513853089499	3.90991219387286	0.0923977775023676	4
"pt_2_ard"	63.2720667891628	7.93059367408581	0.0123760380188388	6
"pt_3_eq"	70.7879257569664	15.4464526418894	0.000288757715067503	9
"pt_3_ard"	78.8110781156976	23.4696050006206	5.22791115194041e-06	12
