"AICc"	"Delta_AICc"	"AICcWt"	"K_rates"
"pt_1_eq"	56.3861457664011	0	0.677647353597798	1
"pt_1_ard"	58.2572052210485	1.87105945464742	0.265893884268662	2
"pt_2_eq"	61.5636415371113	5.17749577071022	0.0509008254152803	4
"pt_2_ard"	66.0695271365567	9.68338137015557	0.0053491428874102	2
"pt_3_eq"	72.5741498815917	16.1880041151906	0.000206929932696736	9
"pt_3_ard"	81.9935702231021	25.607424456701	1.8638981529997e-06	2
