"AICc"	"Delta_AICc"	"AICcWt"	"K_rates"
"pt_1_eq"	56.7347286266483	0	0.623989790559138	1
"pt_1_ard"	58.7642149046058	2.02948627795755	0.226193509123835	2
"pt_2_eq"	59.8534941389756	3.11876551232736	0.131203722758152	4
"pt_2_ard"	63.8014309592173	7.06670233256908	0.0182247915577278	2
"pt_3_eq"	71.5348272970554	14.8000986704072	0.000381396665649628	9
"pt_3_ard"	79.5918010543764	22.8570724277281	6.78933549861023e-06	2
