"AICc"	"Delta_AICc"	"AICcWt"	"K_rates"
"pt_1_eq"	57.0161900555982	0	0.673070055048545	1
"pt_1_ard"	58.8718899774478	1.85569992184958	0.26613387109786	2
"pt_2_eq"	62.0204022820072	5.00421222640898	0.055132716438021	4
"pt_2_ard"	66.6539595968688	9.63776954127059	0.00543557139365769	2
"pt_3_eq"	73.0217172314965	16.0055271758983	0.000225166720754189	9
"pt_3_ard"	81.9295843490994	24.9133942935012	2.61930116202392e-06	2
