"AICc"	"Delta_AICc"	"AICcWt"	"K_rates"
"pt_1_eq"	56.2396333151532	0	0.689708874288851	1
"pt_1_ard"	58.0422466495952	1.80261333444194	0.28004853292275	2
"pt_2_eq"	62.8530831795661	6.61344986441289	0.0252681486266629	4
"pt_2_ard"	66.1697726796077	9.9301393644545	0.00481241917664598	2
"pt_3_eq"	72.9831430005068	16.7435096853535	0.000159536067237401	9
"pt_3_ard"	81.3039870101663	25.064353695013	2.48891785272482e-06	2
