"AICc"	"Delta_AICc"	"AICcWt"	"K_rates"
"pt_1_eq"	56.2529248770547	0	0.66580062073693	1
"pt_1_ard"	58.0756614485461	1.82273657149136	0.267634427203769	2
"pt_2_eq"	61.2688985115359	5.01597363448123	0.0542174840414531	4
"pt_2_ard"	64.2452615165614	7.99233663950665	0.0122413790436741	2
"pt_3_eq"	73.7951652254904	17.5422403484356	0.000103298758971235	9
"pt_3_ard"	81.0181784966478	24.7652536195931	2.79021520325979e-06	2
