"AICc"	"Delta_AICc"	"AICcWt"	"K_rates"
"pt_1_eq"	57.4185312403635	0	0.680733531103967	1
"pt_1_ard"	59.3837241448461	1.96519290448255	0.254824350626047	2
"pt_2_eq"	62.5551453213913	5.13661408102777	0.0521885905137837	4
"pt_2_ard"	65.4705408895856	8.05200964922209	0.0121480190381734	2
"pt_3_eq"	75.0462991495277	17.6277679091641	0.000101194283021904	9
"pt_3_ard"	81.3564509180837	23.9379196777202	4.31443500744386e-06	2
