"AICc"	"Delta_AICc"	"AICcWt"	"K_rates"
"pt_1_eq"	57.3602278774185	0	0.697166810446605	1
"pt_1_ard"	59.3045942585153	1.94436638109685	0.263707759365653	2
"pt_2_eq"	63.973677844049	6.61344996663048	0.0255413759925399	4
"pt_2_ard"	65.2772544645058	7.9170265870873	0.0133099438651684	2
"pt_3_eq"	73.0727122564822	15.7124843790638	0.000270031278314768	9
"pt_3_ard"	81.4580587727488	24.0978308953304	4.07905171972418e-06	2
