"AICc"	"Delta_AICc"	"AICcWt"	"K_rates"
"pt_1_eq"	56.5284690296717	0	0.673927284162304	1
"pt_1_ard"	58.3890850221278	1.8606159924561	0.265818626743216	2
"pt_2_eq"	61.5481529822249	5.01968395255314	0.0547775392270728	4
"pt_2_ard"	66.1905598765475	9.66209084687581	0.00537671070812174	2
"pt_3_eq"	74.2007611233086	17.6722920936369	9.79768719449425e-05	9
"pt_3_ard"	82.1266130535707	25.598144023899	1.86228734044397e-06	2
