"AICc"	"Delta_AICc"	"AICcWt"	"K_rates"
"pt_1_eq"	57.580333375333	0	0.692205953840584	1
"pt_1_ard"	59.4660928240151	1.88575944868217	0.269617370648974	2
"pt_2_eq"	64.1937833447761	6.61344996944314	0.0253596302083394	4
"pt_2_ard"	65.5811320621074	8.00079868677447	0.0126731323449191	2
"pt_3_eq"	74.5985255272903	17.0181921519573	0.00013956671567421	9
"pt_3_ard"	81.5369880971231	23.9566547217901	4.34624150848474e-06	2
