"AICc"	"Delta_AICc"	"AICcWt"	"K_rates"
"pt_1_eq"	55.2434692841161	0	0.641871112304686	1
"pt_1_ard"	57.2260530211053	1.98258373698916	0.238196426662176	2
"pt_2_eq"	58.844318535935	3.60084925181883	0.106055537753711	4
"pt_2_ard"	62.9409435438714	7.69747425975521	0.0136761083448516	2
"pt_3_eq"	71.450415918554	16.2069466344378	0.000194157461225076	9
"pt_3_ard"	78.1962748185165	22.9528055344003	6.65747334982156e-06	2
