"AICc"	"Delta_AICc"	"AICcWt"	"K_rates"
"pt_1_eq"	57.2952408986301	0	0.642266642896398	1
"pt_1_ard"	59.0999310007404	1.80469010211027	0.260514493797257	2
"pt_2_eq"	61.3602291529031	4.064988254273	0.08414230073703	4
"pt_2_ard"	65.1136836554075	7.81844275677739	0.0128813711491466	6
"pt_3_eq"	73.5141810774475	16.2189401788174	0.000193115554680247	9
"pt_3_ard"	82.5800022164	25.2847613177698	2.07586548759537e-06	12
