"AICc"	"Delta_AICc"	"AICcWt"	"K_rates"
"pt_1_eq"	57.6407681263418	0	0.638511499939832	1
"pt_1_ard"	59.625975609183	1.98520748284124	0.23663904061517	2
"pt_2_eq"	61.1649492553604	3.52418112901864	0.109623209945545	4
"pt_2_ard"	65.1622334755878	7.52146534924604	0.0148560473536637	2
"pt_3_eq"	72.5879304454061	14.9471623190643	0.000362604897783181	9
"pt_3_ard"	80.3189859020075	22.6782177756657	7.59724800665097e-06	2
