"AICc"	"Delta_AICc"	"AICcWt"	"K_rates"
"pt_1_eq"	57.2890125716335	0	0.608657565008984	1
"pt_1_ard"	59.3299413816626	2.0409288100291	0.219376934831298	2
"pt_2_eq"	60.070973150824	2.78196057919043	0.151453027799149	4
"pt_2_ard"	64.1093420592154	6.82032948758189	0.0201074637130845	2
"pt_3_eq"	71.9565194093325	14.667506837699	0.000397524941911185	9
"pt_3_ard"	79.9015786338874	22.6125660622539	7.48370557312956e-06	2
