"AICc"	"Delta_AICc"	"AICcWt"	"K_rates"
"pt_1_eq"	55.4435859794105	0	0.700592072824494	1
"pt_1_ard"	57.4154814890455	1.97189550963498	0.261380719808836	2
"pt_2_eq"	62.0467605720488	6.6031745926383	0.025799071413169	4
"pt_2_ard"	63.5817288920631	8.13814291265255	0.0119753975315497	2
"pt_3_eq"	71.3353741822697	15.8917882028592	0.000248088856272154	9
"pt_3_ard"	79.2894005036003	23.8458145241898	4.64956567842909e-06	2
