"AICc"	"Delta_AICc"	"AICcWt"	"K_rates"
"pt_1_eq"	54.0968276404299	0	0.664691064889717	1
"pt_1_ard"	55.9929797651051	1.89615212467522	0.257558352556038	2
"pt_2_eq"	58.743956103411	4.64712846298108	0.0650891674757201	4
"pt_2_ard"	62.0581509258304	7.96132328540048	0.0124119625077556	6
"pt_3_eq"	69.8885366231056	15.7917089826757	0.000247453616479306	9
"pt_3_ard"	79.5257345576935	25.4289069172635	1.99895429032719e-06	12
