"AICc"	"Delta_AICc"	"AICcWt"	"K_rates"
"pt_1_eq"	55.7789788353465	0	0.638393702093572	1
"pt_1_ard"	57.8239630013122	2.04498416596574	0.229628571713107	2
"pt_2_eq"	59.1911625958199	3.41218376047345	0.115915711351871	4
"pt_2_ard"	63.1868506754779	7.40787184013138	0.0157213437067957	6
"pt_3_eq"	70.8947061279488	15.1157272926023	0.000333234622389413	9
"pt_3_ard"	78.4995958405809	22.7206170052344	7.43651226472998e-06	12
