"AICc"	"Delta_AICc"	"AICcWt"	"K_rates"
"pt_1_eq"	54.4604943638212	0	0.669510548482305	1
"pt_1_ard"	56.3487645796677	1.88827021584655	0.260450236659069	2
"pt_2_eq"	59.0564785575526	4.59598419373142	0.0672592680531362	4
"pt_2_ard"	65.6034919579678	11.1429975941466	0.00254733604201286	2
"pt_3_eq"	70.431003286695	15.9705089228738	0.000227932091049163	9
"pt_3_ard"	78.2030699626497	23.7425755988285	4.67867242743579e-06	2
