"AICc"	"Delta_AICc"	"AICcWt"	"K_rates"
"pt_1_eq"	56.1333231109342	0	0.66412337752157	1
"pt_1_ard"	58.0759680490753	1.94264493814103	0.251425185636037	2
"pt_2_eq"	60.5533928859718	4.42006977503753	0.0728522235307762	4
"pt_2_ard"	64.2740224135328	8.1406993025986	0.0113375280603003	2
"pt_3_eq"	71.8401809489706	15.7068578380364	0.000257957360452814	9
"pt_3_ard"	80.3140843087473	24.1807611978131	3.72789086435526e-06	2
