"AICc"	"Delta_AICc"	"AICcWt"	"K_rates"
"pt_1_eq"	55.8048398894788	0	0.696459925673769	1
"pt_1_ard"	57.7151639238577	1.91032403437886	0.267962819493701	2
"pt_2_eq"	62.4182898621316	6.61344997265276	0.0255154785128268	4
"pt_2_ard"	64.3187516679473	8.51391177846852	0.0098656040143088	2
"pt_3_eq"	72.1741686666072	16.3693287771284	0.000194241289250969	9
"pt_3_ard"	81.3962782293157	25.5914383398369	1.93101614411723e-06	2
