"AICc"	"Delta_AICc"	"AICcWt"	"K_rates"
"pt_1_eq"	56.5918164402766	0	0.682059572364338	1
"pt_1_ard"	58.4876995422267	1.89588310195004	0.264323954845932	2
"pt_2_eq"	61.9849435760202	5.3931271357436	0.0459959539800281	4
"pt_2_ard"	65.6290049175488	9.0371884772722	0.00743741070612444	2
"pt_3_eq"	73.0702013580729	16.4783849177963	0.000180130182144858	9
"pt_3_ard"	81.2751099025928	24.6832934623162	2.97792143275657e-06	2
