"AICc"	"Delta_AICc"	"AICcWt"	"K_rates"
"pt_1_eq"	56.416194979111	0	0.639278505195849	1
"pt_1_ard"	58.3841823761196	1.96798739700863	0.23897202773043	2
"pt_2_eq"	60.0146830600424	3.59848808093145	0.105751940150584	4
"pt_2_ard"	63.8283602694875	7.41216529037649	0.0157093732989009	2
"pt_3_eq"	71.8798378350964	15.4636428559854	0.000280415955390702	9
"pt_3_ard"	79.0601850276076	22.6439900484967	7.73766884588831e-06	2
