"AICc"	"Delta_AICc"	"AICcWt"	"K_rates"
"pt_1_eq"	58.0742422642847	0	0.687190080164754	1
"pt_1_ard"	59.8993704016209	1.82512813733621	0.275902313575846	2
"pt_2_eq"	64.6876922352281	6.61344997094344	0.0251758688379584	4
"pt_2_ard"	66.2540121371425	8.17976987285781	0.0115043589074828	2
"pt_3_eq"	74.1264649618221	16.0522226975374	0.000224585137210516	9
"pt_3_ard"	82.9004723573814	24.8262300930968	2.79337674772297e-06	2
