"AICc"	"Delta_AICc"	"AICcWt"	"K_rates"
"pt_1_eq"	58.0613194712856	0	0.628007245572554	1
"pt_1_ard"	60.1526601961224	2.09134072483678	0.220717000790966	2
"pt_2_eq"	61.1597661713965	3.09844670011089	0.133396827839155	4
"pt_2_ard"	65.2278165703609	7.16649709907528	0.0174493631869834	6
"pt_3_eq"	72.6778584828326	14.616539011547	0.000420749429495064	9
"pt_3_ard"	80.4094365885855	22.3481171173	8.81318084595669e-06	12
