"AICc"	"Delta_AICc"	"AICcWt"	"K_rates"
"pt_1_eq"	57.0605719379104	0	0.673880897816057	1
"pt_1_ard"	58.9548853986109	1.89431346070049	0.261359448055978	2
"pt_2_eq"	61.8978807888939	4.83730885098352	0.0600032639754821	4
"pt_2_ard"	67.0655614458438	10.0049895079334	0.0045292602768117	2
"pt_3_eq"	73.075753494792	16.0151815568816	0.000224352367790053	9
"pt_3_ard"	81.8590811076934	24.798509169783	2.777507880847e-06	2
