"AICc"	"Delta_AICc"	"AICcWt"	"K_rates"
"pt_1_eq"	57.250816404599	0	0.676415154326195	1
"pt_1_ard"	59.1843037559054	1.9334873513064	0.257253851264905	2
"pt_2_eq"	62.1693475067459	4.91853110214692	0.0578319545664619	4
"pt_2_ard"	66.0513667119772	8.80055030737816	0.00830229404410482	2
"pt_3_eq"	73.5720645219102	16.3212481173112	0.000193241024522361	9
"pt_3_ard"	81.5916890343418	24.3408726297428	3.50477381136278e-06	2
