"AICc"	"Delta_AICc"	"AICcWt"	"K_rates"
"pt_1_eq"	55.8347318851846	0	0.692850508049286	1
"pt_1_ard"	57.7237079233437	1.88897603815905	0.269434748311413	2
"pt_2_eq"	62.4481818553462	6.61344997016161	0.0253832440619609	4
"pt_2_ard"	63.931670940897	8.09693905571234	0.0120895897489648	2
"pt_3_eq"	71.7939998157859	15.9592679306012	0.000237207568076148	9
"pt_3_ard"	79.6357843452977	23.801052460113	4.70226029876574e-06	2
