"AICc"	"Delta_AICc"	"AICcWt"	"K_rates"
"pt_1_eq"	57.2924549401832	0	0.666045214316356	1
"pt_1_ard"	59.187680336322	1.89522539613887	0.258202680418563	2
"pt_2_eq"	61.796126095395	4.5036711552118	0.0700719085654348	4
"pt_2_ard"	66.9241191088943	9.63166416871115	0.00539528526565377	2
"pt_3_eq"	72.8159878896333	15.5235329494501	0.000283538059222838	9
"pt_3_ard"	83.4761385207904	26.1836835806072	1.37337476960198e-06	2
