"AICc"	"Delta_AICc"	"AICcWt"	"K_rates"
"pt_1_eq"	56.7138113552239	0	0.696392105881577	1
"pt_1_ard"	58.592543706776	1.87873235155219	0.272202614827514	2
"pt_2_eq"	63.3272613126674	6.6134499574435	0.0255129940635977	4
"pt_2_ard"	66.3344762797411	9.62066492451721	0.00567221906102147	2
"pt_3_eq"	72.878003829058	16.1641924738341	0.000215200879308518	9
"pt_3_ard"	80.4568962516575	23.7430848964336	4.86528698191061e-06	2
