"AICc"	"Delta_AICc"	"AICcWt"	"K_rates"
"pt_1_eq"	55.3869972060362	0	0.666538943128639	1
"pt_1_ard"	57.3942850765939	2.00728787055768	0.244314085197508	2
"pt_2_eq"	59.705416192647	4.31841898661076	0.0769294735264152	4
"pt_2_ard"	63.4094281163072	8.02243091027097	0.012071932283647	2
"pt_3_eq"	72.3075444954482	16.920547289412	0.000141115711319674	9
"pt_3_ard"	79.2208281807027	23.8338309746664	4.45015247155089e-06	2
