"AICc"	"Delta_AICc"	"AICcWt"	"K_rates"
"pt_1_eq"	55.4933211676501	0	0.671659375952347	1
"pt_1_ard"	57.4557133034772	1.96239213582703	0.251779892424655	2
"pt_2_eq"	60.1614309614594	4.6681097938093	0.0650851513988965	4
"pt_2_ard"	63.6732307310661	8.17990956341599	0.0112435715694846	6
"pt_3_eq"	71.4711347961496	15.9778136284995	0.000227830013422303	9
"pt_3_ard"	79.4683621462463	23.9750409785962	4.17864119480695e-06	12
