"AICc"	"Delta_AICc"	"AICcWt"	"K_rates"
"pt_1_eq"	58.1628834062396	0	0.710031566852212	1
"pt_1_ard"	60.1656023245628	2.00271891832328	0.260851158378004	2
"pt_2_eq"	64.7660579950191	6.60317458877958	0.0261466777097772	4
"pt_2_ard"	69.420192643799	11.2573092375594	0.00255143210319372	2
"pt_3_eq"	73.0749170782725	14.912033672033	0.000410365354883473	9
"pt_3_ard"	80.7595998527478	22.5967164465083	8.79960192908945e-06	2
