"AICc"	"Delta_AICc"	"AICcWt"	"K_rates"
"pt_1_eq"	57.4201837295715	0	0.697895655487172	1
"pt_1_ard"	59.3537230392336	1.93353930966202	0.265416408637254	2
"pt_2_eq"	64.0336336652881	6.6134499357166	0.0255680783261361	4
"pt_2_ard"	65.7483506095508	8.32816687997927	0.0108480589014781	2
"pt_3_eq"	73.1574573292973	15.7372735997258	0.000266983826057221	9
"pt_3_ard"	81.1884353760672	23.7682516464957	4.81482190301949e-06	2
