"AICc"	"Delta_AICc"	"AICcWt"	"K_rates"
"pt_1_eq"	57.5422992361156	0	0.67426038513451	1
"pt_1_ard"	59.4128276898884	1.87052845377283	0.264635163927567	2
"pt_2_eq"	62.6645923344337	5.12229309831805	0.0520637961283917	4
"pt_2_ard"	66.1888076788194	8.64650844270375	0.00893844952599445	2
"pt_3_eq"	75.2129605696552	17.6706613335396	9.81052592859564e-05	9
"pt_3_ard"	81.5630567458989	24.0207575097833	4.10002425066885e-06	2
