"AICc"	"Delta_AICc"	"AICcWt"	"K_rates"
"pt_1_eq"	54.9867364371057	0	0.657518134925591	1
"pt_1_ard"	57.0116165192323	2.02488008212661	0.238896954023482	2
"pt_2_eq"	58.9628535740133	3.97611713690762	0.0900543860129209	4
"pt_2_ard"	62.7964812167585	7.80974477965278	0.0132447328875601	6
"pt_3_eq"	70.4976255131467	15.510889076041	0.00028168321438777	9
"pt_3_ard"	78.9528634291005	23.9661269919948	4.10893605784568e-06	12
