"AICc"	"Delta_AICc"	"AICcWt"	"K_rates"
"pt_1_eq"	56.2602924596731	0	0.642314195939071	1
"pt_1_ard"	58.2068448895625	1.94655242988946	0.242693995207616	2
"pt_2_eq"	59.9709163040906	3.71062384441753	0.100460605294979	4
"pt_2_ard"	63.8817434719283	7.62145101225519	0.0142157723861237	6
"pt_3_eq"	71.5258196012048	15.2655271415318	0.000311085966613847	9
"pt_3_ard"	80.0678120381655	23.8075195784924	4.34520559620707e-06	12
