"AICc"	"Delta_AICc"	"AICcWt"	"K_rates"
"pt_1_eq"	57.1582143662871	0	0.673483675288391	1
"pt_1_ard"	59.1346262282442	1.97641186195707	0.250700205772723	2
"pt_2_eq"	61.7511100747626	4.59289570847552	0.0677629715006301	4
"pt_2_ard"	66.0582758483274	8.90006148204024	0.00786508242095024	2
"pt_3_eq"	73.558730780146	16.4005164138589	0.000184926940153379	9
"pt_3_ard"	81.7114319570212	24.5532175907341	3.13807715256753e-06	2
