"AICc"	"Delta_AICc"	"AICcWt"	"K_rates"
"pt_1_eq"	57.9127389990848	0	0.621690359676261	1
"pt_1_ard"	59.8877173437085	1.97497834462366	0.23158639083178	2
"pt_2_eq"	60.9955576103205	3.08281861123574	0.133090965976981	4
"pt_2_ard"	65.6136756410075	7.70093664192265	0.0132232128421269	2
"pt_3_eq"	72.6028661638481	14.6901271647633	0.00040147041775763	9
"pt_3_ard"	80.5367702433057	22.6240312442209	7.6002550932859e-06	2
