"AICc"	"Delta_AICc"	"AICcWt"	"K_rates"
"pt_1_eq"	55.781549304233	0	0.68192646702436	1
"pt_1_ard"	57.6628786891269	1.88132938489385	0.266202458104863	2
"pt_2_eq"	61.7078533641768	5.92630405994378	0.0352254841590286	4
"pt_2_ard"	63.2408275247045	7.45927822047143	0.0163672554852775	6
"pt_3_eq"	71.4025687501149	15.6210194458818	0.000276487991173698	9
"pt_3_ard"	81.4195233520977	25.6379740478647	1.84723529739178e-06	12
