"AICc"	"Delta_AICc"	"AICcWt"	"K_rates"
"pt_1_eq"	57.3868737605264	0	0.695403285907692	1
"pt_1_ard"	59.3011441758108	1.91427041528446	0.26702885857913	2
"pt_2_eq"	64.0003236827662	6.61344992223982	0.0254767681419912	4
"pt_2_ard"	65.514478543749	8.12760478322267	0.0119495013940106	2
"pt_3_eq"	74.4428845969229	17.0560108363965	0.000137584985914398	9
"pt_3_ard"	81.5182839163357	24.1314101558093	4.00099126170617e-06	2
