"AICc"	"Delta_AICc"	"AICcWt"	"K_rates"
"pt_1_eq"	56.5536862839612	0	0.679141496752055	1
"pt_1_ard"	58.3991172542692	1.84543097030799	0.269916866735957	2
"pt_2_eq"	61.958708399611	5.4050221156498	0.0455275864545491	4
"pt_2_ard"	66.2971419553877	9.74345567142649	0.00520230428960753	2
"pt_3_eq"	72.7173193497971	16.1636330658359	0.000209928761418995	9
"pt_3_ard"	82.21647519641	25.6627889124488	1.81700641239857e-06	2
