"AICc"	"Delta_AICc"	"AICcWt"	"K_rates"
"pt_1_eq"	57.4113226044186	0	0.626405814983672	1
"pt_1_ard"	59.4121502396354	2.00082763521679	0.230346480007713	2
"pt_2_eq"	60.4410525651541	3.02972996073552	0.137707717159802	4
"pt_2_ard"	67.0184399738677	9.60711736944911	0.00513684841760302	6
"pt_3_eq"	72.1519267904223	14.7406041860037	0.000394433916334207	9
"pt_3_ard"	79.7789165806101	22.3675939761915	8.70551487662349e-06	12
