"AICc"	"Delta_AICc"	"AICcWt"	"K_rates"
"pt_1_eq"	55.0016962885871	0	0.65488773554787	1
"pt_1_ard"	56.9934081820357	1.9917118934486	0.241920189936225	2
"pt_2_eq"	58.9798705112196	3.97817422263241	0.0896019168815134	4
"pt_2_ard"	62.7781468552575	7.77645056667041	0.0134131898701381	2
"pt_3_eq"	71.4751782043259	16.4734819157387	0.000173378687259586	9
"pt_3_ard"	79.2303443664608	24.2286480778737	3.58907699461986e-06	2
