"AICc"	"Delta_AICc"	"AICcWt"	"K_rates"
"pt_1_eq"	55.8963174065164	0	0.643657516209421	1
"pt_1_ard"	57.8467097669788	1.9503923604624	0.242735068934364	2
"pt_2_eq"	59.6464015866848	3.75008418016841	0.0987039225139427	4
"pt_2_ard"	63.4720505312052	7.57573312468883	0.014574890439198	2
"pt_3_eq"	71.0685775348884	15.172260128372	0.000326618228634828	9
"pt_3_ard"	81.2762597149811	25.3799423084647	1.98367443922693e-06	2
