"AICc"	"Delta_AICc"	"AICcWt"	"K_rates"
"pt_1_eq"	55.615754390484	0	0.656611705656034	1
"pt_1_ard"	57.457065655751	1.84131126526699	0.261500762653352	2
"pt_2_eq"	60.0711778688546	4.45542347837055	0.0707661722474711	4
"pt_2_ard"	63.8186422945797	8.20288790409566	0.0108661111859736	2
"pt_3_eq"	71.3374991804	15.721744789916	0.000253148359137358	9
"pt_3_ard"	80.9216730391601	25.305918648676	2.09989803173699e-06	2
