"AICc"	"Delta_AICc"	"AICcWt"	"K_rates"
"pt_1_eq"	55.5051023321842	0	0.704954080085002	1
"pt_1_ard"	57.543399707921	2.03829737573678	0.254419372464497	2
"pt_2_eq"	62.1082769547279	6.60317462254373	0.0259597004999606	4
"pt_2_ard"	63.2759838336072	7.77088150142301	0.0144788927334342	2
"pt_3_eq"	72.0227534186911	16.5176510865069	0.000182556990646364	9
"pt_3_ard"	79.0651078161021	23.5600054839179	5.39722645988329e-06	2
