"AICc"	"Delta_AICc"	"AICcWt"	"K_rates"
"pt_1_eq"	58.0211518220221	0	0.692933075926149	1
"pt_1_ard"	59.9103893288664	1.88923750684431	0.269431630923545	2
"pt_2_eq"	64.6346017824738	6.61344996045163	0.0253862691387121	4
"pt_2_ard"	66.13238524184	8.11123341981782	0.0120049217685836	2
"pt_3_eq"	73.9615022047859	15.9403503827637	0.000239490442641607	9
"pt_3_ard"	81.8612925935494	23.8401407715273	4.6118003683807e-06	2
