"AICc"	"Delta_AICc"	"AICcWt"	"K_rates"
"pt_1_eq"	56.4658702392322	0	0.674255873746291	1
"pt_1_ard"	58.3310498363008	1.86517959706856	0.265342083586464	2
"pt_2_eq"	61.5887920944017	5.12292185516947	0.0520470827241238	4
"pt_2_ard"	65.2952726387956	8.82940239956334	0.0081572611864894	2
"pt_3_eq"	72.7699244537036	16.3040542144714	0.000194287271604518	9
"pt_3_ard"	80.8543047674306	24.3884345281984	3.41148502735959e-06	2
