"AICc"	"Delta_AICc"	"AICcWt"	"K_rates"
"pt_1_eq"	57.6629114580138	0	0.597231226674533	1
"pt_1_ard"	59.5704515397017	1.90754008168783	0.23010467450211	2
"pt_2_eq"	60.4006595601016	2.73774810208774	0.151931582096184	4
"pt_2_ard"	64.4277830936706	6.76487163565671	0.0202847330163011	6
"pt_3_eq"	72.0878664824785	14.4249550244646	0.000440355396199454	9
"pt_3_ard"	80.2524327103775	22.5895212523637	7.42831467218264e-06	12
