"AICc"	"Delta_AICc"	"AICcWt"	"K_rates"
"pt_1_eq"	55.5934951975856	0	0.699828520844739	1
"pt_1_ard"	57.5839397125067	1.99044451492105	0.258685510142536	2
"pt_2_eq"	62.1961699674188	6.60267476983317	0.0257773951240666	4
"pt_2_ard"	63.2298854245438	7.63639022695813	0.0153734227233723	2
"pt_3_eq"	70.9267728489065	15.3332776513208	0.000327651907796074	9
"pt_3_ard"	78.4810683963488	22.8875731987632	7.49925749078052e-06	2
