"AICc"	"Delta_AICc"	"AICcWt"	"K_rates"
"pt_1_eq"	57.2656214750635	0	0.668739248064027	1
"pt_1_ard"	59.2956349522111	2.03001347714756	0.242351095316517	2
"pt_2_eq"	61.5666417679436	4.30102029288011	0.077857799068849	4
"pt_2_ard"	65.5122039282282	8.24658245316472	0.0108276494176151	2
"pt_3_eq"	73.3074831818676	16.0418617068041	0.000219690260169945	9
"pt_3_ard"	81.0758379370432	23.8102164619797	4.51787282174446e-06	2
