"AICc"	"Delta_AICc"	"AICcWt"	"K_rates"
"pt_1_eq"	57.1676787931524	0	0.653844592554713	1
"pt_1_ard"	59.0172435754246	1.84956478227222	0.259326349712994	2
"pt_2_eq"	61.5576350840317	4.38995629087928	0.0728127845486652	4
"pt_2_ard"	64.8913306646442	7.72365187149178	0.0137500678880158	2
"pt_3_eq"	72.8179455510892	15.6502667579368	0.000261253603678937	9
"pt_3_ard"	80.7494700996958	23.5817913065434	4.95169193320692e-06	2
