"AICc"	"Delta_AICc"	"AICcWt"	"K_rates"
"pt_1_eq"	55.6061805506416	0	0.693940348012364	1
"pt_1_ard"	57.5010044174036	1.89482386676197	0.26907067288057	2
"pt_2_eq"	62.2093551279967	6.60317457735514	0.0255541240417982	4
"pt_2_ard"	63.8480457733952	8.2418652227536	0.0112622158352649	6
"pt_3_eq"	72.2224778477831	16.6162972971415	0.000171056281401055	9
"pt_3_ard"	81.5878844917609	25.9817039411193	1.58294860155813e-06	12
