"AICc"	"Delta_AICc"	"AICcWt"	"K_rates"
"pt_1_eq"	56.7258291848315	0	0.653812743078053	1
"pt_1_ard"	58.6178210111459	1.89199182631444	0.253870697320237	2
"pt_2_eq"	60.9340393332905	4.20821014845902	0.0797355800311807	4
"pt_2_ard"	64.6674180314021	7.94158884657058	0.0123298920442691	2
"pt_3_eq"	72.4793945223005	15.753565337469	0.000248090499053329	9
"pt_3_ard"	81.3117399801229	24.5859107952915	2.99702720656391e-06	2
