"AICc"	"Delta_AICc"	"AICcWt"	"K_rates"
"pt_1_eq"	59.3842775289662	0	0.682546826568522	1
"pt_1_ard"	61.2520483456766	1.86777081671045	0.268257067192003	2
"pt_2_eq"	65.9977274998706	6.61344997090445	0.0250057587817174	4
"pt_2_ard"	66.1059184356084	6.72164090664224	0.0236889970712161	2
"pt_3_eq"	73.836967287953	14.4526897589868	0.000496330251378536	9
"pt_3_ard"	83.0245366403017	23.6402591113355	5.0201351636784e-06	2
