"AICc"	"Delta_AICc"	"AICcWt"	"K_rates"
"pt_1_eq"	58.9109307191992	0	0.625215484592457	1
"pt_1_ard"	60.7399320885446	1.82900136934541	0.25053426083928	2
"pt_2_eq"	62.4093585558391	3.49842783663983	0.108731598596462	4
"pt_2_ard"	66.3460330381051	7.43510231890584	0.0151886009074964	2
"pt_3_eq"	74.0395838663708	15.1286531471716	0.000324253322886525	9
"pt_3_ard"	82.0863177745289	23.1753870553296	5.80174141805516e-06	2
