"AICc"	"Delta_AICc"	"AICcWt"	"K_rates"
"pt_1_eq"	57.6089758575269	0	0.697491470775202	1
"pt_1_ard"	59.4781299972123	1.86915413968536	0.273941126222284	2
"pt_2_eq"	64.2224257937865	6.61344993625957	0.0255532706236749	4
"pt_2_ard"	68.7550924710748	11.1461166135479	0.00264966171880214	2
"pt_3_eq"	72.762179998135	15.153204140608	0.000357324200387733	9
"pt_3_ard"	80.5862328258111	22.9772569682842	7.1464596496491e-06	2
