"AICc"	"Delta_AICc"	"AICcWt"	"K_rates"
"pt_1_eq"	52.9215724850891	0	0.701114804424667	1
"pt_1_ard"	54.8721091059923	1.95053662090316	0.264384196638295	2
"pt_2_eq"	59.5247470881792	6.6031746030901	0.0258183206965669	4
"pt_2_ard"	61.7242858726665	8.80271338757733	0.00859615450087984	2
"pt_3_eq"	70.9964042436491	18.07483175856	8.33468691403392e-05	9
"pt_3_ard"	77.5306331801044	24.6090606950153	3.17687045148468e-06	2
