"AICc"	"Delta_AICc"	"AICcWt"	"K_rates"
"pt_1_eq"	55.8213897052087	0	0.685496557060014	1
"pt_1_ard"	57.608482945291	1.78709324008233	0.280506488450178	2
"pt_2_eq"	62.4348398180752	6.61345011286644	0.0251138232097674	4
"pt_2_ard"	64.5536894519877	8.73229974677896	0.00870583598003917	2
"pt_3_eq"	72.3765453233159	16.5551556181072	0.000174220362030211	9
"pt_3_ard"	80.4506177584723	24.6292280532636	3.07493797036634e-06	2
