"AICc"	"Delta_AICc"	"AICcWt"	"K_rates"
"pt_1_eq"	55.3065422890095	0	0.682930681145213	1
"pt_1_ard"	57.1590858564575	1.85254356744808	0.27045928758664	2
"pt_2_eq"	61.0712875173539	5.76474522834446	0.0382453027386522	4
"pt_2_ard"	64.1320219745701	8.82547968556067	0.00827843151506424	2
"pt_3_eq"	73.3366705401529	18.0301282511434	8.30202468579298e-05	9
"pt_3_ard"	79.8011246916872	24.4945824026777	3.27676757263879e-06	2
