"AICc"	"Delta_AICc"	"AICcWt"	"K_rates"
"pt_1_eq"	58.0123511718804	0	0.666462396177308	1
"pt_1_ard"	59.9510505462997	1.93869937441929	0.252808941366938	2
"pt_2_eq"	62.3703645622513	4.35801339037085	0.0754128000847169	4
"pt_2_ard"	67.7794776547966	9.7671264829162	0.00504511514296772	2
"pt_3_eq"	73.6735191410604	15.66116796918	0.000264847718218415	9
"pt_3_ard"	81.2820906231962	23.2697394513157	5.899509851905e-06	2
