"AICc"	"Delta_AICc"	"AICcWt"	"K_rates"
"pt_1_eq"	57.1554284127118	0	0.630435547028994	1
"pt_1_ard"	58.9695191170427	1.81409070433089	0.254516476062008	2
"pt_2_eq"	60.8357560112003	3.6803275984885	0.100107751988306	4
"pt_2_ard"	64.680383930898	7.52495551818618	0.0146425718499374	2
"pt_3_eq"	72.5172424779842	15.3618140652724	0.000290981348714695	9
"pt_3_ard"	80.0680048134593	22.9125764007475	6.67172204065877e-06	2
