"AICc"	"Delta_AICc"	"AICcWt"	"K_rates"
"pt_1_eq"	55.9847067556861	0	0.637438889977925	1
"pt_1_ard"	57.8946536647277	1.90994690904156	0.245300737813088	2
"pt_2_eq"	59.6718659074143	3.68715915172819	0.100874668235327	4
"pt_2_ard"	63.3482381937816	7.36353143809549	0.0160497407136366	2
"pt_3_eq"	71.1126702777052	15.1279635220191	0.000330706717102609	9
"pt_3_ard"	79.3961869981958	23.4114802425097	5.25654292093384e-06	2
