"AICc"	"Delta_AICc"	"AICcWt"	"K_rates"
"pt_1_eq"	55.3865903304021	0	0.648254357235767	1
"pt_1_ard"	57.2424171588852	1.85582682848305	0.256305407556646	2
"pt_2_eq"	59.5506850299233	4.16409469952119	0.0808209162228488	4
"pt_2_ard"	63.0113363018923	7.62474597149022	0.0143236233990729	6
"pt_3_eq"	70.7861297754868	15.3995394450847	0.000293614799466456	9
"pt_3_ard"	80.6851755749132	25.2985852445111	2.08078619915342e-06	12
