"AICc"	"Delta_AICc"	"AICcWt"	"K_rates"
"pt_1_eq"	59.2421223443571	0	0.664211903339383	1
"pt_1_ard"	61.2099338610967	1.96781151673964	0.248314346993826	2
"pt_2_eq"	63.6429589806858	4.40083663632871	0.0735659962817799	4
"pt_2_ard"	67.016273483595	7.77415113923793	0.0136198142211939	2
"pt_3_eq"	74.763833394128	15.5217110497709	0.000283015306908577	9
"pt_3_ard"	82.8666510667943	23.6245287224372	4.92385690838079e-06	2
