"AICc"	"Delta_AICc"	"AICcWt"	"K_rates"
"pt_1_eq"	56.3204422822295	0	0.628372955658447	1
"pt_1_ard"	58.2413669728291	1.92092469059966	0.240488320108572	2
"pt_2_eq"	59.7302039860894	3.40976170385995	0.114234461562911	4
"pt_2_ard"	63.5939952491522	7.27355296692269	0.0165495247461801	6
"pt_3_eq"	71.3240590673071	15.0036167850776	0.00034691533369937	9
"pt_3_ard"	78.9081891250068	22.5877468427773	7.82259019129935e-06	12
