"AICc"	"Delta_AICc"	"AICcWt"	"K_rates"
"pt_1_eq"	55.6932971721293	0	0.637709406539499	1
"pt_1_ard"	57.5883683101559	1.8950711380266	0.247236936749115	2
"pt_2_eq"	59.4115985654526	3.71830139332327	0.0993582501957907	4
"pt_2_ard"	63.1339178061455	7.44062063401624	0.0154494342868066	2
"pt_3_eq"	71.4698005817327	15.7765034096034	0.000239220633335776	9
"pt_3_ard"	78.6050154570788	22.9117182849495	6.75159545357935e-06	2
