"AICc"	"Delta_AICc"	"AICcWt"	"K_rates"
"pt_1_eq"	56.0899167694127	0	0.700501324212132	1
"pt_1_ard"	58.0143412583898	1.92442448897705	0.267624267981927	2
"pt_2_eq"	62.6930913572763	6.60317458786355	0.0257957296871112	4
"pt_2_ard"	65.7052906570063	9.61537388759356	0.00572080375632307	2
"pt_3_eq"	71.2869511974863	15.1970344280736	0.00035108709307362	9
"pt_3_ard"	79.1789224089961	23.0890056395834	6.78726943313171e-06	2
