"AICc"	"Delta_AICc"	"AICcWt"	"K_rates"
"pt_1_eq"	55.8408648384727	0	0.695684656290932	1
"pt_1_ard"	57.7287884385779	1.88792360010515	0.270679287085114	2
"pt_2_eq"	62.4543148297194	6.61344999124673	0.0254870755371803	4
"pt_2_ard"	64.7592609814189	8.91839614294619	0.00805021183626155	2
"pt_3_eq"	73.6096095147878	17.7687446763151	9.63781405810826e-05	9
"pt_3_ard"	81.0026530229102	25.1617881844375	2.39110993092331e-06	2
