"AICc"	"Delta_AICc"	"AICcWt"	"K_rates"
"pt_1_eq"	57.2894996661466	0	0.694414370140576	1
"pt_1_ard"	59.1467351713316	1.857235505185	0.274362741483363	2
"pt_2_eq"	63.9029495802994	6.61344991415279	0.0254405383647012	4
"pt_2_ard"	66.9709930170472	9.68149335090058	0.0054866736645182	2
"pt_3_eq"	72.8458505237509	15.5563508576043	0.000290803769368075	9
"pt_3_ard"	81.0239018341697	23.7344021680231	4.87257747351167e-06	2
