"AICc"	"Delta_AICc"	"AICcWt"	"K_rates"
"pt_1_eq"	57.5726197788072	0	0.661641917572205	1
"pt_1_ard"	59.4334555468891	1.86083576808193	0.260944206308961	2
"pt_2_eq"	62.139792537866	4.56717275905879	0.0674332432792552	4
"pt_2_ard"	66.0066184218143	8.43399864300713	0.00975446547968442	2
"pt_3_eq"	73.556130084083	15.9835103052758	0.000223793695653328	9
"pt_3_ard"	82.6487096268647	25.0760898480575	2.37366424126038e-06	2
