"AICc"	"Delta_AICc"	"AICcWt"	"K_rates"
"pt_1_eq"	57.3070105382281	0	0.687789602620221	1
"pt_1_ard"	59.1418644602796	1.83485392205151	0.274803423931752	2
"pt_2_eq"	63.9204605108794	6.61344997265135	0.0251978328976169	4
"pt_2_ard"	65.3967116491969	8.0897011109688	0.0120447927009214	2
"pt_3_eq"	74.0511974428249	16.7441869045968	0.000159038260874397	9
"pt_3_ard"	80.8504583413717	23.5434478031436	5.30958861399777e-06	2
