"AICc"	"Delta_AICc"	"AICcWt"	"K_rates"
"pt_1_eq"	55.3457963441845	0	0.664213710673919	1
"pt_1_ard"	57.1704308976867	1.82463455350219	0.266743273765979	2
"pt_2_eq"	60.0545606363894	4.70876429220493	0.063068523191569	4
"pt_2_ard"	64.8548780773524	9.50908173316795	0.00572053930211218	6
"pt_3_eq"	71.1208640091349	15.7750676649505	0.000249341987424101	9
"pt_3_ard"	79.1015910335395	23.755794689355	4.6110789972388e-06	12
