"AICc"	"Delta_AICc"	"AICcWt"	"K_rates"
"pt_1_eq"	55.8262742045845	0	0.634338384905281	1
"pt_1_ard"	57.8824497232029	2.05617551861839	0.226896685263323	2
"pt_2_eq"	59.1228929169894	3.29661871240488	0.122030765111252	4
"pt_2_ard"	63.1282289393006	7.30195473471605	0.0164710645010549	2
"pt_3_eq"	71.4340340908169	15.6077598862323	0.000258904140179886	9
"pt_3_ard"	79.6786488547232	23.8523746501387	4.19607890890199e-06	2
