"AICc"	"Delta_AICc"	"AICcWt"	"K_rates"
"pt_1_eq"	56.2607612652618	0	0.633664404364765	1
"pt_1_ard"	58.0999600872515	1.83919882198965	0.252628510733492	2
"pt_2_eq"	60.0144919181202	3.75373065285833	0.096994488490953	4
"pt_2_ard"	63.5737974138032	7.31303614854137	0.016362651814117	2
"pt_3_eq"	71.3035304027277	15.0427691374659	0.00034305479750191	9
"pt_3_ard"	79.1192269168732	22.8584656516114	6.88979917174782e-06	2
