"AICc"	"Delta_AICc"	"AICcWt"	"K_rates"
"pt_1_eq"	57.8191254062057	0	0.630652254026158	1
"pt_1_ard"	59.8148720741201	1.99574666791441	0.232497918825997	2
"pt_2_eq"	61.1827485039334	3.36362309772773	0.117324436502773	4
"pt_2_ard"	64.8054391722196	6.98631376601388	0.0191748154874993	2
"pt_3_eq"	72.8370352381168	15.0179098319111	0.000345694338779329	9
"pt_3_ard"	81.357519196622	23.5383937904164	4.88081879393224e-06	2
