"AICc"	"Delta_AICc"	"AICcWt"	"K_rates"
"pt_1_eq"	57.0309712481306	0	0.634015951609832	1
"pt_1_ard"	58.9685185653399	1.93754731720929	0.240639618591309	2
"pt_2_eq"	60.5150337603296	3.484062512199	0.111056919513265	4
"pt_2_ard"	64.6627273652742	7.63175611714362	0.0139599994204164	6
"pt_3_eq"	72.2042119739249	15.1732407257943	0.000321568000195196	9
"pt_3_ard"	80.1862473603957	23.1552761122651	5.94286498164694e-06	12
