"AICc"	"Delta_AICc"	"AICcWt"	"K_rates"
"pt_1_eq"	57.0772623673939	0	0.680693174284588	1
"pt_1_ard"	58.9177918382962	1.84052947090225	0.271197386022082	2
"pt_2_eq"	62.6080008551846	5.53073848779066	0.0428515753650791	4
"pt_2_ard"	66.8655168885616	9.7882545211677	0.00509869381553022	2
"pt_3_eq"	73.8361857293602	16.7589233619663	0.000156241869319641	9
"pt_3_ard"	81.7899176055147	24.7126552381208	2.92864340127158e-06	2
