"AICc"	"Delta_AICc"	"AICcWt"	"K_rates"
"pt_1_eq"	57.427277025635	0	0.696321397976949	1
"pt_1_ard"	59.3598334359762	1.93255641034119	0.264947879968822	2
"pt_2_eq"	64.0407269495024	6.61344992386735	0.0255104040398287	4
"pt_2_ard"	65.3913164215244	7.96403939588934	0.0129849583103036	2
"pt_3_eq"	73.4392597168787	16.0119826912437	0.000232194472903874	9
"pt_3_ard"	82.0299580492137	24.6026810235787	3.16523119285109e-06	2
