"AICc"	"Delta_AICc"	"AICcWt"	"K_rates"
"pt_1_eq"	57.0866250926085	0	0.658536444096595	1
"pt_1_ard"	58.9509022259226	1.86427713331409	0.259272931675464	2
"pt_2_eq"	61.6170013087581	4.53037621614959	0.0683630008948613	4
"pt_2_ard"	64.8570688324536	7.77044373984513	0.0135284921879408	2
"pt_3_eq"	72.5235399988425	15.436914906234	0.000292749615663254	9
"pt_3_ard"	80.1753597813678	23.0887346887593	6.38152947573189e-06	2
