"AICc"	"Delta_AICc"	"AICcWt"	"K_rates"
"pt_1_eq"	57.0803952224946	0	0.685569482176777	1
"pt_1_ard"	58.8729799193201	1.79258469682551	0.279767109504582	2
"pt_2_eq"	63.6938453369594	6.61345011446486	0.0251164948712234	4
"pt_2_ard"	65.6754853798755	8.59509015738093	0.00932505417369713	2
"pt_3_eq"	73.1895794448651	16.1091842223705	0.000217764242574251	9
"pt_3_ard"	81.1368568416398	24.0564616191452	4.09503114595026e-06	2
