"AICc"	"Delta_AICc"	"AICcWt"	"K_rates"
"pt_1_eq"	55.8181072681236	0	0.672718374908997	1
"pt_1_ard"	57.6250970113352	1.80698974321157	0.272552677736152	2
"pt_2_eq"	61.2343454626975	5.41623819457389	0.0448448019184079	4
"pt_2_ard"	64.2989942422656	8.48088697414202	0.00968795433570016	2
"pt_3_eq"	72.1323289134559	16.3142216453323	0.000192861291983793	9
"pt_3_ard"	80.2504416406505	24.4323343725269	3.32980875875037e-06	2
