"AICc"	"Delta_AICc"	"AICcWt"	"K_rates"
"pt_1_eq"	57.4626272570409	0	0.655697871491345	1
"pt_1_ard"	59.3241091737447	1.86148191670375	0.258516407205879	2
"pt_2_eq"	61.6742869967024	4.21165973966141	0.0798276751937408	4
"pt_2_ard"	66.9644112469615	9.50178398992059	0.00566784018910035	2
"pt_3_eq"	72.9456073750796	15.4829801180387	0.000284850744923134	9
"pt_3_ard"	80.8934112867252	23.4307840296843	5.35517501144754e-06	2
