"AICc"	"Delta_AICc"	"AICcWt"	"K_rates"
"pt_1_eq"	59.1458573897594	0	0.637213058141751	1
"pt_1_ard"	61.0955640223823	1.94970663262288	0.240387151409744	2
"pt_2_eq"	62.7202624705198	3.57440508076045	0.106687236470935	4
"pt_2_ard"	66.5925112784462	7.44665388868683	0.0153909107861432	2
"pt_3_eq"	74.3710213740441	15.2251639842847	0.000314907000166905	9
"pt_3_ard"	82.0605867488209	22.9147293590615	6.73619126025772e-06	2
