"AICc"	"Delta_AICc"	"AICcWt"	"K_rates"
"pt_1_eq"	58.3130396877869	0	0.559856983166695	1
"pt_1_ard"	60.1243968589731	1.81135717118614	0.226331961627653	2
"pt_2_eq"	60.474390589085	2.16135090129811	0.189996549840413	4
"pt_2_ard"	64.6633925915207	6.35035290373379	0.0233945926433711	2
"pt_3_eq"	72.7492370193756	14.4361973315886	0.000410484421083915	9
"pt_3_ard"	80.296481197976	21.9834415101891	9.42830078367691e-06	2
