"AICc"	"Delta_AICc"	"AICcWt"	"K_rates"
"pt_1_eq"	56.4242000242443	0	0.656861708550179	1
"pt_1_ard"	58.269611341929	1.84541131768476	0.261064590064227	2
"pt_2_eq"	60.9174097626863	4.49320973844205	0.0694681683179451	4
"pt_2_ard"	64.3709283860491	7.94672836180488	0.0123555990679055	2
"pt_3_eq"	72.187770476213	15.7635704519688	0.000248003673872494	9
"pt_3_ard"	81.8992799298146	25.4750799055703	1.9303258700632e-06	2
