"AICc"	"Delta_AICc"	"AICcWt"	"K_rates"
"pt_1_eq"	58.1534166422727	0	0.659127784405446	1
"pt_1_ard"	59.9390079966659	1.78559135439318	0.269918954397838	2
"pt_2_eq"	62.9103663880846	4.75694974581189	0.0610957648875466	4
"pt_2_ard"	66.583665582089	8.43024893981623	0.00973563584774628	2
"pt_3_eq"	75.3901207846152	17.2367041423425	0.00011914254460127	9
"pt_3_ard"	82.9510306200707	24.797613977798	2.7179168212114e-06	2
