"AICc"	"Delta_AICc"	"AICcWt"	"K_rates"
"pt_1_eq"	59.0461443315351	0	0.65012306339523	1
"pt_1_ard"	60.9278639287507	1.88171959721558	0.253737907655761	2
"pt_2_eq"	63.1497215108081	4.10357717927301	0.0835439702964325	4
"pt_2_ard"	66.9812960446246	7.93515171308947	0.0122998346195749	2
"pt_3_eq"	74.4515504619679	15.4054061304328	0.000293598705313484	9
"pt_3_ard"	84.8445593363862	25.7984150048511	1.6253276883579e-06	2
