"AICc"	"Delta_AICc"	"AICcWt"	"K_rates"
"pt_1_eq"	56.5008564251295	0	0.653863597894652	1
"pt_1_ard"	58.5779992435172	2.07714281838771	0.231441549248866	2
"pt_2_eq"	60.2514011103546	3.75054468522516	0.100245925421028	4
"pt_2_ard"	64.1651356617119	7.66427923658247	0.0141647876996911	2
"pt_3_eq"	72.0203641026561	15.5195076775267	0.000278913083332761	9
"pt_3_ard"	79.97462250562	23.4737660804905	5.22665243069235e-06	2
