"AICc"	"Delta_AICc"	"AICcWt"	"K_rates"
"pt_1_eq"	58.0577875647017	0	0.665345538277456	1
"pt_1_ard"	59.9460509052181	1.88826334051639	0.258830871312182	2
"pt_2_eq"	62.5391931900026	4.48140562530089	0.0707819269814138	4
"pt_2_ard"	67.922389792178	9.86460222747626	0.00479707040071959	2
"pt_3_eq"	73.9015472779337	15.843759713232	0.000241334016497796	9
"pt_3_ard"	82.5110631477977	24.453275583096	3.25901173150254e-06	2
