"AICc"	"Delta_AICc"	"AICcWt"	"K_rates"
"pt_1_eq"	57.2258122225863	0	0.675188251692359	1
"pt_1_ard"	59.1152977894688	1.88948556688246	0.262499390452801	2
"pt_2_eq"	62.3444424690249	5.11863024643863	0.0522310121080236	4
"pt_2_ard"	65.6736291532348	8.44781693064851	0.00988563880356259	2
"pt_3_eq"	73.5356970788213	16.309884856235	0.000193989569906655	9
"pt_3_ard"	82.9897138669905	25.7639016444042	1.71737334772065e-06	2
