"AICc"	"Delta_AICc"	"AICcWt"	"K_rates"
"pt_1_eq"	55.9723174890485	0	0.652281473394537	1
"pt_1_ard"	57.7639912548493	1.79167376580077	0.266304207761722	2
"pt_2_eq"	60.446568860933	4.47425137188457	0.069640792200299	4
"pt_2_ard"	64.0503762349988	8.0780587459503	0.0114896519914651	2
"pt_3_eq"	71.4888177168084	15.5165002277599	0.000278656918272846	9
"pt_3_ard"	79.4446540975281	23.4723366084796	5.2177337033259e-06	2
