"AICc"	"Delta_AICc"	"AICcWt"	"K_rates"
"pt_1_eq"	57.2013261593038	0	0.676791195334649	1
"pt_1_ard"	59.0470199404545	1.84569378115077	0.268947423378673	2
"pt_2_eq"	62.4779811023003	5.27665494299657	0.0483775240847747	4
"pt_2_ard"	66.7282433234346	9.52691716413085	0.00577711380851509	2
"pt_3_eq"	74.7873733811327	17.5860472218289	0.000102729001447635	9
"pt_3_ard"	81.2717905374282	24.0704643781244	4.01439194005624e-06	2
