"AICc"	"Delta_AICc"	"AICcWt"	"K_rates"
"pt_1_eq"	57.4701082388923	0	0.61208468894458	1
"pt_1_ard"	59.4540053081235	1.98389706923123	0.226993667122028	2
"pt_2_eq"	60.4046049923622	2.93449675346998	0.141121648936651	4
"pt_2_ard"	64.3604073145939	6.89029907570163	0.0195254963316217	2
"pt_3_eq"	72.9575608490758	15.4874526101836	0.000265310178778274	9
"pt_3_ard"	79.6834576729261	22.2133494340339	9.18848634019188e-06	2
