"AICc"	"Delta_AICc"	"AICcWt"	"K_rates"
"pt_1_eq"	55.4634198803545	0	0.663756927792217	1
"pt_1_ard"	57.3895437087991	1.92612382844464	0.253370817030911	2
"pt_2_eq"	59.733614798444	4.27019491808957	0.0784780172711301	4
"pt_2_ard"	65.5861397471268	10.1227198667724	0.00420618506465068	6
"pt_3_eq"	71.8410414680141	16.3776215876596	0.00018435449272427	9
"pt_3_ard"	79.6589897923437	24.1955699119893	3.69834836754921e-06	12
