"AICc"	"Delta_AICc"	"AICcWt"	"K_rates"
"pt_1_eq"	57.9245549911893	0	0.639142829078529	1
"pt_1_ard"	59.7576182064584	1.8330632152691	0.255595557441592	2
"pt_2_eq"	61.8755693688561	3.95101437766677	0.0886433273645627	4
"pt_2_ard"	65.2657299515011	7.34117496031175	0.0162735398860896	2
"pt_3_eq"	73.0184896170835	15.0939346258941	0.000337280832815354	9
"pt_3_ard"	80.6397643829251	22.7152093917358	7.4653964110465e-06	2
