"AICc"	"Delta_AICc"	"AICcWt"	"K_rates"
"pt_1_eq"	55.874326861757	0	0.672696803490117	1
"pt_1_ard"	57.6729763235562	1.79864946179915	0.273682857696628	2
"pt_2_eq"	61.1525893251165	5.27826246335952	0.0480462208317486	4
"pt_2_ard"	65.5301670595383	9.65584019778129	0.00538369323932635	2
"pt_3_eq"	72.2526462671425	16.3783194053855	0.000186772311521432	9
"pt_3_ard"	80.1216410863424	24.2473142245854	3.65243065906188e-06	2
