"AICc"	"Delta_AICc"	"AICcWt"	"K_rates"
"pt_1_eq"	55.5146440124499	0	0.661283189109856	1
"pt_1_ard"	57.4238971599624	1.90925314751252	0.254564845605316	2
"pt_2_eq"	59.9659850201333	4.45134100768342	0.0714152669659903	4
"pt_2_ard"	63.4413448656501	7.92670085320023	0.0125639518184958	2
"pt_3_eq"	72.0523321192548	16.5376881068049	0.000169540764929394	9
"pt_3_ard"	79.9886358734909	24.473991861041	3.20573541222929e-06	2
