"AICc"	"Delta_AICc"	"AICcWt"	"K_rates"
"pt_1_eq"	57.2912584204282	0	0.656899326880523	1
"pt_1_ard"	59.1836257096945	1.89236728926629	0.255021315171732	2
"pt_2_eq"	61.4464398841101	4.15518146368185	0.0822645310519603	4
"pt_2_ard"	66.8686785272091	9.57742010678088	0.00546749588979606	2
"pt_3_eq"	72.4191005562164	15.1278421357881	0.000340823581224426	9
"pt_3_ard"	80.3359429356526	23.0446845152244	6.50742476521218e-06	2
