"AICc"	"Delta_AICc"	"AICcWt"	"K_rates"
"pt_1_eq"	57.1045755702868	0	0.668239921475492	1
"pt_1_ard"	58.9377796492583	1.83320407897148	0.267212770271435	2
"pt_2_eq"	61.9615068411912	4.85693127090438	0.0589200616239643	4
"pt_2_ard"	66.7406449427507	9.63606937246385	0.00540115374216906	2
"pt_3_eq"	73.1227946051957	16.0182190349088	0.000222136716956546	9
"pt_3_ard"	81.1788279118232	24.0742523415364	3.95616998265337e-06	2
