"AICc"	"Delta_AICc"	"AICcWt"	"K_rates"
"pt_1_eq"	55.6358969129222	0	0.675416023041657	1
"pt_1_ard"	57.5073166499191	1.87141973699693	0.264970622924524	2
"pt_2_eq"	60.7958379143146	5.15994100139239	0.0511804862134959	4
"pt_2_ard"	64.4268827267102	8.790985813788	0.00832977066474797	2
"pt_3_eq"	73.2617075384804	17.6258106255582	0.000100502117572876	9
"pt_3_ard"	80.5748628116701	24.9389658987479	2.59503800260354e-06	2
