"AICc"	"Delta_AICc"	"AICcWt"	"K_rates"
"pt_1_eq"	58.1033482573103	0	0.673840650693869	1
"pt_1_ard"	60.0549376017893	1.951589344479	0.253965641305416	2
"pt_2_eq"	62.9001006869972	4.79675242968685	0.0612287863920212	4
"pt_2_ard"	66.3622935881386	8.25894533082825	0.0108430139197414	2
"pt_3_eq"	75.4174863859842	17.3141381286739	0.000117176327658096	9
"pt_3_ard"	81.8364202123261	23.7330719550157	4.73136129416068e-06	2
