"AICc"	"Delta_AICc"	"AICcWt"	"K_rates"
"pt_1_eq"	56.6864665643562	0	0.663197462684537	1
"pt_1_ard"	58.5069976479678	1.82053108361161	0.266882166265712	2
"pt_2_eq"	61.3794653696286	4.69299880527241	0.0634703822169499	4
"pt_2_ard"	66.0287968762635	9.34233031190732	0.00620842736791374	2
"pt_3_eq"	72.5671341731832	15.8806676088271	0.000236156389401579	9
"pt_3_ard"	80.1214458446884	23.4349792803322	5.40507548497845e-06	2
