"AICc"	"Delta_AICc"	"AICcWt"	"K_rates"
"pt_1_eq"	55.3621430224478	0	0.653128102266659	1
"pt_1_ard"	57.2025749053765	1.84043188292869	0.260227784983964	2
"pt_2_eq"	59.5419075318815	4.17976450943366	0.0807930567325624	4
"pt_2_ard"	64.8499418047983	9.48779878235051	0.00568524313358209	2
"pt_3_eq"	71.9935462099664	16.6314031875185	0.00015978464985625	9
"pt_3_ard"	78.5482921598848	23.186149137437	6.02823337566372e-06	2
