"AICc"	"Delta_AICc"	"AICcWt"	"K_rates"
"pt_1_eq"	54.3807041436298	0	0.698321807354823	1
"pt_1_ard"	56.3242988920234	1.94359474839365	0.264246575242726	2
"pt_2_eq"	60.9785364555027	6.59783231187291	0.0257842510889387	4
"pt_2_ard"	62.5919714447252	8.21126730109542	0.0115080453684662	2
"pt_3_eq"	71.4443326436325	17.0636285000027	0.000137637176567648	9
"pt_3_ard"	80.2515059324437	25.8708017888139	1.68376847825332e-06	2
