"AICc"	"Delta_AICc"	"AICcWt"	"K_rates"
"pt_1_eq"	57.1773422853213	0	0.665209881104055	1
"pt_1_ard"	59.1397789973923	1.96243671207098	0.249356661104296	2
"pt_2_eq"	61.6156278900286	4.43828560470727	0.0723098096082791	4
"pt_2_ard"	65.0684712999538	7.89112901463241	0.0128653557027946	2
"pt_3_eq"	72.907058818232	15.7297165329106	0.000255443082071899	9
"pt_3_ard"	81.8988422049037	24.7214999195823	2.84939850387745e-06	2
