"AICc"	"Delta_AICc"	"AICcWt"	"K_rates"
"pt_1_eq"	56.7438790127536	0	0.637133851584721	1
"pt_1_ard"	58.6367533545733	1.89287434181977	0.247285265349802	2
"pt_2_eq"	60.4765782475455	3.73269923479194	0.0985565154130392	4
"pt_2_ard"	64.0291083287219	7.28522931596836	0.0166825807067109	2
"pt_3_eq"	71.851072783798	15.1071937710444	0.000333999052128739	9
"pt_3_ard"	79.3682082436791	22.6243292309255	7.78789359783314e-06	2
