"AICc"	"Delta_AICc"	"AICcWt"	"K_rates"
"pt_1_eq"	57.5383101465007	0	0.667754176643892	1
"pt_1_ard"	59.3745624101556	1.8362522636549	0.266611881880352	2
"pt_2_eq"	62.5103484521191	4.97203830561848	0.0555843092649202	4
"pt_2_ard"	65.9709606911198	8.43265054461916	0.009851215360869	2
"pt_3_eq"	73.8176593623002	16.2793492157996	0.000194805334991735	9
"pt_3_ard"	81.7934062279504	24.2550960814498	3.61151497519082e-06	2
