"AICc"	"Delta_AICc"	"AICcWt"	"K_rates"
"pt_1_eq"	56.3028989831879	0	0.644039446443282	1
"pt_1_ard"	58.4072061158301	2.10430713264222	0.22488887923607	2
"pt_2_eq"	59.7288852684839	3.42598628529601	0.116136570886784	4
"pt_2_ard"	63.8829312162474	7.58003223305952	0.0145522243750022	2
"pt_3_eq"	71.180489876739	14.8775908935512	0.000378690712030002	9
"pt_3_ard"	80.1893172833212	23.8864183001334	4.18834683259487e-06	2
