"AICc"	"Delta_AICc"	"AICcWt"	"K_rates"
"pt_1_eq"	58.1131905785251	0	0.644881642255344	1
"pt_1_ard"	60.0107718174311	1.89758123890594	0.249703990946918	2
"pt_2_eq"	62.0337978827681	3.92060730424296	0.0908094311456925	4
"pt_2_ard"	65.7289332048154	7.61574262629028	0.0143133903384516	2
"pt_3_eq"	73.5415417491837	15.4283511706585	0.000287909585966552	9
"pt_3_ard"	82.2852162087021	24.1720256301769	3.6357276271038e-06	2
