"AICc"	"Delta_AICc"	"AICcWt"	"K_rates"
"pt_1_eq"	56.7140036395211	0	0.690927711734053	1
"pt_1_ard"	58.5278416839738	1.8138380444527	0.278973328947205	2
"pt_2_eq"	63.3274544299487	6.61345079042764	0.0253127901898921	4
"pt_2_ard"	66.695706932446	9.98170329292487	0.00469821926832994	2
"pt_3_eq"	74.6818878555852	17.9678842160641	8.66475183011513e-05	9
"pt_3_ard"	83.077255906914	26.3632522673929	1.30234221812616e-06	2
