"AICc"	"Delta_AICc"	"AICcWt"	"K_rates"
"pt_1_eq"	59.1727921883824	0	0.690909170772493	1
"pt_1_ard"	61.0677771812499	1.89498499286742	0.267873772824672	2
"pt_2_eq"	65.7862421552484	6.61344996686591	0.0253121213472746	4
"pt_2_ard"	66.7460887425043	7.57329655412187	0.0156639217776054	2
"pt_3_eq"	75.1518278633247	15.9790356749422	0.000234216478754755	9
"pt_3_ard"	82.231415893465	23.0586237050825	6.79679920017514e-06	2
