"AICc"	"Delta_AICc"	"AICcWt"	"K_rates"
"pt_1_eq"	55.6880902845481	0	0.660080288009509	1
"pt_1_ard"	57.5434284793804	1.8553381948323	0.261044888390431	2
"pt_2_eq"	60.0633641020323	4.37527381748416	0.0740488171840095	4
"pt_2_ard"	65.6384160091329	9.95032572458477	0.00455943455084057	2
"pt_3_eq"	71.3464890818855	15.6583987973373	0.000262674955308422	9
"pt_3_ard"	79.7679559824583	24.0798656979102	3.89690990158946e-06	2
