"AICc"	"Delta_AICc"	"AICcWt"	"K_rates"
"pt_1_eq"	56.9571359145642	0	0.643678942540661	1
"pt_1_ard"	58.8045696340413	1.84743371947711	0.255566642063498	2
"pt_2_eq"	61.02939135094	4.07225543637574	0.0840214688031836	4
"pt_2_ard"	64.2788590771774	7.32172316261315	0.016549211944778	2
"pt_3_eq"	73.3672721073774	16.4101361928131	0.00017589500384223	9
"pt_3_ard"	79.5886597436118	22.6315238290475	7.83964403650532e-06	2
