"AICc"	"Delta_AICc"	"AICcWt"	"K_rates"
"pt_1_eq"	56.6768949136782	0	0.620976275741034	1
"pt_1_ard"	58.6747429811818	1.99784806750358	0.228690336052899	2
"pt_2_eq"	59.7974874703803	3.12059255670208	0.130450859401479	4
"pt_2_ard"	63.5974836278382	6.92058871415996	0.0195113924037228	2
"pt_3_eq"	71.5494938171385	14.8725989034603	0.000366042228492327	9
"pt_3_ard"	80.0987967984382	23.42190188476	5.09417237334723e-06	2
