"AICc"	"Delta_AICc"	"AICcWt"	"K_rates"
"pt_1_eq"	55.6659205393417	0	0.664271558883671	1
"pt_1_ard"	57.7604876752255	2.09456713588379	0.233085997196394	2
"pt_2_eq"	59.6646885058659	3.99876796652416	0.0899547761509494	4
"pt_2_ard"	63.6250927129996	7.95917217365785	0.0124174774655284	2
"pt_3_eq"	71.323505543968	15.6575850046262	0.000264450428210664	9
"pt_3_ard"	78.9839382255437	23.318017686202	5.73987524613705e-06	2
