"AICc"	"Delta_AICc"	"AICcWt"	"K_rates"
"pt_1_eq"	56.4016095613499	0	0.692397403800138	1
"pt_1_ard"	58.2778762385315	1.87626667718162	0.270975045912891	2
"pt_2_eq"	63.0150595008278	6.61344993947792	0.0253666445416162	4
"pt_2_ard"	64.6652057239869	8.26359616263701	0.011115738560643	2
"pt_3_eq"	73.4038740338321	17.0022644724822	0.000140721550185718	9
"pt_3_ard"	80.3135950482092	23.9119854868593	4.44563452598575e-06	2
