"AICc"	"Delta_AICc"	"AICcWt"	"K_rates"
"pt_1_eq"	57.2865213991316	0	0.692304699479966	1
"pt_1_ard"	59.1675557974683	1.88103439833668	0.270293654355819	2
"pt_2_eq"	63.8999713428071	6.61344994367557	0.0253632481764901	4
"pt_2_ard"	65.4394953803177	8.15297398118613	0.0117463104295125	2
"pt_3_eq"	72.8613281555701	15.5748067564385	0.000287257227274519	9
"pt_3_ard"	81.0322543439595	23.745732944828	4.83033093771356e-06	2
