"AICc"	"Delta_AICc"	"AICcWt"	"K_rates"
"pt_1_eq"	54.2669637317865	0	0.668796141330466	1
"pt_1_ard"	56.2391702498663	1.9722065180798	0.249479321793099	2
"pt_2_eq"	58.5737259407485	4.306762208962	0.0776411979502081	4
"pt_2_ard"	64.5798666070059	10.3129028752194	0.00385367737439231	2
"pt_3_eq"	70.2564775297493	15.9895137979628	0.000225535522039931	9
"pt_3_ard"	78.2588016026836	23.9918378708971	4.12602979435225e-06	2
