"AICc"	"Delta_AICc"	"AICcWt"	"K_rates"
"pt_1_eq"	57.3265267254667	0	0.668145161078428	1
"pt_1_ard"	59.2272406710435	1.90071394557685	0.258306918410781	2
"pt_2_eq"	61.8940298861698	4.56750316070318	0.0680847924775361	4
"pt_2_ard"	67.0367730741762	9.71024634870957	0.00520376437824493	2
"pt_3_eq"	73.0714564464084	15.7449297209418	0.00025462601873039	9
"pt_3_ard"	81.0399715249317	23.7134447994651	4.73763627981248e-06	2
