"AICc"	"Delta_AICc"	"AICcWt"	"K_rates"
"pt_1_eq"	58.0647318472547	0	0.668286768418231	1
"pt_1_ard"	59.9324426611747	1.86771081391993	0.262660406686934	2
"pt_2_eq"	62.9355152787097	4.87078343145496	0.0585174885847693	4
"pt_2_ard"	66.4046524215414	8.33992057428669	0.0103269510875503	2
"pt_3_eq"	74.2253030274149	16.1605711801601	0.000206889961374056	9
"pt_3_ard"	84.0850754197714	26.0203435725167	1.49526114150341e-06	2
