"AICc"	"Delta_AICc"	"AICcWt"	"K_rates"
"pt_1_eq"	57.1010660133188	0	0.699322725789561	1
"pt_1_ard"	59.027683995899	1.9266179825802	0.266881126671756	2
"pt_2_eq"	63.7145159859521	6.61344997263328	0.0256203599458024	4
"pt_2_ard"	66.0260770835214	8.92501107020252	0.0080655894554113	2
"pt_3_eq"	74.6828432065904	17.5817771932716	0.000106375896484001	9
"pt_3_ard"	81.3351274437549	24.2340614304361	3.82224098484744e-06	2
