"AICc"	"Delta_AICc"	"AICcWt"	"K_rates"
"pt_1_eq"	54.9468831609471	0	0.687679650614567	1
"pt_1_ard"	56.7612173878143	1.81433422686727	0.277592994387076	2
"pt_2_eq"	61.5603331246125	6.61344996366545	0.0251938048134459	4
"pt_2_ard"	63.5439615562329	8.5970783952858	0.00934446236808222	2
"pt_3_eq"	71.3799931433033	16.4331099823563	0.000185772608933323	9
"pt_3_ard"	79.4319992593413	24.4851160983942	3.31520789526459e-06	2
