"AICc"	"Delta_AICc"	"AICcWt"	"K_rates"
"pt_1_eq"	56.9048356212455	0	0.659484436629054	1
"pt_1_ard"	58.75146807343	1.8466324521845	0.261946987903915	2
"pt_2_eq"	61.3149928152875	4.41015719404197	0.0727027911211199	4
"pt_2_ard"	66.4377929796191	9.53295735837359	0.00561240706271322	2
"pt_3_eq"	72.6754906606965	15.770655039451	0.00024811345772948	9
"pt_3_ard"	80.3815468501745	23.476711228929	5.26382546776516e-06	2
