"AICc"	"Delta_AICc"	"AICcWt"	"K_rates"
"pt_1_eq"	57.8076381412633	0	0.661689987875132	1
"pt_1_ard"	59.6360970168807	1.8284588756174	0.26522213288999	2
"pt_2_eq"	62.3705548562703	4.56291671500698	0.0675818051670933	4
"pt_2_ard"	67.4692707382035	9.66163259694017	0.00528028910799299	2
"pt_3_eq"	73.8123807762118	16.0047426349485	0.000221446519083511	9
"pt_3_ard"	81.6777129997321	23.8700748584688	4.33844070823971e-06	2
