"AICc"	"Delta_AICc"	"AICcWt"	"K_rates"
"pt_1_eq"	56.7880884399436	0	0.656093215698535	1
"pt_1_ard"	58.7476450090107	1.95955656906716	0.246293666794802	2
"pt_2_eq"	60.8822772522585	4.09418881231495	0.0847078662963096	4
"pt_2_ard"	64.6858581705817	7.89776973063817	0.0126469744244246	2
"pt_3_eq"	72.4777004199216	15.6896119799781	0.00025704525655675	9
"pt_3_ard"	83.159691171819	26.3716027318754	1.23152937213836e-06	2
