"AICc"	"Delta_AICc"	"AICcWt"	"K_rates"
"pt_1_eq"	57.3584056261621	0	0.611545693554134	1
"pt_1_ard"	59.3073954634056	1.94898983724357	0.230786896193956	2
"pt_2_eq"	60.3361712049999	2.97776557883787	0.137979743290877	4
"pt_2_ard"	64.2691139037047	6.91070827754265	0.0193102402341677	2
"pt_3_eq"	72.1814048157566	14.8229991895946	0.000369534963689081	9
"pt_3_ard"	79.8742563771125	22.5158507509504	7.89176317569049e-06	2
