"AICc"	"Delta_AICc"	"AICcWt"	"K_rates"
"pt_1_eq"	57.4505386863456	0	0.656661135771233	1
"pt_1_ard"	59.2967081450781	1.84616945873246	0.260885961045078	2
"pt_2_eq"	61.847369413815	4.39683072746939	0.0728755175556937	4
"pt_2_ard"	65.9537356206423	8.5031969342967	0.00935180752872052	2
"pt_3_eq"	73.4349983003884	15.9844596140427	0.000222003596525378	9
"pt_3_ard"	81.6927333146401	24.2421946282945	3.57450274863135e-06	2
