"AICc"	"Delta_AICc"	"AICcWt"	"K_rates"
"pt_1_eq"	54.7938511678123	0	0.695130957257299	1
"pt_1_ard"	56.7139561626107	1.92010499479842	0.266146725977214	2
"pt_2_eq"	61.397025770593	6.60317460278068	0.0255979675084517	4
"pt_2_ard"	62.7737175405286	7.97986637271629	0.0128605832187929	6
"pt_3_eq"	70.5848045077945	15.7909533399822	0.000258883684055277	9
"pt_3_ard"	78.5263071988362	23.7324560310239	4.88235418741031e-06	12
