"AICc"	"Delta_AICc"	"AICcWt"	"K_rates"
"pt_1_eq"	57.1864717725439	0	0.598347025645693	1
"pt_1_ard"	59.0453795048874	1.85890773234355	0.2362090055671	2
"pt_2_eq"	60.0281474875645	2.84167571502065	0.144507735439016	4
"pt_2_ard"	63.93930926273	6.75283749018613	0.0204452820850922	6
"pt_3_eq"	71.4323317156592	14.2458599431153	0.00048250737397135	9
"pt_3_ard"	79.5234381235032	22.3369663509594	8.44388912759931e-06	12
