"AICc"	"Delta_AICc"	"AICcWt"	"K_rates"
"pt_1_eq"	59.9472857500318	0	0.682871441427863	1
"pt_1_ard"	62.0023022300963	2.05501648006456	0.244398081030241	2
"pt_2_eq"	64.7150026821304	4.76771693209866	0.0629567605005944	4
"pt_2_ard"	68.4825218263329	8.5352360763011	0.0095705299239941	2
"pt_3_eq"	76.2134827111477	16.2661969611159	0.000200529910257973	9
"pt_3_ard"	84.8608583592468	24.9135726092151	2.65720704984297e-06	2
