"AICc"	"Delta_AICc"	"AICcWt"	"K_rates"
"pt_1_eq"	55.5185519112555	0	0.665716238167137	1
"pt_1_ard"	57.3484944812261	1.82994256997061	0.266638078050975	2
"pt_2_eq"	60.4322874630158	4.91373555176027	0.0570538600617531	4
"pt_2_ard"	63.8401084722312	8.32155656097567	0.0103821213978125	2
"pt_3_eq"	71.6713661233088	16.1528142120533	0.000206895054969748	9
"pt_3_ard"	80.2713664153313	24.7528145040758	2.80726735279697e-06	2
