"AICc"	"Delta_AICc"	"AICcWt"	"K_rates"
"pt_1_eq"	57.2660048043618	0	0.695178319604258	1
"pt_1_ard"	59.1360911250161	1.87008632065432	0.272905403359901	2
"pt_2_eq"	63.869179321366	6.60317451700421	0.0255997127091346	4
"pt_2_ard"	66.797744641478	9.53173983711618	0.00591977516368325	2
"pt_3_eq"	72.2486389496738	14.982634145312	0.000387845317520827	9
"pt_3_ard"	79.7879208530577	22.5219160486959	8.94384550130717e-06	2
