"AICc"	"Delta_AICc"	"AICcWt"	"K_rates"
"pt_1_eq"	56.6046985885317	0	0.632747889330274	1
"pt_1_ard"	58.4876053440868	1.88290675555506	0.246809969416397	2
"pt_2_eq"	60.2016238688769	3.59692528034516	0.104753442637674	4
"pt_2_ard"	64.0450378286981	7.44033924016632	0.0153313912720342	6
"pt_3_eq"	71.6104250585182	15.0057264699864	0.000348962374766897	9
"pt_3_ard"	79.0770356240635	22.4723370355318	8.34496885496055e-06	12
