"AICc"	"Delta_AICc"	"AICcWt"	"K_rates"
"pt_1_eq"	57.308745128483	0	0.688807226453451	1
"pt_1_ard"	59.1666872413187	1.8579421128357	0.272051228329063	2
"pt_2_eq"	63.9221950636615	6.61344993517851	0.0252351149972625	4
"pt_2_ard"	65.1537220923365	7.84497696385351	0.0136327224116955	2
"pt_3_eq"	73.0063977836458	15.6976526551628	0.000268779245994439	9
"pt_3_ard"	81.0040838348124	23.6953387063294	4.92856253379313e-06	2
