"AICc"	"Delta_AICc"	"AICcWt"	"K_rates"
"pt_1_eq"	54.9155069647178	0	0.655459142556436	1
"pt_1_ard"	56.9223671739448	2.00686020922696	0.240304259045043	2
"pt_2_eq"	58.9044138627596	3.98890689804175	0.0892001322353675	4
"pt_2_ard"	62.491251028619	7.57574406390115	0.0148420436291101	2
"pt_3_eq"	71.2329088718499	16.317401907132	0.000187614682133436	9
"pt_3_ard"	77.8655361873046	22.9500292225868	6.80785191047285e-06	2
