"AICc"	"Delta_AICc"	"AICcWt"	"K_rates"
"pt_1_eq"	58.8890602243443	0	0.703567831400892	1
"pt_1_ard"	60.8424005837863	1.9533403594419	0.264937543178008	2
"pt_2_eq"	65.5025101947799	6.61344997043552	0.0257758834967573	4
"pt_2_ard"	68.5985613109893	9.70950108664496	0.00548169164948914	2
"pt_3_eq"	74.9163611537195	16.0273009293752	0.000232820810979258	9
"pt_3_ard"	82.9327488830012	24.0436886586568	4.22946387472555e-06	2
