"AICc"	"Delta_AICc"	"AICcWt"	"K_rates"
"pt_1_eq"	59.5977802472999	0	0.663019111833721	1
"pt_1_ard"	61.6293617334619	2.031581486162	0.240089812714875	2
"pt_2_eq"	63.7140375937034	4.11625734640356	0.0846627013549932	4
"pt_2_ard"	67.6267196228878	8.02893937558793	0.011969169414978	2
"pt_3_eq"	75.3231134927995	15.7253332454996	0.000255160426863685	9
"pt_3_ard"	83.6123039392328	24.0145236919329	4.04425456941308e-06	2
