"AICc"	"Delta_AICc"	"AICcWt"	"K_rates"
"pt_1_eq"	57.8985464606841	0	0.671096972774212	1
"pt_1_ard"	59.8019705258575	1.9034240651734	0.259096768047609	2
"pt_2_eq"	62.7343411068696	4.83579464618548	0.0598006376067329	4
"pt_2_ard"	66.3577708365933	8.45922437590914	0.00976985337590222	2
"pt_3_eq"	73.841729983781	15.9431835230969	0.000231615151315332	9
"pt_3_ard"	81.8842010823331	23.9856546216489	4.15304422894412e-06	2
