"AICc"	"Delta_AICc"	"AICcWt"	"K_rates"
"pt_1_eq"	57.0792650103794	0	0.645788948998349	1
"pt_1_ard"	58.8761265443274	1.79686153394798	0.262970531689535	2
"pt_2_eq"	61.3245458596909	4.24528084931152	0.0773106964176507	4
"pt_2_ard"	64.7911824923725	7.71191748199305	0.0136605757937982	2
"pt_3_eq"	72.6542132669725	15.5749482565931	0.000267937540831956	9
"pt_3_ard"	83.2963389078059	26.2170738974265	1.30955983421523e-06	2
