"AICc"	"Delta_AICc"	"AICcWt"	"K_rates"
"pt_1_eq"	54.0583332624455	0	0.664730791887184	1
"pt_1_ard"	56.0189135533101	1.96058029086468	0.249408468716391	2
"pt_2_eq"	58.4246240369445	4.36629077449908	0.074906206223183	4
"pt_2_ard"	62.3113771544666	8.25304389202112	0.0107280326396964	6
"pt_3_eq"	70.0600862052206	16.0017529427751	0.000222796977516608	9
"pt_3_ard"	78.2540211955024	24.195687933057	3.70355602862009e-06	12
