"AICc"	"Delta_AICc"	"AICcWt"	"K_rates"
"pt_1_eq"	56.2653016314054	0	0.681598610707509	1
"pt_1_ard"	58.1443512714119	1.87904964000649	0.266377937282645	2
"pt_2_eq"	61.7984768843747	5.53317525296929	0.0428563279425874	4
"pt_2_ard"	64.9237109621668	8.65840933076134	0.00898212302896343	2
"pt_3_eq"	72.7307129882166	16.4654113568112	0.000181179914042284	9
"pt_3_ard"	80.4486046913889	24.1833030599835	3.82112425237126e-06	2
