"AICc"	"Delta_AICc"	"AICcWt"	"K_rates"
"pt_1_eq"	55.4194950534689	0	0.653767294135294	1
"pt_1_ard"	57.3328058030053	1.91331074953641	0.251161483797224	2
"pt_2_eq"	59.6289220570614	4.20942700359251	0.0796815421178087	4
"pt_2_ard"	62.9585154927654	7.53902043929649	0.0150780681728541	2
"pt_3_eq"	70.7264367400559	15.306941686587	0.000310143751484224	9
"pt_3_ard"	81.4326721733771	26.0131771199081	1.46802533438893e-06	2
