"AICc"	"Delta_AICc"	"AICcWt"	"K_rates"
"pt_1_eq"	57.3805724483903	0	0.663413447964652	1
"pt_1_ard"	59.2888524913848	1.90828004299454	0.255509189591366	2
"pt_2_eq"	61.8894734538119	4.50890100542165	0.0696127607659279	4
"pt_2_ard"	65.5215256957665	8.14095324737622	0.011323970632897	2
"pt_3_eq"	74.3551701496062	16.9745977012159	0.000136709033739051	9
"pt_3_ard"	81.4576705231257	24.0770980747355	3.92201141862143e-06	2
