"AICc"	"Delta_AICc"	"AICcWt"	"K_rates"
"pt_1_eq"	57.6550525728505	0	0.672600279615179	1
"pt_1_ard"	59.5088912566244	1.85383868377394	0.266195732097779	2
"pt_2_eq"	62.8113499785279	5.15629740567739	0.0510600561852746	4
"pt_2_ard"	66.0631924144487	8.40813984159821	0.0100450632431466	2
"pt_3_eq"	75.3404384279579	17.6853858551074	9.71458605882732e-05	9
"pt_3_ard"	83.4047339298644	25.7496813570139	1.72299803226328e-06	2
