"AICc"	"Delta_AICc"	"AICcWt"	"K_rates"
"pt_1_eq"	56.6739481261243	0	0.640073530552646	1
"pt_1_ard"	58.6886670833512	2.01471895722694	0.233743318225629	2
"pt_2_eq"	60.1809329009832	3.5069847748589	0.110840327401724	4
"pt_2_ard"	64.1821362628526	7.50818813672833	0.0149915842383632	6
"pt_3_eq"	71.7223445136419	15.0483963875176	0.000345550966134494	9
"pt_3_ard"	79.9356910117839	23.2617428856596	5.68861550273728e-06	12
