"AICc"	"Delta_AICc"	"AICcWt"	"K_rates"
"pt_1_eq"	57.1249309350222	0	0.639987360250749	1
"pt_1_ard"	58.9152618038367	1.79033086881449	0.261460440301501	2
"pt_2_eq"	61.110020459954	3.98508952493176	0.0872610031806831	4
"pt_2_ard"	65.2458506055092	8.12091967048702	0.0110340791853078	2
"pt_3_eq"	72.8072974004217	15.6823664653995	0.000251645278992269	9
"pt_3_ard"	80.4641220749516	23.3391911399294	5.47180276666986e-06	2
