"AICc"	"Delta_AICc"	"AICcWt"	"K_rates"
"pt_1_eq"	54.9483976653594	0	0.673340756037618	1
"pt_1_ard"	56.8338109722549	1.88541330689548	0.262314685319608	2
"pt_2_eq"	59.9465713028156	4.9981736374562	0.0553216706870124	4
"pt_2_ard"	63.6188895036554	8.67049183829599	0.00881985655549061	2
"pt_3_eq"	71.2060621271237	16.2576644617643	0.000198576531230718	9
"pt_3_ard"	78.8004159453677	23.8520182800083	4.45486904069487e-06	2
