"AICc"	"Delta_AICc"	"AICcWt"	"K_rates"
"pt_1_eq"	57.9236487834228	0	0.654697763066451	1
"pt_1_ard"	59.7008384892773	1.77718970585447	0.269233449643019	2
"pt_2_eq"	62.5777047400938	4.65405595667094	0.0638889053028389	4
"pt_2_ard"	65.9338874536213	8.01023867019844	0.0119299776611141	2
"pt_3_eq"	73.7077794560089	15.7841306725861	0.000244658568689581	9
"pt_3_ard"	81.3926672815336	23.4690184981107	5.24575788795984e-06	2
