"AICc"	"Delta_AICc"	"AICcWt"	"K_rates"
"pt_1_eq"	58.2879483289052	0	0.662752681466132	1
"pt_1_ard"	60.1839607572639	1.89601242835869	0.256825194634526	2
"pt_2_eq"	62.6356535150037	4.34770518609847	0.0753805510480555	4
"pt_2_ard"	68.1521803803383	9.86423205143311	0.004779260681572	2
"pt_3_eq"	73.992924393855	15.7049760649497	0.000257667279326112	9
"pt_3_ard"	82.0247271206344	23.7367787917292	4.6448903884995e-06	2
