"AICc"	"Delta_AICc"	"AICcWt"	"K_rates"
"pt_1_eq"	57.4375307379415	0	0.678330942683148	1
"pt_1_ard"	59.2017932007221	1.76426246278057	0.280761078583681	2
"pt_2_eq"	64.0509802005307	6.61344946258916	0.0248513121411094	4
"pt_2_ard"	64.9640904674694	7.52655972952793	0.0157423639658296	2
"pt_3_eq"	72.8371541764035	15.3996234384619	0.000307224528865555	9
"pt_3_ard"	80.3783015897517	22.9407708518102	7.07809736603496e-06	2
