"AICc"	"Delta_AICc"	"AICcWt"	"K_rates"
"pt_1_eq"	56.4640570326057	0	0.638206971290208	1
"pt_1_ard"	58.3109192298088	1.84686219720317	0.253466468100867	2
"pt_2_eq"	60.3442206122512	3.88016357964552	0.0917053616780469	4
"pt_2_ard"	63.7875957147465	7.32353868214079	0.0163936373989959	2
"pt_3_eq"	72.3863080238204	15.9222509912147	0.000222581298307785	9
"pt_3_ard"	79.9859392799136	23.5218822473079	4.98023357464379e-06	2
