"AICc"	"Delta_AICc"	"AICcWt"	"K_rates"
"pt_1_eq"	56.7278223392146	0	0.643067151154977	1
"pt_1_ard"	58.7022168317466	1.97439449253205	0.239619418071933	2
"pt_2_eq"	60.4197993402785	3.69197700106392	0.101520490240376	4
"pt_2_ard"	64.1885539275418	7.46073158832723	0.0154233617819283	2
"pt_3_eq"	71.694415910562	14.9665935713475	0.000361661121972659	9
"pt_3_ard"	79.3376476656611	22.6098253264466	7.91762881289444e-06	2
