"AICc"	"Delta_AICc"	"AICcWt"	"K_rates"
"pt_1_eq"	57.6128551723001	0	0.69787537344417	1
"pt_1_ard"	59.506012451479	1.89315727917887	0.27082203267487	2
"pt_2_eq"	64.2263051341453	6.61344996184521	0.0255673349399712	4
"pt_2_ard"	67.3016756223799	9.68882045007973	0.0054938556527247	2
"pt_3_eq"	73.5678515433889	15.9549963710888	0.000239438747406396	9
"pt_3_ard"	83.1739296924058	25.5610745201056	1.96454085742687e-06	2
