"AICc"	"Delta_AICc"	"AICcWt"	"K_rates"
"pt_1_eq"	54.1703227127473	0	0.675265961717076	1
"pt_1_ard"	56.0729453003803	1.90262258763299	0.260810825187069	2
"pt_2_eq"	59.2421404337618	5.07181772101449	0.0534741184799651	4
"pt_2_ard"	62.5284079108141	8.35808519806675	0.0103404566504683	6
"pt_3_eq"	71.6768866101003	17.506563897353	0.000106652934623371	9
"pt_3_ard"	79.6447776729292	25.4744549601819	1.98503079826575e-06	12
