"AICc"	"Delta_AICc"	"AICcWt"	"K_rates"
"pt_1_eq"	57.7114630166826	0	0.620695539482229	1
"pt_1_ard"	59.5943847200357	1.88292170335312	0.242107014102539	2
"pt_2_eq"	60.9941446019972	3.28268158531466	0.120241220324569	4
"pt_2_ard"	64.9531130677265	7.24165005104392	0.0166101783587498	2
"pt_3_eq"	72.7403934045949	15.0289303879124	0.00033836688729111	9
"pt_3_ard"	80.3111959130818	22.5997328963992	7.68084462177613e-06	2
