"AICc"	"Delta_AICc"	"AICcWt"	"K_rates"
"pt_1_eq"	57.4143843603062	0	0.67369329901146	1
"pt_1_ard"	59.3587092266554	1.94432486634917	0.254834044700254	2
"pt_2_eq"	62.0647161459817	4.65033178567548	0.0658651235530336	4
"pt_2_ard"	67.090620714908	9.67623635460178	0.00533696310393993	2
"pt_3_eq"	73.0689469788196	15.6545626185134	0.000268606888874343	9
"pt_3_ard"	82.9067594443704	25.4923750840642	1.96274243797884e-06	2
