"AICc"	"Delta_AICc"	"AICcWt"	"K_rates"
"pt_1_eq"	56.5053085191979	0	0.673376632013121	1
"pt_1_ard"	58.3876177267727	1.88230920757476	0.262736124824007	2
"pt_2_eq"	61.4966712700195	4.99136275082159	0.0555133442738625	4
"pt_2_ard"	65.3262477842884	8.8209392650905	0.00818116999928799	2
"pt_3_eq"	72.862268782771	16.3569602635731	0.000188968427686055	9
"pt_3_ard"	80.6963450235013	24.1910365043034	3.76046203484455e-06	2
