"AICc"	"Delta_AICc"	"AICcWt"	"K_rates"
"pt_1_eq"	55.3532543381963	0	0.655603444607295	1
"pt_1_ard"	57.325568372487	1.97231403429069	0.244544937098214	2
"pt_2_eq"	59.2012891672221	3.84803482902581	0.0957306660451513	4
"pt_2_ard"	65.6334214194733	10.280167081277	0.00384000074398943	2
"pt_3_eq"	70.8987805087607	15.5455261705644	0.000276040693394832	9
"pt_3_ard"	78.9569985066481	23.6037441684518	4.91081195494979e-06	2
