"AICc"	"Delta_AICc"	"AICcWt"	"K_rates"
"pt_1_eq"	57.2243863930138	0	0.665001006561526	1
"pt_1_ard"	59.0781828425477	1.85379644953384	0.263193717507559	2
"pt_2_eq"	62.009254634833	4.78486824181913	0.0607856920632748	4
"pt_2_ard"	65.4639703808814	8.2395839878676	0.0108048656988815	2
"pt_3_eq"	73.3179552141217	16.0935688211079	0.000212886555961905	9
"pt_3_ard"	82.8290802825545	25.6046938895407	1.8316127968699e-06	2
