"AICc"	"Delta_AICc"	"AICcWt"	"K_rates"
"pt_1_eq"	57.6729502307595	0	0.639591336064	1
"pt_1_ard"	59.5131632017025	1.84021297094303	0.254862185369196	2
"pt_2_eq"	61.5449100415314	3.87195981077198	0.0922820390700466	4
"pt_2_ard"	65.464341898803	7.79139166804354	0.013002395386402	2
"pt_3_eq"	73.3127458918915	15.6397956611321	0.000256899994682722	9
"pt_3_ard"	81.1344127114791	23.4614624807197	5.1441156728281e-06	2
