"AICc"	"Delta_AICc"	"AICcWt"	"K_rates"
"pt_1_eq"	56.8282014732095	0	0.692332507107177	1
"pt_1_ard"	58.6970093142633	1.86880784105379	0.271962019209478	2
"pt_2_eq"	63.4416514119147	6.61344993870515	0.0253642669986799	4
"pt_2_ard"	65.2756661649391	8.44746469172957	0.0101384385377863	2
"pt_3_eq"	73.1255537955583	16.2973523223488	0.000200165687207426	9
"pt_3_ard"	81.8109306641292	24.9827291909196	2.60245967152753e-06	2
