"AICc"	"Delta_AICc"	"AICcWt"	"K_rates"
"pt_1_eq"	55.5817583136979	0	0.64128702721712	1
"pt_1_ard"	57.5996170001518	2.01785868645385	0.233819112715877	2
"pt_2_eq"	59.1222275629867	3.54046924928877	0.10920671044917	4
"pt_2_ard"	63.0478147030308	7.4660563893329	0.0153397721484089	2
"pt_3_eq"	70.6515656991958	15.0698073854979	0.000342519545524932	9
"pt_3_ard"	79.1630008149482	23.5812425012503	4.85792389926778e-06	2
