"AICc"	"Delta_AICc"	"AICcWt"	"K_rates"
"pt_1_eq"	57.1183727809435	0	0.697685805582284	1
"pt_1_ard"	59.0352234117033	1.91685063075976	0.267559922547293	2
"pt_2_eq"	63.731822752911	6.61344997196751	0.0255603898098179	4
"pt_2_ard"	65.8158150330487	8.69744225210518	0.00901642343161531	2
"pt_3_eq"	73.6850994692127	16.5667266882692	0.00017629536541527	9
"pt_3_ard"	83.7269621080814	26.6085893271379	1.16326357500047e-06	2
