"AICc"	"Delta_AICc"	"AICcWt"	"K_rates"
"pt_1_eq"	55.170801462327	0	0.703790221862089	1
"pt_1_ard"	57.1828901569596	2.01208869463259	0.257349731848774	2
"pt_2_eq"	61.7739760645863	6.60317460225934	0.0259168420692556	4
"pt_2_ard"	63.2050812032146	8.0342797408876	0.0126713109904879	2
"pt_3_eq"	70.9215219385493	15.7507204762223	0.000267434686074198	9
"pt_3_ard"	79.1096284774207	23.9388270150937	4.45854332027183e-06	2
