"AICc"	"Delta_AICc"	"AICcWt"	"K_rates"
"pt_1_eq"	55.6007071346661	0	0.693373570160132	1
"pt_1_ard"	57.4810120891787	1.88030495451264	0.270809721334938	2
"pt_2_eq"	62.214157086469	6.61344995180295	0.0254024071781336	4
"pt_2_ard"	64.0366319630259	8.43592482835982	0.0102124391526982	2
"pt_3_eq"	71.9179384456764	16.3172313110103	0.000198484009400326	9
"pt_3_ard"	80.0646903784246	24.4639832437585	3.37816469822058e-06	2
