"AICc"	"Delta_AICc"	"AICcWt"	"K_rates"
"pt_1_eq"	56.3384691847993	0	0.696137214584043	1
"pt_1_ard"	58.216413279687	1.87794409488769	0.272210248695259	2
"pt_2_eq"	62.9519191970697	6.61345001227046	0.0255036551768064	4
"pt_2_ard"	65.8778007962746	9.53933161147532	0.00590548147144527	2
"pt_3_eq"	72.2823248577727	15.9438556729735	0.000240176538684601	9
"pt_3_ard"	80.9041169202345	24.5656477354352	3.22353376243987e-06	2
