"AICc"	"Delta_AICc"	"AICcWt"	"K_rates"
"pt_1_eq"	57.8960337212741	0	0.599701324644675	1
"pt_1_ard"	59.8093260267651	1.91329230549104	0.230392778789719	2
"pt_2_eq"	60.6808594193077	2.78482569803364	0.149010815416747	4
"pt_2_ard"	64.6555630556406	6.75952933436657	0.0204231093674852	2
"pt_3_eq"	72.2325504032264	14.3365166819524	0.000462168099679402	9
"pt_3_ard"	79.938891760804	22.0428580395299	9.80368169447255e-06	2
