"AICc"	"Delta_AICc"	"AICcWt"	"K_rates"
"pt_1_eq"	57.1459699659842	0	0.667480034423473	1
"pt_1_ard"	58.9830185348727	1.83704856888851	0.266396338554431	2
"pt_2_eq"	62.1371962865474	4.99122632056323	0.0550309810559438	4
"pt_2_ard"	65.3795922947642	8.23362232878004	0.0108775204371913	2
"pt_3_eq"	73.2626603819159	16.1166904159317	0.000211224077757406	9
"pt_3_ard"	81.2458023068686	24.0998323408845	3.90145120352762e-06	2
