"AICc"	"Delta_AICc"	"AICcWt"	"K_rates"
"pt_1_eq"	56.586016003589	0	0.631394278742065	1
"pt_1_ard"	58.3854104162009	1.7993944126119	0.256783497723886	2
"pt_2_eq"	60.3355914996409	3.7495754960519	0.0968480026809284	4
"pt_2_ard"	64.1164441325496	7.53042812896061	0.0146247668392696	2
"pt_3_eq"	71.6206352956291	15.0346192920401	0.000343221546842832	9
"pt_3_ard"	79.6378431056969	23.0518271021079	6.23246700753645e-06	2
