"AICc"	"Delta_AICc"	"AICcWt"	"K_rates"
"pt_1_eq"	57.5960555554625	0	0.698006481575132	1
"pt_1_ard"	59.5899654299444	1.99390987448196	0.257565344098998	2
"pt_2_eq"	64.1992301548458	6.60317459938337	0.0257038577837157	4
"pt_2_ard"	64.8752077940314	7.27915223856893	0.0183320752110739	6
"pt_3_eq"	72.5980657275653	15.0020101721029	0.000385668650174197	9
"pt_3_ard"	80.7421792867674	23.1461237313049	6.57268090628861e-06	12
