"AICc"	"Delta_AICc"	"AICcWt"	"K_rates"
"pt_1_eq"	55.7191946769294	0	0.681869171271679	1
"pt_1_ard"	57.5634605002647	1.84426582333536	0.271158873124062	2
"pt_2_eq"	61.2785167651522	5.55932208822281	0.0423164866040313	4
"pt_2_ard"	65.7335195251914	10.0143248482621	0.00456160887302451	2
"pt_3_eq"	73.5653781473854	17.846183470456	9.08764918491458e-05	9
"pt_3_ard"	80.3980959032512	24.6789012263218	2.98363535343476e-06	2
