"AICc"	"Delta_AICc"	"AICcWt"	"K_rates"
"pt_1_eq"	56.0168269102735	0	0.649185762129472	1
"pt_1_ard"	58.0024548868648	1.98562797659133	0.240544454797095	2
"pt_2_eq"	59.8208891485937	3.80406223832021	0.0969008009723549	4
"pt_2_ard"	63.8175094068462	7.80068249657277	0.0131362772118644	2
"pt_3_eq"	71.9328156055957	15.9159886953222	0.000227120300513469	9
"pt_3_ard"	79.3437537036655	23.326926793392	5.58458870087395e-06	2
