"AICc"	"Delta_AICc"	"AICcWt"	"K_rates"
"pt_1_eq"	57.1514585386133	0	0.654073159401118	1
"pt_1_ard"	59.0994765270199	1.94801798840663	0.246956008005687	2
"pt_2_eq"	61.0212722354601	3.86981369684678	0.0944728376875199	4
"pt_2_ard"	67.2730877990814	10.1216292604681	0.00414708044524098	2
"pt_3_eq"	72.2455327403051	15.0940742016918	0.000345135601579519	9
"pt_3_ard"	80.4249950496195	23.2735365110062	5.77885885468763e-06	2
