"AICc"	"Delta_AICc"	"AICcWt"	"K_rates"
"pt_1_eq"	57.9547675776985	0	0.696570568544246	1
"pt_1_ard"	59.8858254473218	1.93105786962328	0.265241351553814	2
"pt_2_eq"	64.5682162846198	6.61344870692134	0.0255195481711306	4
"pt_2_ard"	66.0162068788307	8.06143930113225	0.0123721682788848	2
"pt_3_eq"	73.5189249741321	15.5641573964336	0.000290570341865273	9
"pt_3_ard"	81.3492777680821	23.3945101903836	5.79311005972317e-06	2
