"AICc"	"Delta_AICc"	"AICcWt"	"K_rates"
"pt_1_eq"	57.9225971140653	0	0.493819252632145	1
"pt_1_ard"	59.3061953168967	1.38359820283132	0.24724270449126	2
"pt_2_eq"	59.4330758400566	1.51047872599123	0.232044740923114	4
"pt_2_ard"	63.7931002189608	5.8705031048955	0.0262303729551912	2
"pt_3_eq"	71.1812661741694	13.2586690601041	0.000652355927340254	9
"pt_3_ard"	79.425826217465	21.5032291033997	1.05730709493758e-05	2
