"AICc"	"Delta_AICc"	"AICcWt"	"K_rates"
"pt_1_eq"	55.1843327728262	0	0.674818992770457	1
"pt_1_ard"	57.029818376166	1.84548560333977	0.268191611783391	2
"pt_2_eq"	60.2286745024572	5.044341729631	0.0541779300699121	4
"pt_2_ard"	66.3059375492149	11.1216047763887	0.00259514426327953	2
"pt_3_eq"	71.3165706354319	16.1322378626057	0.00021189287571501	9
"pt_3_ard"	79.0527291391447	23.8683963663184	4.42823724544183e-06	2
