"AICc"	"Delta_AICc"	"AICcWt"	"K_rates"
"pt_1_eq"	57.3788443625173	0	0.665713827522258	1
"pt_1_ard"	59.2240617220984	1.84521735958104	0.264608456306987	2
"pt_2_eq"	62.1945330080257	4.81568864550835	0.0599203132523754	4
"pt_2_ard"	65.8732932469544	8.49444888443706	0.00952229077586831	2
"pt_3_eq"	73.3186612421807	15.9398168796634	0.000230144351884519	9
"pt_3_ard"	80.9901243014897	23.6112799389724	4.96779062635121e-06	2
