"AICc"	"Delta_AICc"	"AICcWt"	"K_rates"
"pt_1_eq"	57.2104859745619	0	0.69334139281796	1
"pt_1_ard"	59.0489030093801	1.83841703481824	0.276528527933689	2
"pt_2_eq"	63.8239359172097	6.6134499426478	0.0254012284465519	4
"pt_2_ard"	67.2336042058766	10.0231182313148	0.0046180077657585	2
"pt_3_eq"	74.7205030347016	17.5100170601397	0.00010931889544382	9
"pt_3_ard"	83.2661801324197	26.0556941578579	1.5241405970168e-06	2
