"AICc"	"Delta_AICc"	"AICcWt"	"K_rates"
"pt_1_eq"	56.8539227607764	0	0.630992188697534	1
"pt_1_ard"	58.7297098509103	1.87578709013388	0.247002865593659	2
"pt_2_eq"	60.4864101735041	3.63248741272768	0.102621737509201	4
"pt_2_ard"	63.8627139406373	7.00879117986096	0.0189707419187631	2
"pt_3_eq"	71.557923545893	14.7040007851166	0.000404660469929568	9
"pt_3_ard"	79.4542833948401	22.6003606340637	7.8058109129718e-06	2
