"AICc"	"Delta_AICc"	"AICcWt"	"K_rates"
"pt_1_eq"	55.3132801512959	0	0.676070155470794	1
"pt_1_ard"	57.1507588301065	1.83747867881067	0.269766700037216	2
"pt_2_eq"	60.6814784082346	5.36819825693875	0.046163882231764	4
"pt_2_ard"	64.2335337766579	8.92025362536206	0.00781597751745599	2
"pt_3_eq"	71.7706533384364	16.4573731871405	0.000180434085961574	9
"pt_3_ard"	80.0662855571233	24.7530054058274	2.85065680894781e-06	2
