"AICc"	"Delta_AICc"	"AICcWt"	"K_rates"
"pt_1_eq"	58.0762583101803	0	0.697082887367542	1
"pt_1_ard"	60.1016010035701	2.02534269338981	0.253213492604628	2
"pt_2_eq"	64.6794329097371	6.60317459955688	0.0256698467303188	4
"pt_2_ard"	64.8554302148004	6.77917190462018	0.0235074730226646	6
"pt_3_eq"	72.4880356247379	14.4117773145577	0.000517376549803004	9
"pt_3_ard"	80.6081505854139	22.5318922752336	8.92372504391024e-06	12
