"AICc"	"Delta_AICc"	"AICcWt"	"K_rates"
"pt_1_eq"	56.6981052124599	0	0.652660114549234	1
"pt_1_ard"	58.5592543983021	1.8611491858422	0.257361549189626	2
"pt_2_eq"	60.8010019728262	4.10289676036638	0.0838985319071993	4
"pt_2_ard"	66.1667871286604	9.46868191620054	0.00573573290352425	2
"pt_3_eq"	71.8302113314019	15.1321061189421	0.000337902946895438	9
"pt_3_ard"	79.8368162265495	23.1387110140896	6.16850352088733e-06	2
