"AICc"	"Delta_AICc"	"AICcWt"	"K_rates"
"pt_1_eq"	57.7392825167996	0	0.578510662570759	1
"pt_1_ard"	59.5759072623334	1.83662474553385	0.230936921263164	2
"pt_2_eq"	60.2438639049964	2.50458138819683	0.165366840820463	4
"pt_2_ard"	64.032666810091	6.29338429329138	0.0248725511316182	2
"pt_3_eq"	72.845270012505	15.1059874957054	0.000303450502732571	9
"pt_3_ard"	79.7576651664153	22.0183826496157	9.57371126283431e-06	2
