"AICc"	"Delta_AICc"	"AICcWt"	"K_rates"
"pt_1_eq"	57.1382286018568	0	0.663384762731469	1
"pt_1_ard"	59.1365736737976	1.99834507194086	0.244247638335613	2
"pt_2_eq"	61.4046532354153	4.26642463355855	0.0785820137869291	4
"pt_2_ard"	64.9263372550127	7.78810865315595	0.0135082529896444	2
"pt_3_eq"	72.742422649845	15.6041940479882	0.000271242542879703	9
"pt_3_ard"	80.3352802571449	23.1970516552881	6.08961346423839e-06	2
