"AICc"	"Delta_AICc"	"AICcWt"	"K_rates"
"pt_1_eq"	54.5820049729809	0	0.649408851151624	1
"pt_1_ard"	56.5305682338804	1.94856326089953	0.245128082306243	2
"pt_2_eq"	58.3015538108895	3.7195488379086	0.101117991772763	4
"pt_2_ard"	64.742257708255	10.1602527352741	0.00403875356831748	2
"pt_3_eq"	69.940588130322	15.3585831573412	0.000300223197478022	9
"pt_3_ard"	77.7337176398853	23.1517126669044	6.0980035751205e-06	2
