"AICc"	"Delta_AICc"	"AICcWt"	"K_rates"
"pt_1_eq"	57.1552769198758	0	0.693484707261551	1
"pt_1_ard"	59.0467667102564	1.89148979038059	0.269342631670999	2
"pt_2_eq"	63.7687269657176	6.61345004584182	0.0254064775980651	4
"pt_2_ard"	65.3491235039245	8.19384658404865	0.0115283116897094	2
"pt_3_eq"	73.1455384334587	15.9902615135829	0.000233773736647661	9
"pt_3_ard"	81.2332267549852	24.0779498351093	4.09804302754182e-06	2
