"AICc"	"Delta_AICc"	"AICcWt"	"K_rates"
"pt_1_eq"	55.0439465291847	0	0.670393421559105	1
"pt_1_ard"	56.9354217146246	1.89147518543991	0.260376105062089	2
"pt_2_eq"	59.9551193301247	4.91117280093999	0.057528376817652	4
"pt_2_ard"	63.1823451235615	8.13839859437687	0.0114577394851053	2
"pt_3_eq"	70.8952533656463	15.8513068364616	0.000242249114914595	9
"pt_3_ard"	80.3837441736356	25.339797644451	2.10796113408112e-06	2
