"AICc"	"Delta_AICc"	"AICcWt"	"K_rates"
"pt_1_eq"	56.5517524047941	0	0.653982287322401	1
"pt_1_ard"	58.4302396053021	1.87848720050809	0.255656991025194	2
"pt_2_eq"	60.6112891043447	4.05953669955063	0.0859110035257481	4
"pt_2_ard"	66.6103845614783	10.0586321566842	0.00427919192476579	6
"pt_3_eq"	73.1225875148187	16.5708351100247	0.000164912988347113	9
"pt_3_ard"	79.8831767382495	23.3314243334555	5.61321354379842e-06	12
