"AICc"	"Delta_AICc"	"AICcWt"	"K_rates"
"pt_1_eq"	56.9924158665997	0	0.622053652576921	1
"pt_1_ard"	58.9892491580002	1.99683329140049	0.229203373078841	2
"pt_2_eq"	60.1305243631232	3.13810849652344	0.12953771819436	4
"pt_2_ard"	63.9921444783834	6.99972861178366	0.0187869417604733	2
"pt_3_eq"	71.6439018867216	14.6514860201219	0.000409541653513797	9
"pt_3_ard"	79.3306816830095	22.3382658164098	8.77273589116475e-06	2
