"AICc"	"Delta_AICc"	"AICcWt"	"K_rates"
"pt_1_eq"	57.4006948634352	0	0.60863623703516	1
"pt_1_ard"	59.171468513386	1.77077364995083	0.251095652537427	2
"pt_2_eq"	60.6617607610445	3.26106589760931	0.119186301594024	4
"pt_2_ard"	64.1530921870869	6.75239732365169	0.0208014379284455	2
"pt_3_eq"	72.7833790282206	15.3826841647854	0.000278003575163518	9
"pt_3_ard"	82.3151216862377	24.9144268228025	2.36732978007994e-06	2
