"AICc"	"Delta_AICc"	"AICcWt"	"K_rates"
"pt_1_eq"	54.6167122942026	0	0.662112396988478	1
"pt_1_ard"	56.4813921981316	1.86467990392904	0.260628331063748	2
"pt_2_eq"	59.2877096973113	4.67099740310872	0.0640674621280413	4
"pt_2_ard"	62.4696403566114	7.85292806240886	0.0130523904637341	6
"pt_3_eq"	71.6227981559326	17.0060858617301	0.000134309612206217	9
"pt_3_ard"	78.1607949743868	23.5440826801843	5.10974379189305e-06	12
