"AICc"	"Delta_AICc"	"AICcWt"	"K_rates"
"pt_1_eq"	55.9849832424219	0	0.681466335675943	1
"pt_1_ard"	57.8482041656978	1.8632209232759	0.268442406734961	2
"pt_2_eq"	61.4378233234392	5.45284008101722	0.0446041458959395	4
"pt_2_ard"	65.7029822842742	9.71799904185222	0.00528698072544661	2
"pt_3_eq"	72.291459868365	16.3064766259431	0.000196127276530193	9
"pt_3_ard"	80.074554043927	24.0895708015051	4.0036911805833e-06	2
