"AICc"	"Delta_AICc"	"AICcWt"	"K_rates"
"pt_1_eq"	55.9854626733575	0	0.65441300712408	1
"pt_1_ard"	57.9482409757403	1.96277830238284	0.245267514385549	2
"pt_2_eq"	59.8557066086912	3.87024393533377	0.094501593220732	4
"pt_2_ard"	65.5438523593549	9.55838968599746	0.00549887660920625	2
"pt_3_eq"	71.2850330439536	15.2995703705961	0.000311596398295804	9
"pt_3_ard"	78.7621792055973	22.7767165322398	7.41226213699906e-06	2
