"AICc"	"Delta_AICc"	"AICcWt"	"K_rates"
"pt_1_eq"	58.5567424894358	0	0.700301761531028	1
"pt_1_ard"	60.4725135310704	1.91577104163461	0.268708140017491	2
"pt_2_eq"	65.1701924592921	6.61344996985629	0.0256562278964403	4
"pt_2_ard"	68.398045488237	9.84130299880121	0.0051082650736771	2
"pt_3_eq"	74.6743395261423	16.1175970367065	0.000221510078744407	9
"pt_3_ard"	82.6555456432654	24.0988031538296	4.09540261896071e-06	2
