"AICc"	"Delta_AICc"	"AICcWt"	"K_rates"
"pt_1_eq"	54.3893288067085	0	0.706850864439108	1
"pt_1_ard"	56.3567303458362	1.96740153912764	0.264309015713228	2
"pt_2_eq"	60.9925034008332	6.60317459412464	0.0260295493254041	4
"pt_2_ard"	65.6114578830395	11.222129076331	0.00258507666223801	2
"pt_3_eq"	70.5192779221167	16.1299491154082	0.0002222050098511	9
"pt_3_ard"	78.9454027460527	24.5560739393441	3.28885017091636e-06	2
