"AICc"	"Delta_AICc"	"AICcWt"	"K_rates"
"pt_1_eq"	55.3712637113287	0	0.674903065599757	1
"pt_1_ard"	57.2514168755447	1.88015316421599	0.26361573457036	2
"pt_2_eq"	60.5368196800262	5.16555596869755	0.0509982383358024	4
"pt_2_ard"	63.7409319286666	8.36966821733787	0.0102752178835825	2
"pt_3_eq"	71.5820553243812	16.2107916130525	0.000203757089477474	9
"pt_3_ard"	79.4500745652724	24.0788108539437	3.98652102123311e-06	2
