"AICc"	"Delta_AICc"	"AICcWt"	"K_rates"
"pt_1_eq"	58.3448931837872	0	0.649323394141529	1
"pt_1_ard"	60.3985936180101	2.05370043422297	0.232544283031324	2
"pt_2_eq"	61.9904656879496	3.64557250416243	0.104914384996975	4
"pt_2_ard"	66.1822582450092	7.83736506122203	0.0129002715049649	2
"pt_3_eq"	73.6255256915626	15.2806325077755	0.000312114439475515	9
"pt_3_ard"	81.6839902358399	23.3390970520528	5.55188573215995e-06	2
