"AICc"	"Delta_AICc"	"AICcWt"	"K_rates"
"pt_1_eq"	54.2036756400183	0	0.68750566386564	1
"pt_1_ard"	56.0423762214882	1.83870058146991	0.274162165750692	2
"pt_2_eq"	60.8068375302157	6.60316189019743	0.0253173295260432	4
"pt_2_ard"	62.1794406565422	7.97576501652394	0.0127456184249208	6
"pt_3_eq"	69.934165196755	15.7304895567368	0.000263902724771347	9
"pt_3_ard"	77.7424895296461	23.5388138896278	5.31970793294977e-06	12
