"AICc"	"Delta_AICc"	"AICcWt"	"K_rates"
"pt_1_eq"	53.2252210540233	0	0.674920916451428	1
"pt_1_ard"	55.0258952366613	1.80067418263794	0.274309884286026	2
"pt_2_eq"	58.6619210436593	5.43669998963592	0.0445336698259583	4
"pt_2_ard"	62.6506624039684	9.42544134994502	0.00606100027428638	6
"pt_3_eq"	69.7715676621297	16.5463466081063	0.000172289723402516	9
"pt_3_ard"	78.4574719726071	25.2322509185838	2.23943889881045e-06	12
