"AICc"	"Delta_AICc"	"AICcWt"	"K_rates"
"pt_1_eq"	55.8439814264932	0	0.654514585305478	1
"pt_1_ard"	57.7711779194834	1.9271964929902	0.249708846022388	2
"pt_2_eq"	59.9790353057561	4.13505387926291	0.0827949384857296	4
"pt_2_ard"	63.7108621219357	7.86688069544255	0.01281291340371	2
"pt_3_eq"	72.4098769851353	16.5658955586422	0.000165455349920223	9
"pt_3_ard"	80.262946523445	24.4189650969519	3.2614327746776e-06	2
