"AICc"	"Delta_AICc"	"AICcWt"	"K_rates"
"pt_1_eq"	57.0348077684867	0	0.687352778486998	1
"pt_1_ard"	58.9607057842669	1.92589801578023	0.262407505079737	2
"pt_2_eq"	62.4530242615634	5.41821649307666	0.0457750608408724	4
"pt_2_ard"	67.1984385236317	10.163630755145	0.00426751755212657	2
"pt_3_eq"	73.3714865397507	16.336678771264	0.000194856532999844	9
"pt_3_ard"	82.2663410463853	25.2315332778986	2.28150726630245e-06	2
