"AICc"	"Delta_AICc"	"AICcWt"	"K_rates"
"pt_1_eq"	57.0328350554125	0	0.692141626887163	1
"pt_1_ard"	58.8971918342536	1.86435677884109	0.272492804537642	2
"pt_2_eq"	63.6462850272405	6.61344997182803	0.0253572734983566	4
"pt_2_ard"	65.5531456558804	8.52031060046791	0.00977311548058189	2
"pt_3_eq"	73.0448430207939	16.0120079653814	0.000230797774975534	9
"pt_3_ard"	80.9729978978855	23.940162842473	4.38182128106262e-06	2
