"AICc"	"Delta_AICc"	"AICcWt"	"K_rates"
"pt_1_eq"	57.3961873444428	0	0.678419034419328	1
"pt_1_ard"	59.3131562673486	1.9169689229058	0.260155799512207	2
"pt_2_eq"	62.3782496423543	4.9820622979115	0.0561897296040165	4
"pt_2_ard"	67.2257482647192	9.82956092027644	0.00497778335126254	2
"pt_3_eq"	73.1786322289179	15.7824448844751	0.00025373691908928	9
"pt_3_ard"	81.5209876090215	24.1248002645788	3.91619409712113e-06	2
