"AICc"	"Delta_AICc"	"AICcWt"	"K_rates"
"pt_1_eq"	55.860144882203	0	0.675009622354243	1
"pt_1_ard"	57.7363451516649	1.87620026946197	0.264178975613349	2
"pt_2_eq"	61.0339818127163	5.17383693051333	0.0507955362106154	4
"pt_2_ard"	64.3040412654177	8.44389638321467	0.00990241586861117	6
"pt_3_eq"	73.3251691881511	17.4650243059481	0.000108849922111111	9
"pt_3_ard"	79.6529832169669	23.7928383347639	4.60003106949701e-06	12
