"AICc"	"Delta_AICc"	"AICcWt"	"K_rates"
"pt_1_eq"	59.0456371165311	0	0.693713114784604	1
"pt_1_ard"	60.8971920821154	1.85155496558432	0.274865259730129	2
"pt_2_eq"	65.6590870859308	6.61344996939971	0.0254148464981946	4
"pt_2_ard"	68.6632987513177	9.61766163478666	0.00565888953861715	2
"pt_3_eq"	74.2663956390899	15.2207585225589	0.000343584993034822	9
"pt_3_ard"	83.0259634052891	23.980326288758	4.30445541962795e-06	2
