"AICc"	"Delta_AICc"	"AICcWt"	"K_rates"
"pt_1_eq"	53.9168267323403	0	0.676044645259907	1
"pt_1_ard"	55.8824281530655	1.96560142072515	0.253017436869017	2
"pt_2_eq"	58.7235897477353	4.80676301539501	0.0611223510009752	4
"pt_2_ard"	62.426636486541	8.5098097542007	0.00959607576137437	2
"pt_3_eq"	69.9928769348438	16.0760502025035	0.000218325986083832	9
"pt_3_ard"	80.4592028166518	26.5423760843114	1.16512264245738e-06	2
