"AICc"	"Delta_AICc"	"AICcWt"	"K_rates"
"pt_1_eq"	56.4523030637879	0	0.658185113023256	1
"pt_1_ard"	58.3562720931082	1.90396902932029	0.2540425325243	2
"pt_2_eq"	60.8102287161678	4.35792565237987	0.074479460720923	4
"pt_2_ard"	64.2989826865578	7.84667962276988	0.0130155709638097	2
"pt_3_eq"	72.0433182395431	15.5910151757552	0.000270895709128848	9
"pt_3_ard"	79.525752096009	23.073449032221	6.42705858253837e-06	2
