"AICc"	"Delta_AICc"	"AICcWt"	"K_rates"
"pt_1_eq"	55.7192946135445	0	0.681282834113498	1
"pt_1_ard"	57.6679260578822	1.94863144433768	0.257150577891301	2
"pt_2_eq"	60.8042747358501	5.08498012230557	0.0535966990089889	4
"pt_2_ard"	64.6430810390576	8.92378642551314	0.00786234044709458	2
"pt_3_eq"	73.2915536257812	17.5722590122367	0.000104126167670197	9
"pt_3_ard"	80.1220928217478	24.4027982082033	3.42237144776956e-06	2
