"AICc"	"Delta_AICc"	"AICcWt"	"K_rates"
"pt_1_eq"	57.5432142220395	0	0.613952215779641	1
"pt_1_ard"	59.4951753814705	1.951961159431	0.23135111177523	2
"pt_2_eq"	60.5993053787386	3.05609115669913	0.133202632617413	4
"pt_2_ard"	64.2878747259825	6.74466050394309	0.0210644513324202	2
"pt_3_eq"	72.1180120885052	14.5747978664657	0.000420007868827216	9
"pt_3_ard"	79.6790730149175	22.1358587928781	9.58062646833047e-06	2
