"AICc"	"Delta_AICc"	"AICcWt"	"K_rates"
"pt_1_eq"	57.3255856997807	0	0.669207685952897	1
"pt_1_ard"	59.2885758827546	1.9629901829739	0.250785843764368	2
"pt_2_eq"	61.9238838362846	4.5982981365039	0.0671511055069888	4
"pt_2_ard"	65.2698859264752	7.94430022669457	0.012603119226574	2
"pt_3_eq"	73.1261394017853	15.8005537020047	0.000248035748340657	9
"pt_3_ard"	81.2784544903562	23.9528687905756	4.20980083100925e-06	2
