"AICc"	"Delta_AICc"	"AICcWt"	"K_rates"
"pt_1_eq"	57.1113051791942	0	0.627225818870557	1
"pt_1_ard"	58.9872293185807	1.87592413938652	0.245511690141876	2
"pt_2_eq"	60.5665933955005	3.45528821630634	0.11145963699604	4
"pt_2_ard"	64.5183870160263	7.40708183683213	0.0154524213858015	2
"pt_3_eq"	72.1295059436426	15.0182007644485	0.000343766115809897	9
"pt_3_ard"	80.0152420602914	22.9039368810972	6.66648991586081e-06	2
