"AICc"	"Delta_AICc"	"AICcWt"	"K_rates"
"pt_1_eq"	54.3469843223851	0	0.674354606494224	1
"pt_1_ard"	56.3622615834041	2.01527726101904	0.246193414408835	2
"pt_2_eq"	58.8952777220189	4.54829339963381	0.0693807460884277	4
"pt_2_ard"	62.7815465792992	8.43456225691411	0.00993908502364363	6
"pt_3_eq"	71.5013445676065	17.1543602452214	0.000127018310257831	9
"pt_3_ard"	77.9199226126639	23.5729382902788	5.12967461243698e-06	12
