"AICc"	"Delta_AICc"	"AICcWt"	"K_rates"
"pt_1_eq"	56.3404097344725	0	0.688366375505561	1
"pt_1_ard"	58.2291906105121	1.8887808760396	0.267717087885767	2
"pt_2_eq"	62.943584335115	6.60317460064253	0.0253488640506881	4
"pt_2_ard"	63.5882444424008	7.24783470792824	0.0183642137284465	2
"pt_3_eq"	72.6784175379058	16.3380078034333	0.000195014242819444	9
"pt_3_ard"	78.9575115079107	22.6171017734381	8.44458671801148e-06	2
