"AICc"	"Delta_AICc"	"AICcWt"	"K_rates"
"pt_1_eq"	57.0223152454632	0	0.649198426373638	1
"pt_1_ard"	58.9472863592079	1.9249711137446	0.247956382782067	2
"pt_2_eq"	61.08104941402	4.05873416855678	0.0853167949127864	4
"pt_2_ard"	64.2886607678496	7.26634552238637	0.0171597349905146	6
"pt_3_eq"	72.0057644189111	14.9834491734478	0.000362045213771892	9
"pt_3_ard"	80.0104031732045	22.9880879277412	6.61572722186133e-06	12
