"AICc"	"Delta_AICc"	"AICcWt"	"K_rates"
"pt_1_eq"	55.5288573983563	0	0.683212478322353	1
"pt_1_ard"	57.4221193251009	1.89326192674461	0.265117982386246	2
"pt_2_eq"	61.095634325426	5.56677692706968	0.0422421037690421	4
"pt_2_ard"	64.1369293249381	8.60807192658183	0.00923287000719533	2
"pt_3_eq"	71.8972732728823	16.368415874526	0.000190633597607912	9
"pt_3_ard"	79.659725300696	24.1308679023397	3.93191755609704e-06	2
