"AICc"	"Delta_AICc"	"AICcWt"	"K_rates"
"pt_1_eq"	55.3025139512208	0	0.684240473888858	1
"pt_1_ard"	57.1785029114556	1.87598896023478	0.267819955184193	2
"pt_2_eq"	60.7402591997922	5.43774524857143	0.0451250173690889	4
"pt_2_ard"	66.4332227501765	11.1307087989557	0.00261942551951944	2
"pt_3_eq"	71.6613261623147	16.3588122110938	0.000191839406832645	9
"pt_3_ard"	79.7937003140166	24.4911863627958	3.28863150867317e-06	2
