"AICc"	"Delta_AICc"	"AICcWt"	"K_rates"
"pt_1_eq"	56.2283241056164	0	0.662507738231545	1
"pt_1_ard"	58.1046720807743	1.87634797515791	0.259266956399707	2
"pt_2_eq"	60.7932398985838	4.56491579296738	0.0675977258802248	4
"pt_2_ard"	64.5200638275516	8.29173972193521	0.0104872724801485	2
"pt_3_eq"	73.1749516211091	16.9466275154927	0.000138445086463533	9
"pt_3_ard"	81.7926806606657	25.5643565550493	1.8619219107434e-06	2
