"AICc"	"Delta_AICc"	"AICcWt"	"K_rates"
"pt_1_eq"	57.4893844598642	0	0.691096036435808	1
"pt_1_ard"	59.3396304867342	1.85024602686994	0.274007583357689	2
"pt_2_eq"	64.102835215923	6.61345075605873	0.0253189573596327	4
"pt_2_ard"	66.0868764832159	8.59749202335168	0.00938894360021841	2
"pt_3_eq"	73.9386138210592	16.449229361195	0.000185196864979552	9
"pt_3_ard"	82.0043140530814	24.5149295932172	3.28238167164056e-06	2
