"AICc"	"Delta_AICc"	"AICcWt"	"K_rates"
"pt_1_eq"	55.5368198555576	0	0.651258939720234	1
"pt_1_ard"	57.4758250390214	1.93900518346373	0.247004048766078	2
"pt_2_eq"	59.5772449230728	4.04042506751522	0.0863746980460997	4
"pt_2_ard"	63.0712702382948	7.53445038273719	0.015054577964414	2
"pt_3_eq"	70.8643800031043	15.3275601475467	0.000305785087018979	9
"pt_3_ard"	80.9740595275476	25.43723967199	1.95041615568505e-06	2
