"AICc"	"Delta_AICc"	"AICcWt"	"K_rates"
"pt_1_eq"	54.5410275554558	0	0.686503988371078	1
"pt_1_ard"	56.3957971453471	1.85476958989133	0.271571984351044	2
"pt_2_eq"	60.5119446893465	5.97091713389066	0.0346796641622748	4
"pt_2_ard"	63.6843060888014	9.14327853334556	0.00709913374058896	2
"pt_3_eq"	71.4956785140826	16.9546509586268	0.00014288524628546	9
"pt_3_ard"	79.7159346061177	25.1749070506619	2.34412872861959e-06	2
