"AICc"	"Delta_AICc"	"AICcWt"	"K_rates"
"pt_1_eq"	57.0414120684196	0	0.667477910673629	1
"pt_1_ard"	58.9427450414288	1.90133297300918	0.257969100075173	2
"pt_2_eq"	61.7804585940914	4.73904652567183	0.0624260736007057	4
"pt_2_ard"	65.0993427898295	8.05793072140988	0.0118762539056158	2
"pt_3_eq"	72.8388934514913	15.7974813830717	0.000247774952490777	9
"pt_3_ard"	81.7436432510147	24.7022311825951	2.8867923862819e-06	2
