"AICc"	"Delta_AICc"	"AICcWt"	"K_rates"
"pt_1_eq"	57.5500088002943	0	0.638556435298885	1
"pt_1_ard"	59.5135026375487	1.96349383725436	0.239239021049961	2
"pt_2_eq"	61.1521732145674	3.60216441427307	0.105438500758055	4
"pt_2_ard"	64.8702760991226	7.32026729882834	0.0164294656626272	2
"pt_3_eq"	72.6701605429467	15.1201517426524	0.000332583004499759	9
"pt_3_ard"	81.5142398535504	23.9642310532561	3.99422597189242e-06	2
