"AICc"	"Delta_AICc"	"AICcWt"	"K_rates"
"pt_1_eq"	54.6562424421058	0	0.668965901430745	1
"pt_1_ard"	56.6362531281183	1.98001068601253	0.248570807941283	2
"pt_2_eq"	59.1468012410688	4.49055879896302	0.0708421165163371	4
"pt_2_ard"	62.7858125803206	8.12957013821482	0.0114839225751587	6
"pt_3_eq"	71.7130741205639	17.0568316784581	0.000132300060593499	9
"pt_3_ard"	78.2838477984355	23.6276053563297	4.9514758823249e-06	12
