"AICc"	"Delta_AICc"	"AICcWt"	"K_rates"
"pt_1_eq"	57.8650760686076	0	0.688980769759086	1
"pt_1_ard"	59.7179644700298	1.85288840142226	0.272808247845182	2
"pt_2_eq"	64.4785265935313	6.61345052492372	0.0252414654801004	4
"pt_2_ard"	65.8494194600109	7.98434339140339	0.0127182969905545	2
"pt_3_eq"	73.7132044939005	15.848128425293	0.00024936169344356	9
"pt_3_ard"	83.511762745844	25.6466866772364	1.85823163314899e-06	2
