"AICc"	"Delta_AICc"	"AICcWt"	"K_rates"
"pt_1_eq"	54.2529680782447	0	0.708030143114334	1
"pt_1_ard"	56.3042499832703	2.05128190502555	0.253875938169974	2
"pt_2_eq"	60.8561426757007	6.603174597456	0.0260729758291994	4
"pt_2_ard"	62.4504393564112	8.1974712781665	0.0117487990719531	2
"pt_3_eq"	70.0260913871122	15.7731233088675	0.000266048944133105	9
"pt_3_ard"	77.5785569710403	23.3255888927956	6.09487040618902e-06	2
