"AICc"	"Delta_AICc"	"AICcWt"	"K_rates"
"pt_1_eq"	55.7596577876383	0	0.660806189325049	1
"pt_1_ard"	57.8581915262233	2.09853373858498	0.231410622550394	2
"pt_2_eq"	59.6460233486936	3.88636556105535	0.0946587016115581	4
"pt_2_ard"	63.6392407011003	7.87958291346204	0.0128541810485126	2
"pt_3_eq"	71.3922768749403	15.6326190873021	0.000266375328570364	9
"pt_3_ard"	79.8247415039768	24.0650837163385	3.93013591553122e-06	2
