"AICc"	"Delta_AICc"	"AICcWt"	"K_rates"
"pt_1_eq"	57.7026865740356	0	0.636126263380965	1
"pt_1_ard"	59.6293294730306	1.92664289899497	0.242760563325137	2
"pt_2_eq"	61.2970114863355	3.5943249122999	0.105449758297278	4
"pt_2_ard"	65.1381532559681	7.43546668193255	0.0154508455499522	2
"pt_3_eq"	73.7693014508189	16.0666148767833	0.000206405960494489	9
"pt_3_ard"	80.7917061646287	23.0890195905931	6.16348617307167e-06	2
