"AICc"	"Delta_AICc"	"AICcWt"	"K_rates"
"pt_1_eq"	58.0126779113451	0	0.659562940928414	1
"pt_1_ard"	59.9166331031776	1.90395519183258	0.254576100014222	2
"pt_2_eq"	62.4574065571459	4.44472864580086	0.0714653760988499	4
"pt_2_ard"	65.7012563900077	7.68857847866264	0.0141157072344186	2
"pt_3_eq"	73.5673226299495	15.5546447186044	0.000276444568320515	9
"pt_3_ard"	82.3455489490645	24.3328710377194	3.43115577503176e-06	2
