"AICc"	"Delta_AICc"	"AICcWt"	"K_rates"
"pt_1_eq"	56.9168721039212	0	0.643087974831404	1
"pt_1_ard"	58.7569346470439	1.84006254312269	0.256274788824705	2
"pt_2_eq"	60.9700928462371	4.05322074231589	0.0847470691239415	4
"pt_2_ard"	64.3578918824306	7.44101977850935	0.0155766289230978	2
"pt_3_eq"	72.2135927106305	15.2967206067092	0.000306640640500295	9
"pt_3_ard"	79.8025823408966	22.8857102369754	6.89765635152444e-06	2
