"AICc"	"Delta_AICc"	"AICcWt"	"K_rates"
"pt_1_eq"	56.8718158223749	0	0.673224752993623	1
"pt_1_ard"	58.6956173192128	1.82380149683784	0.27047467808108	2
"pt_2_eq"	62.2594426418234	5.38762681944843	0.0455251909985139	4
"pt_2_ard"	65.1568381114969	8.28502228912201	0.0106927729307593	2
"pt_3_eq"	74.9149263962051	18.0431105738302	8.13108303940563e-05	9
"pt_3_ard"	83.1957524707146	26.3239366483396	1.29416562904714e-06	2
