"AICc"	"Delta_AICc"	"AICcWt"	"K_rates"
"pt_1_eq"	57.5336142469326	0	0.658805677932406	1
"pt_1_ard"	59.2771742540953	1.74356000716269	0.275516801794443	2
"pt_2_eq"	62.331836937964	4.79822269103141	0.0598186372050713	4
"pt_2_ard"	67.0518520524541	9.51823780552145	0.00564804639236971	2
"pt_3_eq"	73.6738368884868	16.1402226415542	0.000206040463667181	9
"pt_3_ard"	81.1943291414696	23.660714894537	4.79621204262306e-06	2
