"AICc"	"Delta_AICc"	"AICcWt"	"K_rates"
"pt_1_eq"	58.0400712204014	0	0.697622230808237	1
"pt_1_ard"	60.0449473177754	2.00487609737398	0.256015935594365	2
"pt_2_eq"	64.6432458197176	6.6031745993162	0.0256897078771975	4
"pt_2_ard"	65.1198139328768	7.07974271247537	0.0202429459234801	2
"pt_3_eq"	72.8715867122262	14.8315154918248	0.000419756706297232	9
"pt_3_ard"	80.4646110473291	22.4245398269277	9.42309042296086e-06	2
