"AICc"	"Delta_AICc"	"AICcWt"	"K_rates"
"pt_1_eq"	56.9020679912959	0	0.655963494062449	1
"pt_1_ard"	58.9040535470889	2.00198555579302	0.241076029828218	2
"pt_2_eq"	60.8884132858179	3.98634529452199	0.0893831772772079	4
"pt_2_ard"	64.6997039382429	7.79763594694705	0.0132936591330177	2
"pt_3_eq"	72.4388004410806	15.5367324497847	0.00027740934418486	9
"pt_3_ard"	80.0309222233116	23.1288542320157	6.23035492246595e-06	2
