"AICc"	"Delta_AICc"	"AICcWt"	"K_rates"
"pt_1_eq"	55.6275143131152	0	0.669594434653058	1
"pt_1_ard"	57.4339775656067	1.8064632524915	0.271358433942922	2
"pt_2_eq"	60.6962083337584	5.06869402064326	0.0531078736740312	4
"pt_2_ard"	65.1589585982729	9.53144428515773	0.0057027588419811	2
"pt_3_eq"	71.5620210668467	15.9345067537315	0.000232101345377744	9
"pt_3_ard"	79.4942775032591	23.8667631901439	4.39754262944543e-06	2
