"AICc"	"Delta_AICc"	"AICcWt"	"K_rates"
"pt_1_eq"	55.436744049555	0	0.686021089741854	1
"pt_1_ard"	57.2750254217591	1.83828137220411	0.273627497762236	2
"pt_2_eq"	62.0399188832487	6.60317483369372	0.025262496734586	4
"pt_2_ard"	63.1109326304251	7.67418858087003	0.014787970997919	2
"pt_3_eq"	70.9404137697511	15.5036697201961	0.000294956765862579	9
"pt_3_ard"	78.734557236104	23.2978131865489	5.98799754173212e-06	2
