"AICc"	"Delta_AICc"	"AICcWt"	"K_rates"
"pt_1_eq"	56.6123952500185	0	0.674508296865128	1
"pt_1_ard"	58.48313060243	1.87073535241149	0.264705079879199	2
"pt_2_eq"	61.7746226274102	5.16222737739174	0.0510533052386416	4
"pt_2_ard"	65.1286893553252	8.51629410530668	0.00954327696332612	2
"pt_3_eq"	72.9975016794754	16.3851064294569	0.000186640823621062	9
"pt_3_ard"	81.0081875579152	24.3957923078968	3.40023008492637e-06	2
