"AICc"	"Delta_AICc"	"AICcWt"	"K_rates"
"pt_1_eq"	58.4079975226316	0	0.701128137509388	1
"pt_1_ard"	60.3878184259681	1.97982090333645	0.260546203751468	2
"pt_2_eq"	65.0214474709453	6.61344994831367	0.0256865032510821	4
"pt_2_ard"	66.4892280196274	8.08123049699579	0.0123304944072624	2
"pt_3_eq"	73.8943037344595	15.4863062118279	0.000304080611557208	9
"pt_3_ard"	82.2852865110993	23.8772889884677	4.58046924231141e-06	2
