"AICc"	"Delta_AICc"	"AICcWt"	"K_rates"
"pt_1_eq"	58.1733455805531	0	0.647650151529544	1
"pt_1_ard"	60.146229810133	1.97288422957989	0.241509436328807	2
"pt_2_eq"	62.0447731116293	3.87142753107621	0.0934696603504436	4
"pt_2_ard"	65.4330240805267	7.2596784999736	0.0171759716661711	2
"pt_3_eq"	74.4372391668521	16.263893586299	0.000190406097547173	9
"pt_3_ard"	81.9841890474287	23.8108434668756	4.37402748732703e-06	2
