"AICc"	"Delta_AICc"	"AICcWt"	"K_rates"
"pt_1_eq"	56.4635105656001	0	0.665203784680482	1
"pt_1_ard"	58.4682938264855	2.00478326088538	0.244130228530125	2
"pt_2_eq"	60.7223189730792	4.25880840747904	0.079098129965784	4
"pt_2_ard"	64.6036243845695	8.14011381896933	0.0113592969975046	6
"pt_3_eq"	72.6415969922321	16.178086426632	0.000204139891710101	9
"pt_3_ard"	80.3069582909827	23.8434477253826	4.41993439461049e-06	12
