"AICc"	"Delta_AICc"	"AICcWt"	"K_rates"
"pt_1_eq"	56.0225481148128	0	0.647773878127619	1
"pt_1_ard"	58.0036025442916	1.98105442947889	0.240570808249338	2
"pt_2_eq"	59.6370002774889	3.61445216267614	0.106305348646813	4
"pt_2_ard"	65.7076998147059	9.68515169989318	0.00510880658536036	6
"pt_3_eq"	71.8546072425111	15.8320591276984	0.000236339043030354	9
"pt_3_ard"	79.6398648049074	23.6173166900946	4.81934783941309e-06	12
