"AICc"	"Delta_AICc"	"AICcWt"	"K_rates"
"pt_1_eq"	54.0367343086654	0	0.667972260725096	1
"pt_1_ard"	55.9812453647472	1.9445110560818	0.252646459649191	2
"pt_2_eq"	58.5578466358916	4.52111232722623	0.0696644735878292	4
"pt_2_ard"	62.5258509127627	8.48911660409728	0.00958010301220901	2
"pt_3_eq"	71.0834721200272	17.0467378113618	0.00013277195335412	9
"pt_3_ard"	78.1229136724008	24.0861793637354	3.93107232119256e-06	2
