"AICc"	"Delta_AICc"	"AICcWt"	"K_rates"
"pt_1_eq"	56.2996320373672	0	0.692203756873492	1
"pt_1_ard"	58.1343118939516	1.83467985658445	0.276591152012594	2
"pt_2_eq"	62.9130820100262	6.613449972659	0.0253595496795627	4
"pt_2_ard"	65.8883551000008	9.58872306263365	0.00572887300026286	2
"pt_3_eq"	73.7571332232466	17.4575011858794	0.000112043259770141	9
"pt_3_ard"	80.1318751912545	23.8322431538873	4.62517431814705e-06	2
