"AICc"	"Delta_AICc"	"AICcWt"	"K_rates"
"pt_1_eq"	56.0127695185554	0	0.663463972304839	1
"pt_1_ard"	57.7775705103658	1.76480099181047	0.274533709565611	2
"pt_2_eq"	61.0812972637536	5.06852774519822	0.0526260203155546	4
"pt_2_ard"	64.5545569772035	8.54178745864809	0.00926812249539658	2
"pt_3_eq"	73.5501819575097	17.5374124389543	0.000103185012247204	9
"pt_3_ard"	79.6082345800449	23.5954650614895	4.99030635202416e-06	2
