"AICc"	"Delta_AICc"	"AICcWt"	"K_rates"
"pt_1_eq"	55.5598327831949	0	0.697117091995488	1
"pt_1_ard"	57.4390463498712	1.87921356667633	0.272420439835618	2
"pt_2_eq"	62.1630073825284	6.6031745993335	0.0256711063072951	4
"pt_2_ard"	65.6300372636195	10.0702044804247	0.00453511821595844	6
"pt_3_eq"	71.4016216557914	15.8417888725965	0.000253107483274971	9
"pt_3_ard"	80.1832503708457	24.6234175876509	3.13616236613199e-06	12
