"AICc"	"Delta_AICc"	"AICcWt"	"K_rates"
"pt_1_eq"	55.1930255038556	0	0.655324036004851	1
"pt_1_ard"	57.2069716479711	2.01394614411552	0.239405017776525	2
"pt_2_eq"	59.1067359365072	3.91371043265165	0.0925986542341359	4
"pt_2_ard"	63.1288112725639	7.9357857687083	0.0123943031097543	2
"pt_3_eq"	70.7522748872689	15.5592493834133	0.000274036254146655	9
"pt_3_ard"	79.2300381138392	24.0370126099836	3.95262058728856e-06	2
