"AICc"	"Delta_AICc"	"AICcWt"	"K_rates"
"pt_1_eq"	56.7453253234374	0	0.689500737484782	1
"pt_1_ard"	58.5517474804891	1.80642215705173	0.279431362028882	2
"pt_2_eq"	63.3587752698583	6.61344994642089	0.0252605222986797	4
"pt_2_ard"	66.3933492936946	9.64802397025718	0.00553978550055245	2
"pt_3_eq"	72.4648262073485	15.7195008839111	0.000266126724665729	9
"pt_3_ard"	82.8677474527443	26.1224221293069	1.46596243817564e-06	2
