"AICc"	"Delta_AICc"	"AICcWt"	"K_rates"
"pt_1_eq"	58.3628235606148	0	0.703319772163726	1
"pt_1_ard"	60.3674670769087	2.00464351629388	0.258136857107411	2
"pt_2_eq"	64.9762735255344	6.61344996491961	0.0257667956793302	4
"pt_2_ard"	66.402400321101	8.03957676048621	0.0126293475476027	2
"pt_3_eq"	75.3493881714045	16.9865646107897	0.000144067887566957	9
"pt_3_ard"	82.9890574646761	24.6262339040613	3.1596143634974e-06	2
