"AICc"	"Delta_AICc"	"AICcWt"	"K_rates"
"pt_1_eq"	57.9367957727295	0	0.64724398646526	1
"pt_1_ard"	59.8666552480988	1.92985947536928	0.246606411504325	2
"pt_2_eq"	61.8787727144059	3.94197694167645	0.090173433679363	4
"pt_2_ard"	65.3805100145727	7.44371424184325	0.0156561875079236	2
"pt_3_eq"	73.2068175752235	15.270021802494	0.000312769877794768	9
"pt_3_ard"	80.7465473250477	22.8097515523183	7.21096533375826e-06	2
