"AICc"	"Delta_AICc"	"AICcWt"	"K_rates"
"pt_1_eq"	58.7355698778177	0	0.689687261816433	1
"pt_1_ard"	60.61891041187	1.88334053405229	0.268961429368738	2
"pt_2_eq"	65.3490198488112	6.61344997099344	0.0252673554864242	4
"pt_2_ard"	66.2934994361193	7.55792955830153	0.0157568229076048	2
"pt_3_eq"	74.0692339269416	15.3336640491239	0.000322841504781747	9
"pt_3_ard"	82.7114888889107	23.9759190110929	4.28891601792155e-06	2
