"AICc"	"Delta_AICc"	"AICcWt"	"K_rates"
"pt_1_eq"	58.5760261813077	0	0.648507939617946	1
"pt_1_ard"	60.4703397193465	1.89431353803878	0.251518734473099	2
"pt_2_eq"	62.6155915854383	4.03956540413058	0.0860468181026829	4
"pt_2_ard"	66.2992839224325	7.72325774112483	0.0136405282022295	2
"pt_3_eq"	74.0632731324224	15.4872469511147	0.000281126866641585	9
"pt_3_ard"	82.1817993160353	23.6057731347276	4.85273740121382e-06	2
