"AICc"	"Delta_AICc"	"AICcWt"	"K_rates"
"pt_1_eq"	55.9445713311375	0	0.668712774496726	1
"pt_1_ard"	57.823635887934	1.87906455679651	0.261340029374012	2
"pt_2_eq"	60.788901630578	4.84433029944057	0.0593344144566018	4
"pt_2_ard"	64.2720059270422	8.32743459590476	0.0103982480414571	6
"pt_3_eq"	72.0728921694128	16.1283208382753	0.000210387168376783	9
"pt_3_ard"	79.9262798741336	23.9817085429962	4.1464628265116e-06	12
