"AICc"	"Delta_AICc"	"AICcWt"	"K_rates"
"pt_1_eq"	55.6435237784374	0	0.697460712971209	1
"pt_1_ard"	57.5357530562639	1.89222927782644	0.270786732930841	2
"pt_2_eq"	62.2466984318133	6.60317465337582	0.0256837593420517	4
"pt_2_ard"	65.219861412011	9.57633763357352	0.00580823866904377	2
"pt_3_eq"	71.4665486151373	15.8230248366999	0.000255619253730894	9
"pt_3_ard"	79.3604785948341	23.7169548163966	4.93683312297322e-06	2
