"AICc"	"Delta_AICc"	"AICcWt"	"K_rates"
"pt_1_eq"	55.2946154508999	0	0.685571618195827	1
"pt_1_ard"	57.128295060896	1.83367960999609	0.274078117028149	2
"pt_2_eq"	61.8977900412435	6.60317459034362	0.0252459481673295	4
"pt_2_ard"	62.9690529903229	7.67443753942295	0.0147764426481249	6
"pt_3_eq"	70.5971542870132	15.3025388361133	0.000325948316456645	9
"pt_3_ard"	80.8601109155401	25.5654954646402	1.92564411325044e-06	12
