"AICc"	"Delta_AICc"	"AICcWt"	"K_rates"
"pt_1_eq"	55.9162373367612	0	0.687138508094012	1
"pt_1_ard"	57.7376841164086	1.82144677964745	0.276389884810257	2
"pt_2_eq"	62.5296872916177	6.61344995485651	0.0251739796480825	4
"pt_2_ard"	64.171165794494	8.25492845773289	0.0110792241464174	2
"pt_3_eq"	72.0489539621991	16.1327166254379	0.000215709555228853	9
"pt_3_ard"	80.814954082768	24.8987167460069	2.6937460023598e-06	2
