"AICc"	"Delta_AICc"	"AICcWt"	"K_rates"
"pt_1_eq"	56.6248699955104	0	0.685172727670412	1
"pt_1_ard"	58.4758256545853	1.85095565907496	0.271562722317947	2
"pt_2_eq"	63.228044598358	6.6031746028476	0.025231258997872	4
"pt_2_ard"	63.944361388136	7.31949139262564	0.0176357001879121	2
"pt_3_eq"	71.5730177171229	14.9481477216126	0.000388911721884452	9
"pt_3_ard"	79.1778858919716	22.5530158964612	8.67910397285966e-06	2
