"AICc"	"Delta_AICc"	"AICcWt"	"K_rates"
"pt_1_eq"	56.4640570392161	0	0.645104694447949	1
"pt_1_ard"	58.3109192279413	1.84686218872524	0.256205927709588	2
"pt_2_eq"	60.3442088475483	3.88015180833226	0.0926970562525096	4
"pt_2_ard"	65.9385899902626	9.4745329510465	0.00565277256957966	6
"pt_3_eq"	71.5996880971674	15.1356310579513	0.000333403134070471	9
"pt_3_ard"	79.5868269100056	23.1227698707895	6.1458863029799e-06	12
