"AICc"	"Delta_AICc"	"AICcWt"	"K_rates"
"pt_1_eq"	57.9505992623634	0	0.665014878541831	1
"pt_1_ard"	59.7783540148998	1.82775475253644	0.266648693641612	2
"pt_2_eq"	62.8987637157354	4.94816445337199	0.0560210317653984	4
"pt_2_ard"	65.9470156867729	7.99641642440957	0.0122020162191317	2
"pt_3_eq"	75.3735004656201	17.4229012032568	0.000109520756843449	9
"pt_3_ard"	82.0648735189158	24.1142742565524	3.85907518294007e-06	2
