"AICc"	"Delta_AICc"	"AICcWt"	"K_rates"
"pt_1_eq"	57.8392437521183	0	0.659650396238689	1
"pt_1_ard"	59.7775654171645	1.93832166504622	0.250272208493552	2
"pt_2_eq"	62.1147785924334	4.27553484031509	0.0777845302821631	4
"pt_2_ard"	65.8316738742719	7.99243012215357	0.012127734424364	2
"pt_3_eq"	74.4806643653073	16.641420613189	0.000160574011062338	9
"pt_3_ard"	81.6050427034049	23.7657989512866	4.55655016913913e-06	2
