"AICc"	"Delta_AICc"	"AICcWt"	"K_rates"
"pt_1_eq"	56.8193519721035	0	0.691762826194151	1
"pt_1_ard"	58.6940988895585	1.87474691745495	0.27093249703733	2
"pt_2_eq"	63.4326960864339	6.61334411433044	0.0253447372007513	4
"pt_2_ard"	64.9750100193965	8.15565804729304	0.0117213754503752	2
"pt_3_eq"	72.7881063131412	15.9687543410377	0.000235714486255453	9
"pt_3_ard"	81.618969729715	24.7996177576115	2.84963113712099e-06	2
