"AICc"	"Delta_AICc"	"AICcWt"	"K_rates"
"pt_1_eq"	55.3897292463082	0	0.687780137371945	1
"pt_1_ard"	57.2286287438974	1.83889949758929	0.274244342592775	2
"pt_2_eq"	61.9929038491635	6.60317460285539	0.0253272759973358	4
"pt_2_ard"	63.4230077039542	8.03327845764601	0.0123892602724656	2
"pt_3_eq"	71.1952077976101	15.805478551302	0.00025429251097284	9
"pt_3_ard"	79.1807781786631	23.791048932355	4.69125450559549e-06	2
