"AICc"	"Delta_AICc"	"AICcWt"	"K_rates"
"pt_1_eq"	58.8738264428415	0	0.639302012908226	1
"pt_1_ard"	60.6630889661666	1.7892625233251	0.2613200012401	2
"pt_2_eq"	62.8987512498017	4.02492480696026	0.0854485613194199	4
"pt_2_ard"	66.5665981863998	7.69277174355837	0.0136534345395646	2
"pt_3_eq"	74.4057739128601	15.5319474700187	0.000271010758770935	9
"pt_3_ard"	82.3995388586751	23.5257124158336	4.97923391784874e-06	2
