"AICc"	"Delta_AICc"	"AICcWt"	"K_rates"
"pt_1_eq"	54.7519471491614	0	0.672076640408851	1
"pt_1_ard"	56.6763145253056	1.92436737614422	0.25677204174401	2
"pt_2_eq"	59.3740237710561	4.62207662189469	0.0666419374823173	4
"pt_2_ard"	64.880515956212	10.1285688070505	0.00424646969914111	2
"pt_3_eq"	70.4820821679307	15.7301350187692	0.000258025947570975	9
"pt_3_ard"	78.4159793145171	23.6640321653557	4.88471810971784e-06	2
