"AICc"	"Delta_AICc"	"AICcWt"	"K_rates"
"pt_1_eq"	55.3254405069351	0	0.675273233569497	1
"pt_1_ard"	57.1942659571116	1.86882545017647	0.265258460776512	2
"pt_2_eq"	60.505453006288	5.1800124993529	0.0506587084494056	4
"pt_2_ard"	64.0437909128921	8.71835040595698	0.00863602317740774	2
"pt_3_eq"	71.8930483143543	16.5676078074192	0.000170556867478673	9
"pt_3_ard"	79.9625540800052	24.6371135730701	3.01715969919703e-06	2
