"AICc"	"Delta_AICc"	"AICcWt"	"K_rates"
"pt_1_eq"	56.4116310118387	0	0.665488486551505	1
"pt_1_ard"	58.2404556615354	1.82882464969671	0.266695887837919	2
"pt_2_eq"	61.3666990678013	4.95506805596258	0.0558677510422529	4
"pt_2_ard"	64.4913607685942	8.0797297567555	0.0117124977897893	2
"pt_3_eq"	72.3219417906979	15.9103107788591	0.000233485791882708	9
"pt_3_ard"	81.95398678333	25.5423557714912	1.89098665109461e-06	2
