"AICc"	"Delta_AICc"	"AICcWt"	"K_rates"
"pt_1_eq"	57.2995323406039	0	0.664005305758227	1
"pt_1_ard"	59.1648077969602	1.86527545635629	0.261295620476122	2
"pt_2_eq"	61.74385245237	4.44432011176612	0.0719614158326026	4
"pt_2_ard"	68.4417707695333	11.1422384289294	0.00252734899565452	2
"pt_3_eq"	73.4534853489045	16.1539530083006	0.000206245852284344	9
"pt_3_ard"	81.3077380503697	24.0082057097658	4.06308510911273e-06	2
