"AICc"	"Delta_AICc"	"AICcWt"	"K_rates"
"pt_1_eq"	56.9242577810746	0	0.669428031382301	1
"pt_1_ard"	58.8349921874778	1.91073440640324	0.257509460718499	2
"pt_2_eq"	61.711551101381	4.78729332030645	0.0611162020156756	4
"pt_2_ard"	65.0164854967557	8.09222771568117	0.0117084383160885	2
"pt_3_eq"	72.8468700905761	15.9226123095016	0.000233427792047255	9
"pt_3_ard"	80.7714080912784	23.8471503102038	4.43977538928252e-06	2
