"AICc"	"Delta_AICc"	"AICcWt"	"K_rates"
"pt_1_eq"	59.0287453783694	0	0.696809476558913	1
"pt_1_ard"	60.9634532676428	1.93470788927337	0.264848530863073	2
"pt_2_eq"	65.6421510487358	6.61340567036635	0.025528850132293	4
"pt_2_ard"	67.0617265134589	8.03298113508949	0.0125537755128728	2
"pt_3_eq"	74.8568129992031	15.8280676208337	0.000254737472218024	9
"pt_3_ard"	82.8723992539191	23.8436538755497	4.62946063025299e-06	2
