"AICc"	"Delta_AICc"	"AICcWt"	"K_rates"
"pt_1_eq"	56.5379799540169	0	0.668039619555077	1
"pt_1_ard"	58.3864376072702	1.84845765325334	0.265103059952272	2
"pt_2_eq"	61.2899288117997	4.75194885778279	0.0620768450331952	4
"pt_2_ard"	66.5157574147328	9.97777746071589	0.00455150866227683	2
"pt_3_eq"	72.5347551862932	15.9967752322763	0.000224463956758497	9
"pt_3_ard"	80.3527686722567	23.8147887182398	4.5028404211539e-06	2
