"AICc"	"Delta_AICc"	"AICcWt"	"K_rates"
"pt_1_eq"	55.5571131535842	0	0.674150904881278	1
"pt_1_ard"	57.3521349644299	1.79502181084567	0.274772387989309	2
"pt_2_eq"	61.0418241083965	5.48471095481228	0.043427744147234	4
"pt_2_ard"	64.5618115052361	9.00469835165192	0.00747156741048591	2
"pt_3_eq"	72.067354709172	16.5102415555878	0.000175228087340324	9
"pt_3_ard"	80.8523972505177	25.2952840969335	2.16748435325786e-06	2
