"AICc"	"Delta_AICc"	"AICcWt"	"K_rates"
"pt_1_eq"	58.2420257490903	0	0.688595821090745	1
"pt_1_ard"	60.1286365822438	1.88661083315345	0.268097056375704	2
"pt_2_eq"	64.855475629316	6.61344988022567	0.0252273706517011	4
"pt_2_ard"	65.5624464890265	7.32042073993621	0.0177155735128675	2
"pt_3_eq"	73.3677899860239	15.1257642369336	0.000357640267811906	9
"pt_3_ard"	81.3715517067029	23.1295259576126	6.53810117016279e-06	2
