"AICc"	"Delta_AICc"	"AICcWt"	"K_rates"
"pt_1_eq"	55.1671063397566	0	0.687776998277615	1
"pt_1_ard"	56.9766605420267	1.80955420227013	0.278296628503413	2
"pt_2_eq"	61.7805563123177	6.61344997256108	0.0251973711265529	4
"pt_2_ard"	63.9475444763796	8.78043813662303	0.00852706810465231	2
"pt_3_eq"	71.4539779147407	16.2868715749841	0.000199893384411977	9
"pt_3_ard"	80.6230551546193	25.4559488148627	2.04060335530628e-06	2
