"AICc"	"Delta_AICc"	"AICcWt"	"K_rates"
"pt_1_eq"	55.7992600159874	0	0.691479431278113	1
"pt_1_ard"	57.6482920921587	1.84903207617128	0.274326051385843	2
"pt_2_eq"	62.4127099812269	6.6134499652395	0.025333013409447	4
"pt_2_ard"	64.5536731131502	8.75441309716282	0.00868525584049936	2
"pt_3_eq"	72.3686610908168	16.5694010748294	0.000174493614378115	9
"pt_3_ard"	81.5681017900891	25.7688417741017	1.75447172027394e-06	2
