"AICc"	"Delta_AICc"	"AICcWt"	"K_rates"
"pt_1_eq"	58.4928699066264	0	0.684147881941496	1
"pt_1_ard"	60.3308478845052	1.83797797787881	0.272921745338959	2
"pt_2_eq"	65.1063198423456	6.61344993571923	0.0250644154245473	4
"pt_2_ard"	65.8292952092816	7.33642530265517	0.0174608537133259	2
"pt_3_eq"	73.3959075857802	14.9030376791538	0.000397188323745753	9
"pt_3_ard"	81.2271440969775	22.7342741903511	7.91525792553322e-06	2
