"AICc"	"Delta_AICc"	"AICcWt"	"K_rates"
"pt_1_eq"	52.9450203307723	0	0.680078167725355	1
"pt_1_ard"	54.8695814838097	1.92456115303735	0.259803913486695	2
"pt_2_eq"	58.1226605809129	5.17764025014061	0.0510797235489567	4
"pt_2_ard"	61.6268104734186	8.68179014264624	0.00885792618904519	2
"pt_3_eq"	69.4412228537952	16.4962025230229	0.00017801392215218	9
"pt_3_ard"	78.1785330894207	25.2335127586484	2.2551277962846e-06	2
