"AICc"	"Delta_AICc"	"AICcWt"	"K_rates"
"pt_1_eq"	56.1952497378375	0	0.702130526232796	1
"pt_1_ard"	58.2101532819039	2.01490354406634	0.256381751242765	2
"pt_2_eq"	62.7984242867661	6.60317454892853	0.0258557250162749	4
"pt_2_ard"	63.8464678040132	7.65121806617563	0.0153100624463904	2
"pt_3_eq"	71.6140164388592	15.4187667010217	0.000314974363568848	9
"pt_3_ard"	79.2384393667587	23.0431896289212	6.96069820460253e-06	2
