"AICc"	"Delta_AICc"	"AICcWt"	"K_rates"
"pt_1_eq"	53.3993396015126	0	0.667320536388335	1
"pt_1_ard"	55.2706778045523	1.87133820303977	0.261805377371265	2
"pt_2_eq"	58.1954816196716	4.79614201815902	0.0606548431148043	4
"pt_2_ard"	61.8031610226422	8.40382142112964	0.00998775441607351	2
"pt_3_eq"	69.36776892126	15.9684293197475	0.000227422862256487	9
"pt_3_ard"	77.4161468476563	24.0168072461438	4.06584726555493e-06	2
