"AICc"	"Delta_AICc"	"AICcWt"	"K_rates"
"pt_1_eq"	56.7807406715487	0	0.688962885086096	1
"pt_1_ard"	58.601975837917	1.82123516636831	0.277153032789556	2
"pt_2_eq"	63.3941906192111	6.61344994766245	0.0252408175433755	4
"pt_2_ard"	65.5780230068576	8.79728233530895	0.00847013319556413	2
"pt_3_eq"	73.3783175000908	16.5975768285421	0.000171426442256673	9
"pt_3_ard"	82.5995624972776	25.818821825729	1.70494315138056e-06	2
