"AICc"	"Delta_AICc"	"AICcWt"	"K_rates"
"pt_1_eq"	59.0451792877077	0	0.666251209138338	1
"pt_1_ard"	60.9715177776466	1.92633848993889	0.254295644621533	2
"pt_2_eq"	63.5593476204769	4.51416833276927	0.0697266518342406	4
"pt_2_ard"	67.5281525059449	8.48297321823722	0.00958481601485342	2
"pt_3_eq"	76.0146029465389	16.9694236588313	0.000137649450543327	9
"pt_3_ard"	83.0770165542354	24.0318372665277	4.02894049142151e-06	2
