"AICc"	"Delta_AICc"	"AICcWt"	"K_rates"
"pt_1_eq"	58.6576588760866	0	0.701318290612245	1
"pt_1_ard"	60.5686820154038	1.91102313931724	0.269737770463892	2
"pt_2_eq"	65.2608333722286	6.60317449614202	0.025825815389108	4
"pt_2_ard"	69.8233273420463	11.1656684659597	0.00263828109107235	2
"pt_3_eq"	73.2667802500191	14.6091213739325	0.000471611912561454	9
"pt_3_ard"	81.3633920117325	22.7057331356459	8.2305311211171e-06	2
