"AICc"	"Delta_AICc"	"AICcWt"	"K_rates"
"pt_1_eq"	56.7371994809012	0	0.701892001628612	1
"pt_1_ard"	58.7657750664561	2.02857558555495	0.254548593673918	2
"pt_2_eq"	63.1155452777127	6.37834579681154	0.0289221185445328	4
"pt_2_ard"	64.5196582642833	7.78245878338215	0.0143327934016796	6
"pt_3_eq"	72.2595107049786	15.5223112240775	0.000298980757550142	9
"pt_3_ard"	80.2464163512066	23.5092168703055	5.51199370791662e-06	12
