"AICc"	"Delta_AICc"	"AICcWt"	"K_rates"
"pt_1_eq"	57.3336311241246	0	0.690068243194836	1
"pt_1_ard"	59.2634334984665	1.92980237434183	0.262930386942678	2
"pt_2_eq"	63.9368033019478	6.60317217782316	0.0254115655491269	4
"pt_2_ard"	64.2880366072401	6.95440548311544	0.0213187667808281	2
"pt_3_eq"	73.0766811585645	15.7430500344399	0.000263228047610637	9
"pt_3_ard"	80.1120446530052	22.7784135288806	7.80948492071222e-06	2
