"AICc"	"Delta_AICc"	"AICcWt"	"K_rates"
"pt_1_eq"	57.0810204815019	0	0.680118320263558	1
"pt_1_ard"	58.9667393600953	1.88571887859339	0.264914556084501	2
"pt_2_eq"	62.3240954605845	5.24307497908256	0.0494384911503509	4
"pt_2_ard"	66.786275165134	9.70525468363204	0.00531025279574407	2
"pt_3_eq"	73.2111635440023	16.1301430625003	0.000213780658936732	9
"pt_3_ard"	80.8893664298255	23.8083459483235	4.59904690858597e-06	2
