"AICc"	"Delta_AICc"	"AICcWt"	"K_rates"
"pt_1_eq"	56.185347474505	0	0.668750040300771	1
"pt_1_ard"	58.0277456695444	1.84239819503937	0.266190245277696	2
"pt_2_eq"	61.2071735397419	5.02182606523687	0.0542985392907171	4
"pt_2_ard"	64.4647741014926	8.27942662698752	0.0106514607777467	2
"pt_3_eq"	73.6637128135453	17.4783653390403	0.000107123563572337	9
"pt_3_ard"	81.1077534413268	24.9224059668218	2.5907894961866e-06	2
