"AICc"	"Delta_AICc"	"AICcWt"	"K_rates"
"pt_1_eq"	56.6983625091936	0	0.636873370778672	1
"pt_1_ard"	58.6920265633346	1.99366405414094	0.235036029344965	2
"pt_2_eq"	60.2098400809903	3.51147757179669	0.110038693158383	4
"pt_2_ard"	63.8694828233681	7.17112031417452	0.0176548527465587	2
"pt_3_eq"	71.5008363671419	14.8024738579483	0.00038880937923122	9
"pt_3_ard"	79.2078997722056	22.509537263012	8.24459219003361e-06	2
