"AICc"	"Delta_AICc"	"AICcWt"	"K_rates"
"pt_1_eq"	57.8351199827294	0	0.637091842006006	1
"pt_1_ard"	59.7302751834246	1.89515520069521	0.246987128468136	2
"pt_2_eq"	61.5606049872935	3.72548500456406	0.0989061402232344	4
"pt_2_ard"	65.1037851805878	7.26866519785841	0.0168202114401445	2
"pt_3_eq"	74.0369912649676	16.2018712822381	0.000193201456779348	9
"pt_3_ard"	83.7852370832596	25.9501171005302	1.47640569994262e-06	2
