"AICc"	"Delta_AICc"	"AICcWt"	"K_rates"
"pt_1_eq"	58.9663080824707	0	0.648415295773796	1
"pt_1_ard"	60.9009908499552	1.93468276748452	0.246457606233999	2
"pt_2_eq"	62.8734725795666	3.90716449709584	0.0919228033749981	4
"pt_2_ard"	66.7806086339187	7.81430055144794	0.0130316511717426	2
"pt_3_eq"	75.4730131694512	16.5067050869805	0.000168837061228332	9
"pt_3_ard"	83.0575219610813	24.0912138786106	3.80638423666825e-06	2
