"AICc"	"Delta_AICc"	"AICcWt"	"K_rates"
"pt_1_eq"	57.1655539004667	0	0.642889833147946	1
"pt_1_ard"	59.1056134190651	1.94005951859845	0.243701378625348	2
"pt_2_eq"	60.9350015973497	3.76944769688308	0.0976363173822888	4
"pt_2_ard"	64.6212421422982	7.45568824183155	0.015458039995667	2
"pt_3_eq"	72.4491248015365	15.2835709010698	0.000308568297759265	9
"pt_3_ard"	80.3758415493235	23.2102876488568	5.86255099081047e-06	2
