"AICc"	"Delta_AICc"	"AICcWt"	"K_rates"
"pt_1_eq"	57.8043964101326	0	0.696910387721873	1
"pt_1_ard"	59.7378472298517	1.93345081971908	0.265053428882131	2
"pt_2_eq"	64.4178463773022	6.6134499671696	0.0255319816927461	4
"pt_2_ard"	65.8852790674363	8.08088265730369	0.012258450124859	2
"pt_3_eq"	73.7425072059891	15.9381107958565	0.000241134945110237	9
"pt_3_ard"	81.6538892117031	23.8494928015705	4.61663327987709e-06	2
