"AICc"	"Delta_AICc"	"AICcWt"	"K_rates"
"pt_1_eq"	56.7341059923585	0	0.629256713114736	1
"pt_1_ard"	58.6289545515651	1.89484855920664	0.243987018935364	2
"pt_2_eq"	60.2678687283643	3.5337627360058	0.107517963334482	4
"pt_2_ard"	63.7318080206721	6.99770202831365	0.0190237517059172	2
"pt_3_eq"	72.7682014076393	16.0340954152809	0.000207523974703963	9
"pt_3_ard"	79.5386248114636	22.8045188191052	7.02893479671525e-06	2
