"AICc"	"Delta_AICc"	"AICcWt"	"K_rates"
"pt_1_eq"	53.9676815430485	0	0.692259022113443	1
"pt_1_ard"	55.9634792941866	1.99579775113807	0.255203513606099	2
"pt_2_eq"	59.4207445499495	5.45306300690095	0.0453055114904191	4
"pt_2_ard"	63.1179091670469	9.1502276239984	0.00713381663043423	2
"pt_3_eq"	71.7325213710851	17.7648398280365	9.6090990468976e-05	9
"pt_3_ard"	79.4321515049666	25.4644699619181	2.04516913569686e-06	2
