"AICc"	"Delta_AICc"	"AICcWt"	"K_rates"
"pt_1_eq"	56.7947299380662	0	0.699373439814608	1
"pt_1_ard"	58.6971376240231	1.90240768595699	0.270150984689643	2
"pt_2_eq"	63.397904540479	6.60317460241282	0.0257541955296845	4
"pt_2_ard"	66.888316763948	10.0935868258819	0.00449691423181286	6
"pt_3_eq"	72.9289344859711	16.1342045479049	0.000219387122787977	9
"pt_3_ard"	80.4605344119155	23.6658044738494	5.07861146361127e-06	12
