"AICc"	"Delta_AICc"	"AICcWt"	"K_rates"
"pt_1_eq"	58.1839870380557	0	0.680172813570193	1
"pt_1_ard"	60.1232766644636	1.93928962640792	0.257933574935376	2
"pt_2_eq"	63.1334281550971	4.94944111704146	0.0572613768501558	4
"pt_2_ard"	68.2482274342123	10.0642403961566	0.00443810154658346	2
"pt_3_eq"	74.5451599133201	16.3611728752645	0.000190474008099586	9
"pt_3_ard"	82.4497626607411	24.2657756226854	3.65908959203479e-06	2
