"AICc"	"Delta_AICc"	"AICcWt"	"K_rates"
"pt_1_eq"	58.9451000448109	0	0.642184860226158	1
"pt_1_ard"	60.904953394928	1.95985335011714	0.241036778916951	2
"pt_2_eq"	62.705275775241	3.76017573043016	0.0979824461104395	4
"pt_2_ard"	66.0125530080156	7.06745296320475	0.01874917450256	2
"pt_3_eq"	78.2139172376161	19.2688171928052	4.20232438037227e-05	9
"pt_3_ard"	82.5880169697263	23.6429169249154	4.7170000884049e-06	2
