"AICc"	"Delta_AICc"	"AICcWt"	"K_rates"
"pt_1_eq"	57.4639726354209	0	0.648302218757931	1
"pt_1_ard"	59.361114865585	1.89714223016417	0.251083576928326	2
"pt_2_eq"	61.5324695346097	4.06849689918889	0.0847841423740705	4
"pt_2_ard"	64.9288832621719	7.464910626751	0.0155164641160494	2
"pt_3_eq"	72.7744046422282	15.3104320068074	0.000307014890656564	9
"pt_3_ard"	80.4592363712921	22.9952637358712	6.58293296670945e-06	2
