"AICc"	"Delta_AICc"	"AICcWt"	"K_rates"
"pt_1_eq"	57.6053849679986	0	0.665467870618662	1
"pt_1_ard"	59.4941924755646	1.88880750756607	0.258808033716766	2
"pt_2_eq"	62.3384855891884	4.73310062118978	0.0624233901642506	4
"pt_2_ard"	65.4709933292242	7.86560836122565	0.0130356273911073	2
"pt_3_eq"	73.2753639930006	15.669979025002	0.000263290010084383	9
"pt_3_ard"	83.2595700083235	25.654185040325	1.78809912978712e-06	2
