"AICc"	"Delta_AICc"	"AICcWt"	"K_rates"
"pt_1_eq"	55.3842516510135	0	0.685823337342903	1
"pt_1_ard"	57.2889349529942	1.90468330198076	0.264615655826431	2
"pt_2_eq"	60.9979579118557	5.61370626084226	0.0414201276745575	4
"pt_2_ard"	64.2906711194027	8.90641946838922	0.00798376683561452	2
"pt_3_eq"	72.1833215638605	16.799069912847	0.000154290994082087	9
"pt_3_ard"	80.1865880807781	24.8023364297647	2.8213264111249e-06	2
