"AICc"	"Delta_AICc"	"AICcWt"	"K_rates"
"pt_1_eq"	58.8393560847875	0	0.627492261017332	1
"pt_1_ard"	60.823649764402	1.98429367961443	0.232661474532545	2
"pt_2_eq"	62.1100417550457	3.27068567025815	0.122289172045625	4
"pt_2_ard"	66.0359232932721	7.19656720848455	0.0171748779813173	2
"pt_3_eq"	73.6893892403345	14.850033155547	0.00037408013497359	9
"pt_3_ard"	81.3461528399719	22.5067967551844	8.13428820732367e-06	2
