"AICc"	"Delta_AICc"	"AICcWt"	"K_rates"
"pt_1_eq"	55.6061088794281	0	0.698390470009464	1
"pt_1_ard"	57.5309667123931	1.92485783296507	0.26676001726573	2
"pt_2_eq"	62.2092834798487	6.60317460042066	0.0257179980174482	4
"pt_2_ard"	64.320191809994	8.7140829305659	0.00895074611563496	2
"pt_3_eq"	72.1630284112831	16.556919531855	0.000177340900547797	9
"pt_3_ard"	80.0554023397614	24.4492934603333	3.42769117528053e-06	2
