"AICc"	"Delta_AICc"	"AICcWt"	"K_rates"
"pt_1_eq"	55.2699270193252	0	0.655341828688228	1
"pt_1_ard"	57.2992697171787	2.02934269785348	0.237575537713888	2
"pt_2_eq"	59.1444907233016	3.87456370397636	0.0944315396089156	4
"pt_2_ard"	63.2137838819572	7.94385686263201	0.0123447212685045	2
"pt_3_eq"	70.6184314723946	15.3485044530694	0.000304496632450444	9
"pt_3_ard"	80.7973739981393	25.5274469788141	1.87608801339706e-06	2
