"AICc"	"Delta_AICc"	"AICcWt"	"K_rates"
"pt_1_eq"	55.9712746425181	0	0.695483244382391	1
"pt_1_ard"	57.8599774963415	1.88870285382342	0.270495508223772	2
"pt_2_eq"	62.5847247151553	6.61345007263727	0.0254796955815664	4
"pt_2_ard"	64.7948707351554	8.8235960926373	0.00843853633279874	2
"pt_3_eq"	73.6816875897693	17.7104129472513	9.92017569138869e-05	9
"pt_3_ard"	80.1987875165258	24.2275128740078	3.81372255838447e-06	2
