"AICc"	"Delta_AICc"	"AICcWt"	"K_rates"
"pt_1_eq"	56.6155621942408	0	0.672581165807738	1
"pt_1_ard"	58.4404540903209	1.82489189608012	0.270068829019074	2
"pt_2_eq"	61.6403423088931	5.0247801146523	0.0545290037776283	4
"pt_2_ard"	67.7174159098957	11.1018537156549	0.00261220825679954	2
"pt_3_eq"	72.8142077709802	16.1986455767394	0.000204293010124403	9
"pt_3_ard"	80.4451063818777	23.8295441876368	4.50012863538067e-06	2
