"AICc"	"Delta_AICc"	"AICcWt"	"K_rates"
"pt_1_eq"	54.6015060089939	0	0.681226309583518	1
"pt_1_ard"	56.5043989931817	1.90289298418777	0.263077345515799	2
"pt_2_eq"	59.8247598890489	5.22325388005494	0.0500122327458517	4
"pt_2_ard"	64.2204259178967	9.61891990890272	0.00555353474487681	2
"pt_3_eq"	71.7947755537993	17.1932695448054	0.000125840480493141	9
"pt_3_ard"	78.3540274421051	23.7525214331111	4.73692946154782e-06	2
