"AICc"	"Delta_AICc"	"AICcWt"	"K_rates"
"pt_1_eq"	55.5805277224597	0	0.689776927260529	1
"pt_1_ard"	57.4181032234767	1.83757550101692	0.275222676018263	2
"pt_2_eq"	62.1939776547355	6.61344993227573	0.0252706409553296	4
"pt_2_ard"	64.1431773245346	8.56264960207486	0.00953570763200788	2
"pt_3_eq"	71.9772544665543	16.3967267440946	0.000189760008087717	9
"pt_3_ard"	79.5570752691462	23.9765475466865	4.28812578331681e-06	2
