"AICc"	"Delta_AICc"	"AICcWt"	"K_rates"
"pt_1_eq"	58.5669338182684	0	0.653651484575775	1
"pt_1_ard"	60.5774163974888	2.01048257922047	0.239207893617243	2
"pt_2_eq"	62.4918962044372	3.92496238616882	0.0918441499354635	4
"pt_2_ard"	66.1187156472284	7.55178182896007	0.0149795119392559	2
"pt_3_eq"	73.8636573839281	15.2967235656598	0.000311677128478078	9
"pt_3_ard"	82.0186790454515	23.4517452271832	5.28280378469089e-06	2
