"AICc"	"Delta_AICc"	"AICcWt"	"K_rates"
"pt_1_eq"	57.3385147858538	0	0.692920383937064	1
"pt_1_ard"	59.2127085178712	1.8741937320174	0.271460934263167	2
"pt_2_eq"	63.9416893870232	6.60317460116943	0.025516563897886	4
"pt_2_ard"	65.8419240930642	8.50340930721039	0.0098671440298087	2
"pt_3_eq"	73.357313247565	16.0187984617112	0.00023027428793289	9
"pt_3_ard"	81.1409075083987	23.8023927225449	4.69958414120174e-06	2
