"AICc"	"Delta_AICc"	"AICcWt"	"K_rates"
"pt_1_eq"	55.8004272103578	0	0.648987744235767	1
"pt_1_ard"	57.6805945924357	1.88016738207791	0.253491461853443	2
"pt_2_eq"	59.6875289667547	3.88710175639688	0.0929315271018504	4
"pt_2_ard"	65.8130766542579	10.0126494439	0.00434527527222125	2
"pt_3_eq"	71.6311934030789	15.830766192721	0.000236935041027178	9
"pt_3_ard"	78.6588682985009	22.8584410881431	7.05649569193851e-06	2
