"AICc"	"Delta_AICc"	"AICcWt"	"K_rates"
"pt_1_eq"	56.1442665135603	0	0.692364894513518	1
"pt_1_ard"	58.051395591539	1.90712907797871	0.266813144978485	2
"pt_2_eq"	62.7474411140527	6.60317460049244	0.0254961081922681	4
"pt_2_ard"	63.8066563213602	7.66238980779995	0.0150130258902681	2
"pt_3_eq"	71.5818334373129	15.4375669237526	0.000307687586287696	9
"pt_3_ard"	79.7663488888828	23.6220823753225	5.13883917320899e-06	2
