"AICc"	"Delta_AICc"	"AICcWt"	"K_rates"
"pt_1_eq"	58.2674149813169	0	0.70176739707562	1
"pt_1_ard"	60.2410002987446	1.97358531742773	0.261598097553747	2
"pt_2_eq"	64.8808649429561	6.61344996163921	0.0257099229684561	4
"pt_2_ard"	66.6194476677519	8.35203268643505	0.0107788476496708	2
"pt_3_eq"	75.2955188479336	17.0281038666167	0.000140795059115105	9
"pt_3_ard"	81.9955230257928	23.7281080444759	4.93969339096125e-06	2
