"AICc"	"Delta_AICc"	"AICcWt"	"K_rates"
"pt_1_eq"	54.2000038979977	0	0.659039827089751	1
"pt_1_ard"	56.0737080016822	1.87370410368445	0.258250983541553	2
"pt_2_eq"	58.6941559314025	4.49415203340475	0.0696656905265916	4
"pt_2_ard"	62.0850838993947	7.88508000139701	0.0127846338285147	2
"pt_3_eq"	69.8962143984468	15.6962105004491	0.000257349220482811	9
"pt_3_ard"	80.1652047829053	25.9652008849076	1.5157931068446e-06	2
