"AICc"	"Delta_AICc"	"AICcWt"	"K_rates"
"pt_1_eq"	56.4379827193794	0	0.597733124056942	1
"pt_1_ard"	58.3759138810369	1.93793116165756	0.22682499945834	2
"pt_2_eq"	59.1573742273386	2.71939150795926	0.153461330928644	4
"pt_2_ard"	63.084656376065	6.64667365668562	0.0215377572303514	6
"pt_3_eq"	70.8931614425866	14.4551787232072	0.000434115353767513	9
"pt_3_ard"	78.7193589881263	22.2813762687469	8.67297195505713e-06	12
