"AICc"	"Delta_AICc"	"AICcWt"	"K_rates"
"pt_1_eq"	55.6560914240013	0	0.667906719277883	1
"pt_1_ard"	57.5507262044312	1.89463478042985	0.259000795149812	2
"pt_2_eq"	60.4421190823614	4.78602765836005	0.061015912621751	4
"pt_2_ard"	63.7223483915762	8.06625696757492	0.0118345123516275	2
"pt_3_eq"	71.5467434545348	15.8906520305334	0.000236648942022903	9
"pt_3_ard"	79.1027884005218	23.4466969765204	5.41165690306262e-06	2
