"AICc"	"Delta_AICc"	"AICcWt"	"K_rates"
"pt_1_eq"	55.8500050193493	0	0.666787587660873	1
"pt_1_ard"	57.6013209925613	1.75131597321209	0.277775587728502	2
"pt_2_eq"	61.1457490717256	5.2957440523763	0.0472097061267519	4
"pt_2_ard"	64.6646803172377	8.81467529788848	0.00812652893374216	2
"pt_3_eq"	73.5023644084253	17.6523593890761	9.79098463789165e-05	9
"pt_3_ard"	80.6990461530912	24.8490411337419	2.67970375177116e-06	2
