"AICc"	"Delta_AICc"	"AICcWt"	"K_rates"
"pt_1_eq"	55.0914245789377	0	0.656656423465242	1
"pt_1_ard"	57.0157711276169	1.92434654867925	0.250883242057061	2
"pt_2_eq"	59.2894005731565	4.19797599421887	0.0804932183719364	4
"pt_2_ard"	63.1484915317082	8.0570669527705	0.0116887572120264	2
"pt_3_eq"	70.6348009049799	15.5433763260422	0.000276781406965332	9
"pt_3_ard"	80.9695911494411	25.8781665705035	1.5774867687041e-06	2
