"AICc"	"Delta_AICc"	"AICcWt"	"K_rates"
"pt_1_eq"	58.5684612499478	0	0.677377405627649	1
"pt_1_ard"	60.4642748345486	1.89581358460079	0.262518562279348	2
"pt_2_eq"	63.5858292723132	5.0173680223654	0.0551217609682122	4
"pt_2_ard"	68.4385231121352	9.87006186218743	0.00487050512841779	2
"pt_3_eq"	76.0065456059278	17.4380843559801	0.00011071304638232	9
"pt_3_ard"	85.3172374976525	26.7487762477047	1.05294999132712e-06	2
