"AICc"	"Delta_AICc"	"AICcWt"	"K_rates"
"pt_1_eq"	53.7642706025153	0	0.672228943630949	1
"pt_1_ard"	55.6560952282872	1.89182462577185	0.261043395436589	2
"pt_2_eq"	58.7518430948292	4.98757249231392	0.0555238537809976	4
"pt_2_ard"	61.9930339879967	8.22876338548139	0.0109815575532606	2
"pt_3_eq"	69.8187027857695	16.0544321832542	0.000219453016064567	9
"pt_3_ard"	78.5441830912357	24.7799124887203	2.79658213936383e-06	2
