"AICc"	"Delta_AICc"	"AICcWt"	"K_rates"
"pt_1_eq"	56.2602924712686	0	0.642312270806821	1
"pt_1_ard"	58.2068449070752	1.94655243580664	0.242693267091626	2
"pt_2_eq"	59.9709140779011	3.71062160663248	0.100460416600654	4
"pt_2_ard"	63.8817096980481	7.62141722677949	0.014215969923498	2
"pt_3_eq"	71.5256822711175	15.2653897998489	0.000311106397437286	9
"pt_3_ard"	79.1229570749228	22.8626646036542	6.96917996461457e-06	2
