"AICc"	"Delta_AICc"	"AICcWt"	"K_rates"
"pt_1_eq"	57.9683606159922	0	0.67798798471801	1
"pt_1_ard"	59.9813475645739	2.01298694858173	0.247803499615549	2
"pt_2_eq"	62.6934839215463	4.72512330555413	0.0638520005075734	4
"pt_2_ard"	66.3736851362168	8.40532452022459	0.010139790183802	2
"pt_3_eq"	74.0950138760661	16.1266532600739	0.00021348321580325	9
"pt_3_ard"	82.4698979772554	24.5015373612633	3.24175926179726e-06	2
