"AICc"	"Delta_AICc"	"AICcWt"	"K_rates"
"pt_1_eq"	54.6015059557824	0	0.68193341009015	1
"pt_1_ard"	56.5043989976668	1.90289304188443	0.263350407413518	2
"pt_2_eq"	59.8247607974059	5.22325484162351	0.0500641204628483	4
"pt_2_ard"	64.6229172636807	10.0214113078983	0.00454590287362425	6
"pt_3_eq"	72.2283927960692	17.6268868402868	0.00010141731873246	9
"pt_3_ard"	78.3540295738629	23.7525236180806	4.74184112769443e-06	12
