"AICc"	"Delta_AICc"	"AICcWt"	"K_rates"
"pt_1_eq"	56.3625616135019	0	0.653215095992009	1
"pt_1_ard"	58.2810315627955	1.9184699492936	0.250302828048408	2
"pt_2_eq"	60.490760585246	4.12819897174409	0.0829142536952164	4
"pt_2_ard"	64.1368970244561	7.77433541095412	0.0133930881767745	2
"pt_3_eq"	72.8547622563863	16.4922006428844	0.000171324844389691	9
"pt_3_ard"	80.6889044512138	24.3263428377118	3.40924320205224e-06	2
