"AICc"	"Delta_AICc"	"AICcWt"	"K_rates"
"pt_1_eq"	56.3924361747296	0	0.682627245441582	1
"pt_1_ard"	58.3474922765677	1.9550561018381	0.25683167236611	2
"pt_2_eq"	61.5065021273868	5.11406595265719	0.052927125327511	4
"pt_2_ard"	65.4314504237553	9.03901424902575	0.00743680874999918	2
"pt_3_eq"	72.9309818234913	16.5385456487617	0.000174937961348293	9
"pt_3_ard"	81.6737207375443	25.2812845628148	2.21015344990089e-06	2
