"AICc"	"Delta_AICc"	"AICcWt"	"K_rates"
"pt_1_eq"	58.2332571451474	0	0.664679962585421	1
"pt_1_ard"	60.1022810245231	1.8690238793757	0.261071345886708	2
"pt_2_eq"	62.91594271064	4.68268556549263	0.0639411342522952	4
"pt_2_ard"	66.6134865245613	8.38022937941384	0.0100662774981019	2
"pt_3_eq"	74.109435112346	15.8761779671986	0.000237216199843162	9
"pt_3_ard"	82.2432514834161	24.0099943382687	4.06357763057725e-06	2
