"AICc"	"Delta_AICc"	"AICcWt"	"K_rates"
"pt_1_eq"	55.7739402755559	0	0.633599992314552	1
"pt_1_ard"	57.6916590459267	1.9177187703708	0.242877801697662	2
"pt_2_eq"	59.1184544974234	3.34451422186753	0.119004429777136	4
"pt_2_ard"	65.8424183307337	10.0684780551778	0.0041254652478389	2
"pt_3_eq"	70.5726708383483	14.7987305627924	0.000387535642789777	9
"pt_3_ard"	79.3653645068008	23.5914242312449	4.77532002070609e-06	2
