"AICc"	"Delta_AICc"	"AICcWt"	"K_rates"
"pt_1_eq"	54.0109142189146	0	0.690063179415446	1
"pt_1_ard"	55.8310891985483	1.82017497963368	0.277742845094723	2
"pt_2_eq"	60.6243641395099	6.61344992059529	0.0252811282259057	4
"pt_2_ard"	63.2571456431336	9.24623142421898	0.00677790085536343	2
"pt_3_eq"	71.1254543833536	17.114540164439	0.000132590887614233	9
"pt_3_ard"	79.1864672675695	25.1755530486549	2.35552094818238e-06	2
