"AICc"	"Delta_AICc"	"AICcWt"	"K_rates"
"pt_1_eq"	57.3336067618002	0	0.649653939863782	1
"pt_1_ard"	59.3691811072946	2.0355743454944	0.234780878714447	2
"pt_2_eq"	61.0473566433001	3.71374988149988	0.101449879668506	4
"pt_2_ard"	65.028149926836	7.69454316503578	0.0138622350306931	2
"pt_3_eq"	73.0927865996821	15.7591798378819	0.000245821381551409	9
"pt_3_ard"	80.1412796728541	22.8076729110539	7.24534101994106e-06	2
