"AICc"	"Delta_AICc"	"AICcWt"	"K_rates"
"pt_1_eq"	55.5895734532254	0	0.692111325208482	1
"pt_1_ard"	57.4584298628432	1.86885640961773	0.271868532335344	2
"pt_2_eq"	62.20302342089	6.61344996766453	0.02535616342003	4
"pt_2_ard"	63.9753006199588	8.38572716673335	0.0104529395331263	2
"pt_3_eq"	71.8159548063344	16.226381353109	0.00020732993633181	9
"pt_3_ard"	79.8627474988515	24.273174045626	3.70956668546166e-06	2
