"AICc"	"Delta_AICc"	"AICcWt"	"K_rates"
"pt_1_eq"	59.1277714629863	0	0.625881782807191	1
"pt_1_ard"	60.9433883410726	1.81561687808627	0.252485310015738	2
"pt_2_eq"	62.7321806396982	3.6044091767119	0.103229732745845	4
"pt_2_ard"	66.2033293194238	7.07555785643753	0.0181992899519373	2
"pt_3_eq"	75.2489804061993	16.121208943213	0.000197613344373137	9
"pt_3_ard"	82.1496903457842	23.0219188827979	6.27113491532493e-06	2
