"AICc"	"Delta_AICc"	"AICcWt"	"K_rates"
"pt_1_eq"	54.920735967114	0	0.663086779225285	1
"pt_1_ard"	56.8381582284468	1.91742226133278	0.254218654115518	2
"pt_2_eq"	59.362487720419	4.44175175330499	0.0719542135413265	4
"pt_2_ard"	63.2127193333123	8.29198336619831	0.0104951598817839	6
"pt_3_eq"	70.7648513171134	15.8441153499994	0.000240471955675596	9
"pt_3_ard"	78.6258981934591	23.7051622263451	4.7212804101964e-06	12
