"AICc"	"Delta_AICc"	"AICcWt"	"K_rates"
"pt_1_eq"	57.7461935609178	0	0.608510387364571	1
"pt_1_ard"	59.6433603513254	1.89716679040759	0.235669544243199	2
"pt_2_eq"	60.7445536336655	2.99836007274769	0.135888398059122	4
"pt_2_ard"	64.6316301642351	6.88543660331727	0.0194587274414518	2
"pt_3_eq"	72.0974487220034	14.3512551610856	0.000465513771763842	9
"pt_3_ard"	80.372917287313	22.6267237263952	7.42911989269341e-06	2
