"AICc"	"Delta_AICc"	"AICcWt"	"K_rates"
"pt_1_eq"	55.7888888241308	0	0.668547643355412	1
"pt_1_ard"	57.5805541012903	1.7916652771595	0.272946286878477	2
"pt_2_eq"	61.0705052129385	5.2816163888077	0.0476698664967836	4
"pt_2_ard"	64.0728137663875	8.28392494225675	0.0106243144663771	2
"pt_3_eq"	71.9422789405161	16.1533901163854	0.000207715194424115	9
"pt_3_ard"	79.7570526767449	23.9681638526141	4.17360852665166e-06	2
