"AICc"	"Delta_AICc"	"AICcWt"	"K_rates"
"pt_1_eq"	55.9089204275178	0	0.636118747629333	1
"pt_1_ard"	57.768748311011	1.85982788349321	0.251004612203163	2
"pt_2_eq"	59.6517961543513	3.74287572683349	0.0979000825363689	4
"pt_2_ard"	63.4528210958607	7.54390066834284	0.0146352780926051	2
"pt_3_eq"	71.0175156939512	15.1085952664333	0.00033323331883149	9
"pt_3_ard"	78.4647967406286	22.5558763131108	8.04621969838664e-06	2
