"AICc"	"Delta_AICc"	"AICcWt"	"K_rates"
"pt_1_eq"	55.5679309199452	0	0.653904445992012	1
"pt_1_ard"	57.4833579085517	1.9154269886065	0.250948500159768	2
"pt_2_eq"	59.7108152397492	4.142884319804	0.0823945318635888	4
"pt_2_ard"	63.488540051846	7.92060913190076	0.0124616592146236	2
"pt_3_eq"	71.0441668037933	15.4762358838481	0.000285031178005194	9
"pt_3_ard"	78.8227838776087	23.2548529576635	5.8315920027738e-06	2
