"AICc"	"Delta_AICc"	"AICcWt"	"K_rates"
"pt_1_eq"	58.5818758034384	0	0.647946130868452	1
"pt_1_ard"	60.4344095372735	1.85253373383511	0.256605707468891	2
"pt_2_eq"	62.697847015589	4.11597121215054	0.082749829633514	4
"pt_2_ard"	66.4875437470987	7.90566794366027	0.0124407029094608	2
"pt_3_eq"	74.2843835471984	15.7025077437599	0.000252221827616768	9
"pt_3_ard"	81.9695046340041	23.3876288305657	5.40729206602106e-06	2
