"AICc"	"Delta_AICc"	"AICcWt"	"K_rates"
"pt_1_eq"	55.5906329335774	0	0.64308893950521	1
"pt_1_ard"	57.4427017453015	1.85206881172404	0.254741327517911	2
"pt_2_eq"	59.586459137758	3.99582620418057	0.0872144416265632	4
"pt_2_ard"	63.1554530188072	7.56482008522976	0.0146416907706205	2
"pt_3_eq"	70.8814269441642	15.2907940105867	0.000307551117119119	9
"pt_3_ard"	78.7387706845197	23.1481377509422	6.0494625766246e-06	2
