"AICc"	"Delta_AICc"	"AICcWt"	"K_rates"
"pt_1_eq"	55.7182182004018	0	0.693054071975699	1
"pt_1_ard"	57.5574347096537	1.83921650925198	0.276303463588548	2
"pt_2_eq"	62.3316681599335	6.61344995953177	0.0253907019569415	4
"pt_2_ard"	65.5169910224826	9.79877282208082	0.00516405235320821	2
"pt_3_eq"	73.733303855109	18.0150856547072	8.48869586973649e-05	9
"pt_3_ard"	80.5402262607681	24.8220080603663	2.82316690524621e-06	2
