"AICc"	"Delta_AICc"	"AICcWt"	"K_rates"
"pt_1_eq"	56.8006549224328	0	0.666591350454754	1
"pt_1_ard"	58.6921055986008	1.89145067616801	0.258902580037447	2
"pt_2_eq"	61.3460677715952	4.54541284916235	0.0686808742719908	4
"pt_2_ard"	66.3788679363811	9.57821301394834	0.00554596525999958	2
"pt_3_eq"	72.3941644270164	15.5935095045836	0.0002740135936077	9
"pt_3_ard"	80.3169116676898	23.516256745257	5.21638220024979e-06	2
