"AICc"	"Delta_AICc"	"AICcWt"	"K_rates"
"pt_1_eq"	57.0509773060328	0	0.64523366047142	1
"pt_1_ard"	59.0426568377899	1.99167953175704	0.238357762699988	2
"pt_2_eq"	60.7648689104459	3.71389160441305	0.100752469660348	4
"pt_2_ard"	64.5288912504197	7.47791394438684	0.0153429416864953	6
"pt_3_eq"	72.3629214532225	15.3119441471897	0.000305330782244888	9
"pt_3_ard"	79.6885878508771	22.6376105448443	7.83469950407395e-06	12
