"AICc"	"Delta_AICc"	"AICcWt"	"K_rates"
"pt_1_eq"	56.0912256921193	0	0.676126158626208	1
"pt_1_ard"	57.9469906090626	1.85576491694329	0.26733357557682	2
"pt_2_eq"	61.8501502841464	5.75892459202709	0.0379745951629096	4
"pt_2_ard"	63.323616946127	7.23239125400772	0.0181774907525884	2
"pt_3_eq"	71.0528938328516	14.9616681407322	0.000381191126016335	9
"pt_3_ard"	79.0508906292815	22.9596649371622	6.98875545723522e-06	2
