"AICc"	"Delta_AICc"	"AICcWt"	"K_rates"
"pt_1_eq"	54.9438223520796	0	0.682877919384235	1
"pt_1_ard"	56.918847169062	1.97502481698238	0.254373508643372	2
"pt_2_eq"	59.8548718299679	4.91104947788835	0.0586033207402437	4
"pt_2_ard"	65.2552740205458	10.3114516684662	0.00393767429122699	2
"pt_3_eq"	71.1863580965456	16.242535744466	0.0002029183149379	9
"pt_3_ard"	78.7345240103647	23.7907016582851	4.65862598512966e-06	2
