"AICc"	"Delta_AICc"	"AICcWt"	"K_rates"
"pt_1_eq"	55.6263342601621	0	0.683671007048464	1
"pt_1_ard"	57.64822161536	2.02188735519795	0.248771086045067	2
"pt_2_eq"	60.6239709648938	4.99763670473172	0.0561854859090681	4
"pt_2_ard"	63.8587115344364	8.23237727427432	0.0111483129433404	2
"pt_3_eq"	71.6856957834629	16.0593615233008	0.00022263893537804	9
"pt_3_ard"	81.7274730834154	26.1011388232533	1.46911868270266e-06	2
