"AICc"	"Delta_AICc"	"AICcWt"	"K_rates"
"pt_1_eq"	58.0124923519986	0	0.705456547365132	1
"pt_1_ard"	60.0616204705706	2.04912811857206	0.253225683018593	2
"pt_2_eq"	64.6259422962455	6.61344994424693	0.0258450787592233	4
"pt_2_ard"	65.6773298636034	7.66483751160484	0.015278191544743	2
"pt_3_eq"	74.4747450136668	16.4622526616682	0.000187818134751239	9
"pt_3_ard"	81.1471047603535	23.1346124083549	6.68117755658898e-06	2
