"AICc"	"Delta_AICc"	"AICcWt"	"K_rates"
"pt_1_eq"	56.4149223679378	0	0.685440613623357	1
"pt_1_ard"	58.2592494161937	1.8443270482559	0.272570784203397	2
"pt_2_eq"	62.3409911695157	5.92606880157788	0.035411175494533	4
"pt_2_ard"	65.7289189650737	9.31399659713591	0.00650820419248206	2
"pt_3_eq"	74.9050694190082	18.4901470510704	6.62041808969209e-05	9
"pt_3_ard"	81.0811655998305	24.6662432318927	3.01830533363121e-06	2
