"AICc"	"Delta_AICc"	"AICcWt"	"K_rates"
"pt_1_eq"	55.1745115364592	0	0.657429387409563	1
"pt_1_ard"	57.1620433489959	1.98753181253667	0.243367210359973	2
"pt_2_eq"	59.068420979351	3.89390944289171	0.0938204304812629	4
"pt_2_ard"	64.9046420609803	9.73013052452109	0.00506965161600011	2
"pt_3_eq"	70.5018978316827	15.3273862952235	0.000308709126100896	9
"pt_3_ard"	78.9098042338551	23.7352926973959	4.61100709988222e-06	2
