"AICc"	"Delta_AICc"	"AICcWt"	"K_rates"
"pt_1_eq"	54.508856762429	0	0.707561185888094	1
"pt_1_ard"	56.5329822995129	2.02412553708389	0.25717617067346	2
"pt_2_eq"	61.1120317897308	6.60317502730177	0.0260557010344902	4
"pt_2_ard"	63.2397890828305	8.73093232040156	0.00899220370929258	2
"pt_3_eq"	70.7523896071953	16.2435328447663	0.000210148193294953	9
"pt_3_ard"	78.4000370382123	23.8911802757833	4.59050136837107e-06	2
