"AICc"	"Delta_AICc"	"AICcWt"	"K_rates"
"pt_1_eq"	57.8917667629105	0	0.699481885530127	1
"pt_1_ard"	59.8645199726484	1.97275320973795	0.260854633551363	2
"pt_2_eq"	64.50521671573	6.61344995281947	0.0256261911696899	4
"pt_2_ard"	65.7485169617222	7.85675019881168	0.0137627380383151	2
"pt_3_eq"	73.610849205392	15.7190824424815	0.000270035641326683	9
"pt_3_ard"	81.792673186786	23.9009064238755	4.51606917759195e-06	2
