"AICc"	"Delta_AICc"	"AICcWt"	"K_rates"
"pt_1_eq"	57.1464943932735	0	0.643720769747368	1
"pt_1_ard"	59.1390670965153	1.99257270324188	0.237692707176918	2
"pt_2_eq"	60.8363687274726	3.68987433419912	0.101730573028815	4
"pt_2_ard"	64.4587971409387	7.31230274766527	0.0166284265054613	2
"pt_3_eq"	73.0909982381479	15.9445038448744	0.000222020207226859	9
"pt_3_ard"	80.485826783221	23.3393323899476	5.50333421097086e-06	2
