"AICc"	"Delta_AICc"	"AICcWt"	"K_rates"
"pt_1_eq"	57.1298742135222	0	0.701228973090011	1
"pt_1_ard"	59.2069028348714	2.07702862134916	0.248221169395227	2
"pt_2_eq"	63.7330480383612	6.60317382483899	0.0258225349680998	4
"pt_2_ard"	63.8598743908861	6.73000017736383	0.0242358849210636	6
"pt_3_eq"	71.6933827701042	14.5635085565819	0.000482429826154498	9
"pt_3_ard"	79.6548721006051	22.5249978870829	9.00779944390786e-06	12
