"AICc"	"Delta_AICc"	"AICcWt"	"K_rates"
"pt_1_eq"	57.945949621835	0	0.699184555238886	1
"pt_1_ard"	59.9671604373705	2.02121081553553	0.254502161006793	2
"pt_2_eq"	64.5491241459697	6.60317452413473	0.0257472409253995	4
"pt_2_ard"	65.0446356150786	7.09868599324362	0.0200970238771005	6
"pt_3_eq"	72.5888625175701	14.6429128957351	0.000462299785043743	9
"pt_3_ard"	81.0513613389629	23.1054117171279	6.71916677697764e-06	12
