"AICc"	"Delta_AICc"	"AICcWt"	"K_rates"
"pt_1_eq"	57.6847092497734	0	0.695361818925732	1
"pt_1_ard"	59.61548638792	1.93077713814653	0.264818250574178	2
"pt_2_eq"	64.2981592094766	6.61344995970317	0.0254752484820346	4
"pt_2_ard"	65.4664073600581	7.78169811028465	0.0142048471894058	2
"pt_3_eq"	74.7770490769594	17.092339827186	0.000135100328738148	9
"pt_3_ard"	81.4793322216866	23.7946229719132	4.73449991218986e-06	2
