"AICc"	"Delta_AICc"	"AICcWt"	"K_rates"
"pt_1_eq"	55.8938264611214	0	0.69162571945588	1
"pt_1_ard"	57.7513288557386	1.85750239461726	0.273224484311853	2
"pt_2_eq"	62.5072764186532	6.61344995753181	0.0253383729150584	4
"pt_2_ard"	64.4426438071218	8.54881734600045	0.00962762209432638	2
"pt_3_eq"	72.40029217926	16.5064657181386	0.000180109925438337	9
"pt_3_ard"	80.175470888177	24.2816444270556	3.69129744333544e-06	2
