"AICc"	"Delta_AICc"	"AICcWt"	"K_rates"
"pt_1_eq"	58.3437178897148	0	0.662835461270327	1
"pt_1_ard"	60.2377552053994	1.89403731568466	0.257111059195199	2
"pt_2_eq"	62.8887024148876	4.54498452517288	0.0683085214466921	4
"pt_2_ard"	66.4512758875772	8.10755799786241	0.0115046095720364	2
"pt_3_eq"	74.2115130609789	15.8677951712642	0.00023755150893586	9
"pt_3_ard"	83.0951823231549	24.7514644334401	2.79700680897423e-06	2
