"AICc"	"Delta_AICc"	"AICcWt"	"K_rates"
"pt_1_eq"	57.1910252114063	0	0.689491819579781	1
"pt_1_ard"	58.9979255972691	1.80690038586278	0.27936094069095	2
"pt_2_eq"	63.8044751669816	6.61344995557536	0.0252601954670358	4
"pt_2_ard"	66.7578948432255	9.56686963181925	0.00576912266005022	2
"pt_3_eq"	74.5711386251092	17.3801134137029	0.00011600733304516	9
"pt_3_ard"	82.7797736382037	25.5887484267974	1.91426913772682e-06	2
