"AICc"	"Delta_AICc"	"AICcWt"	"K_rates"
"pt_1_eq"	56.7493440167719	0	0.61539733086181	1
"pt_1_ard"	58.6080548352442	1.85871081847234	0.242963862041158	2
"pt_2_eq"	59.7497694898821	3.00042547311018	0.137284496452518	4
"pt_2_ard"	66.7784285481838	10.029084531412	0.00408665121129637	2
"pt_3_eq"	72.3134456982663	15.5641016814945	0.000256716551521554	9
"pt_3_ard"	78.6240124830831	21.8746684663113	1.09428816961686e-05	2
