"AICc"	"Delta_AICc"	"AICcWt"	"K_rates"
"pt_1_eq"	56.0715224562414	0	0.689700731063812	1
"pt_1_ard"	57.881351161223	1.80982870498163	0.279036731679117	2
"pt_2_eq"	62.6849714173271	6.6134489610857	0.0252678617043444	4
"pt_2_ard"	65.6445152167337	9.57299276049232	0.00575322979254327	2
"pt_3_eq"	72.0251729470805	15.9536504908392	0.000236793348609456	9
"pt_3_ard"	79.8847771686197	23.8132547123783	4.65241157388539e-06	2
