"AICc"	"Delta_AICc"	"AICcWt"	"K_rates"
"pt_1_eq"	56.7490235180547	0	0.674867958489596	1
"pt_1_ard"	58.646996953196	1.8979734351413	0.261263724824873	2
"pt_2_eq"	61.8327989012469	5.08377538319228	0.0531240297255652	4
"pt_2_ard"	65.0504745963189	8.30145107826421	0.0106311834314717	2
"pt_3_eq"	74.2127720471772	17.4637485291226	0.000108896519520852	9
"pt_3_ard"	80.7200643103778	23.9710407923231	4.20700897310633e-06	2
