"AICc"	"Delta_AICc"	"AICcWt"	"K_rates"
"pt_1_eq"	56.6653128135081	0	0.650081967636461	1
"pt_1_ard"	58.7547658717479	2.08945305823979	0.228691041732694	2
"pt_2_eq"	60.2906948235405	3.6253820100324	0.106102695861159	4
"pt_2_ard"	64.2271259486504	7.56181313514225	0.0148231758446982	2
"pt_3_eq"	72.0567070599811	15.391394246473	0.000295644173527383	9
"pt_3_ard"	80.0347265305759	23.3694137170678	5.47475146112349e-06	2
