"AICc"	"Delta_AICc"	"AICcWt"	"K_rates"
"pt_1_eq"	57.2932701000685	0	0.646187234742098	1
"pt_1_ard"	59.1008007954237	1.80753069535515	0.261732751615486	2
"pt_2_eq"	61.4733385955412	4.18006849547273	0.0799223110619411	4
"pt_2_ard"	65.2789918393213	7.9857217392528	0.0119201283503212	2
"pt_3_eq"	73.149775553359	15.8565054532905	0.000232895964878634	9
"pt_3_ard"	80.9651045085773	23.6718344085088	4.67826527545624e-06	2
