"AICc"	"Delta_AICc"	"AICcWt"	"K_rates"
"pt_1_eq"	56.3349838275281	0	0.651027603649803	1
"pt_1_ard"	58.2990830201417	1.96409919261365	0.243837604143404	2
"pt_2_eq"	60.2511492843969	3.91616545686886	0.0918787078982681	4
"pt_2_ard"	64.1630769025219	7.82809307499384	0.0129942312078619	2
"pt_3_eq"	72.0098367861918	15.6748529586638	0.000256949827700045	9
"pt_3_ard"	79.9277926043739	23.5928087768458	4.90327296309733e-06	2
