"AICc"	"Delta_AICc"	"AICcWt"	"K_rates"
"pt_1_eq"	56.48423857694	0	0.689771021483389	1
"pt_1_ard"	58.3485545486322	1.86431597169218	0.271565049518796	2
"pt_2_eq"	63.0976885220697	6.6134499451297	0.0252704244290929	4
"pt_2_ard"	64.4072045715209	7.92296599458084	0.0131296980658366	2
"pt_3_eq"	72.267879527809	15.783640950869	0.000257828463370716	9
"pt_3_ard"	79.7962831662302	23.3120445892902	5.97803951512073e-06	2
