"AICc"	"Delta_AICc"	"AICcWt"	"K_rates"
"pt_1_eq"	56.556181561356	0	0.668916952086257	1
"pt_1_ard"	58.4174981347924	1.86131657343639	0.263749985104541	2
"pt_2_eq"	61.4514178881096	4.89523632675364	0.0578608940658756	4
"pt_2_ard"	65.1176806796117	8.56149911825574	0.00925265332099432	2
"pt_3_eq"	72.6392900085452	16.0831084471892	0.000215263093434179	9
"pt_3_ard"	80.4880783316291	23.9318967702731	4.25232889811081e-06	2
