"AICc"	"Delta_AICc"	"AICcWt"	"K_rates"
"pt_1_eq"	58.0137679626028	0	0.656394722154516	1
"pt_1_ard"	59.9884122045775	1.97464424197472	0.244554991467453	2
"pt_2_eq"	62.0829418981423	4.06917393553952	0.0858134153919023	4
"pt_2_ard"	65.8691308040662	7.8553628414634	0.0129239334402311	2
"pt_3_eq"	73.3479085201377	15.3341405575349	0.000307184123555919	9
"pt_3_ard"	81.3032134225923	23.2894454599894	5.75342234148578e-06	2
