"AICc"	"Delta_AICc"	"AICcWt"	"K_rates"
"pt_1_eq"	56.7225012273864	0	0.685167409753241	1
"pt_1_ard"	58.5438439587321	1.82134273134571	0.275611381795955	2
"pt_2_eq"	63.3359167753002	6.6134155479138	0.025102198407196	4
"pt_2_ard"	64.5076529131472	7.78515168576075	0.0139724475635581	2
"pt_3_eq"	73.6988394249906	16.9763381976041	0.000141069035267457	9
"pt_3_ard"	80.1902271422489	23.4677259148625	5.49344478288617e-06	2
