"AICc"	"Delta_AICc"	"AICcWt"	"K_rates"
"pt_1_eq"	56.08374918147	0	0.694214429434526	1
"pt_1_ard"	57.9747896875289	1.89104050605891	0.269686624759428	2
"pt_2_eq"	62.6971993420736	6.61345016060361	0.0254332102106064	4
"pt_2_ard"	64.4750827429398	8.39133356146984	0.0104553531267086	2
"pt_3_eq"	72.3317136648895	16.2479644834196	0.00020572779802191	9
"pt_3_ard"	79.9090791791471	23.8253299976771	4.65467070916661e-06	2
