"AICc"	"Delta_AICc"	"AICcWt"	"K_rates"
"pt_1_eq"	55.864819916926	0	0.676358570574684	1
"pt_1_ard"	57.7435631798553	1.87874326292935	0.264370554305732	2
"pt_2_eq"	60.9219622597084	5.05714234278236	0.0539550986326417	4
"pt_2_ard"	65.6375085362601	9.77268861933414	0.00510580973750595	2
"pt_3_eq"	72.0368765750345	16.1720566581085	0.000208189831553372	9
"pt_3_ard"	81.5640165312407	25.6991966143147	1.77691788301569e-06	2
