"AICc"	"Delta_AICc"	"AICcWt"	"K_rates"
"pt_1_eq"	57.2643763946326	0	0.662650649951868	1
"pt_1_ard"	59.041239930053	1.7768635354204	0.272548385675613	2
"pt_2_eq"	62.3001951239547	5.03581872932202	0.0534281928961413	4
"pt_2_ard"	65.4346201098857	8.17024371525311	0.0111465058324467	2
"pt_3_eq"	73.2634336412719	15.9990572466392	0.000222399337571387	9
"pt_3_ard"	81.3677835647512	24.1034071701185	3.86630635900489e-06	2
