"AICc"	"Delta_AICc"	"AICcWt"	"K_rates"
"pt_1_eq"	56.5164733051263	0	0.689009966725904	1
"pt_1_ard"	58.4352520410027	1.91877873587632	0.263978158947824	2
"pt_2_eq"	63.1196479081066	6.6031746029803	0.025372564054805	4
"pt_2_ard"	63.485431469225	6.96895816409866	0.0211317501166851	2
"pt_3_eq"	70.9886680517937	14.4721947466674	0.000496167535090354	9
"pt_3_ard"	78.5365638353795	22.0200905302532	1.13926196914125e-05	2
