"AICc"	"Delta_AICc"	"AICcWt"	"K_rates"
"pt_1_eq"	55.3601556099644	0	0.66684233610294	1
"pt_1_ard"	57.266779078027	1.90662346806266	0.257042619630938	2
"pt_2_eq"	60.046265733538	4.68611012357361	0.0640394038161154	4
"pt_2_ard"	63.4221625580821	8.06200694811773	0.0118407878219513	2
"pt_3_eq"	71.2992574417031	15.9391018317388	0.000230616925645348	9
"pt_3_ard"	79.2936751031401	23.9335194931757	4.23570241015667e-06	2
