"AICc"	"Delta_AICc"	"AICcWt"	"K_rates"
"pt_1_eq"	54.484846751889	0	0.673105867032584	1
"pt_1_ard"	56.4020567983182	1.9172100464292	0.258087222682125	2
"pt_2_eq"	59.3499609320826	4.86511418019357	0.0591067737744524	4
"pt_2_ard"	62.9888287232313	8.50398197134226	0.00958224242078562	2
"pt_3_eq"	71.817273477973	17.332426726084	0.000115983105627115	9
"pt_3_ard"	80.0289255253909	25.5440787735019	1.91098442615304e-06	2
