"AICc"	"Delta_AICc"	"AICcWt"	"K_rates"
"pt_1_eq"	57.2252961307075	0	0.695121085661953	1
"pt_1_ard"	59.1238501556841	1.89855402497655	0.269026272434457	2
"pt_2_eq"	63.8387460990877	6.61344996838015	0.0254664288770846	4
"pt_2_ard"	65.6721825151272	8.44688638441966	0.0101822179650837	2
"pt_3_eq"	73.5069794135887	16.2816832828812	0.00020255261741995	9
"pt_3_ard"	83.396301000778	26.1710048700705	1.44244400166518e-06	2
