"AICc"	"Delta_AICc"	"AICcWt"	"K_rates"
"pt_1_eq"	56.9881324227257	0	0.688612301315375	1
"pt_1_ard"	58.8325730914609	1.84444066873522	0.273816474428977	2
"pt_2_eq"	63.6015823678159	6.61344994509022	0.0252279736023913	4
"pt_2_ard"	65.0719596443649	8.08382722163919	0.0120946693284643	2
"pt_3_eq"	72.8673712349214	15.8792388121957	0.000245381535716937	9
"pt_3_ard"	81.5468300229016	24.5586976001759	3.19978907598511e-06	2
