"AICc"	"Delta_AICc"	"AICcWt"	"K_rates"
"pt_1_eq"	56.5750636715076	0	0.680452233216378	1
"pt_1_ard"	58.4731658942445	1.89810222273683	0.26340861998327	2
"pt_2_eq"	61.8874340809582	5.3123704094505	0.0477783410760407	4
"pt_2_ard"	65.3958533301132	8.82078965860556	0.00826775324396948	2
"pt_3_eq"	74.4078638200369	17.8328001485293	9.12965345996443e-05	9
"pt_3_ard"	82.3100742894789	25.7350106179713	1.75594574176293e-06	2
