"AICc"	"Delta_AICc"	"AICcWt"	"K_rates"
"pt_1_eq"	57.0686680869276	0	0.63519689583844	1
"pt_1_ard"	59.113202938251	2.04453485132336	0.228530023906592	2
"pt_2_eq"	60.4094338961046	3.340765809177	0.119528175094243	4
"pt_2_ard"	64.3672803877781	7.29861230085051	0.0165209433932539	2
"pt_3_eq"	73.0144475447646	15.945779457837	0.000218940624725158	9
"pt_3_ard"	80.5647335981965	23.4960655112689	5.02114274560402e-06	2
