"AICc"	"Delta_AICc"	"AICcWt"	"K_rates"
"pt_1_eq"	56.1673438564141	0	0.66200705469564	1
"pt_1_ard"	57.970547195773	1.80320333935882	0.268721235452907	2
"pt_2_eq"	61.0460423246586	4.87869846824444	0.0577386606879141	4
"pt_2_ard"	64.2870985047338	8.11975464831968	0.0114203732588925	2
"pt_3_eq"	73.6170408072947	17.4496969508806	0.000107574433870554	9
"pt_3_ard"	79.7143490680254	23.5470052116112	5.10147077646469e-06	2
