"AICc"	"Delta_AICc"	"AICcWt"	"K_rates"
"pt_1_eq"	56.4009258497028	0	0.645480411084778	1
"pt_1_ard"	58.2262579703601	1.82533212065732	0.259129724372529	2
"pt_2_eq"	60.5256238964491	4.12469804674632	0.0820760157811712	4
"pt_2_ard"	64.2043330455113	7.80340719580858	0.0130435174736468	2
"pt_3_eq"	71.9971448236461	15.5962189739433	0.000264976370728997	9
"pt_3_ard"	79.8003956705499	23.3994698208472	5.35491714593136e-06	2
