"AICc"	"Delta_AICc"	"AICcWt"	"K_rates"
"pt_1_eq"	54.7236221962971	0	0.657826597534606	1
"pt_1_ard"	56.5862214167746	1.86259922047746	0.259210832789429	2
"pt_2_eq"	59.2007826690885	4.47716047279142	0.0701307341294584	4
"pt_2_ard"	62.6204130284455	7.89679083214836	0.0126865953391103	2
"pt_3_eq"	71.5880618200479	16.8644396237508	0.000143233595737975	9
"pt_3_ard"	80.1241203727235	25.4004981764264	2.00661165892606e-06	2
