"AICc"	"Delta_AICc"	"AICcWt"	"K_rates"
"pt_1_eq"	57.6063121532132	0	0.608842126549737	1
"pt_1_ard"	59.6074781962359	2.00116604302262	0.223849953886058	2
"pt_2_eq"	60.4666433308659	2.86033117765269	0.145677228602583	4
"pt_2_ard"	64.3065869317499	6.70027477853671	0.0213578982117905	6
"pt_3_eq"	73.0677881910266	15.4614760378133	0.000267354705100694	9
"pt_3_ard"	80.8581015678753	23.2517894146621	5.43804473118886e-06	12
