"AICc"	"Delta_AICc"	"AICcWt"	"K_rates"
"pt_1_eq"	56.1198721041969	0	0.655660813317518	1
"pt_1_ard"	58.0183361094901	1.89846400529319	0.25376575058737	2
"pt_2_eq"	60.209283164615	4.08941106041805	0.0848545039971832	4
"pt_2_ard"	65.7204654972159	9.60059339301895	0.00539432192961904	2
"pt_3_eq"	71.3658052887489	15.245933184552	0.000320676327557731	9
"pt_3_ard"	80.1674373881354	24.0475652839385	3.93384075255286e-06	2
