"AICc"	"Delta_AICc"	"AICcWt"	"K_rates"
"pt_1_eq"	57.5228616982543	0	0.666715776146366	1
"pt_1_ard"	59.3640517292645	1.84119003101026	0.265540883826815	2
"pt_2_eq"	62.4399884185545	4.91712672030019	0.0570427206518124	4
"pt_2_ard"	65.8256816644533	8.30281996619899	0.0104955761494217	2
"pt_3_eq"	73.7150939485971	16.1922322503429	0.000203161856943324	9
"pt_3_ard"	83.0791008948497	25.5562391965954	1.88136864204407e-06	2
