"AICc"	"Delta_AICc"	"AICcWt"	"K_rates"
"pt_1_eq"	57.0961093835651	0	0.648025296231213	1
"pt_1_ard"	58.9412358134204	1.84512642985532	0.257589315959229	2
"pt_2_eq"	61.273512859957	4.1774034763919	0.0802565191952257	4
"pt_2_ard"	64.7703003977915	7.67419101422647	0.0139689111172893	2
"pt_3_eq"	73.7788689885022	16.6827596049371	0.000154517167936989	9
"pt_3_ard"	80.4718002947712	23.3756909112061	5.44032910544964e-06	2
