"AICc"	"Delta_AICc"	"AICcWt"	"K_rates"
"pt_1_eq"	54.7374752314554	0	0.658835440283457	1
"pt_1_ard"	56.7609232901097	2.02344805865436	0.239547029456823	2
"pt_2_eq"	58.7284198137502	3.99094458229477	0.089568303419709	4
"pt_2_ard"	62.7856326850886	8.04815745363324	0.0117799044295441	2
"pt_3_eq"	70.3868342303041	15.6493589988487	0.000263367283093513	9
"pt_3_ard"	77.9654281897231	23.2279529582677	5.95512737348977e-06	2
