"AICc"	"Delta_AICc"	"AICcWt"	"K_rates"
"pt_1_eq"	56.8512704531031	0	0.654478184136297	1
"pt_1_ard"	58.7504443873512	1.89917393424816	0.25321812857735	2
"pt_2_eq"	60.8971956474907	4.04592519438764	0.0865632755266455	4
"pt_2_ard"	66.4338887189887	9.58261826588561	0.00543320456812199	2
"pt_3_eq"	72.2170404806586	15.3657700275555	0.000301481458840234	9
"pt_3_ard"	80.1445164527948	23.2932459996917	5.72573274603607e-06	2
