"AICc"	"Delta_AICc"	"AICcWt"	"K_rates"
"pt_1_eq"	55.7204319784123	0	0.699887209549956	1
"pt_1_ard"	57.6385492221055	1.91811724369325	0.268234224544287	2
"pt_2_eq"	62.3236065587744	6.60317458036219	0.025773115214362	4
"pt_2_ard"	65.3129563484503	9.59252437003808	0.00578146440480413	2
"pt_3_eq"	71.1148180627103	15.3943860842981	0.000317818806554756	9
"pt_3_ard"	78.9992002572822	23.2787682788699	6.16748003566298e-06	2
