"AICc"	"Delta_AICc"	"AICcWt"	"K_rates"
"pt_1_eq"	57.1347241506839	0	0.665824655570189	1
"pt_1_ard"	58.9988342427324	1.8641100920485	0.262164274694351	2
"pt_2_eq"	61.746734479544	4.61201032886006	0.0663551377287217	4
"pt_2_ard"	66.7634115905165	9.6286874398326	0.00540153210261592	2
"pt_3_eq"	72.8865449317626	15.7518207810786	0.00025286891815285	9
"pt_3_ard"	83.1004635150052	25.9657393643213	1.53098597012947e-06	2
