"AICc"	"Delta_AICc"	"AICcWt"	"K_rates"
"pt_1_eq"	54.9370846354574	0	0.693134637769973	1
"pt_1_ard"	56.7783036195871	1.84121898412969	0.276059044104036	2
"pt_2_eq"	61.5505346076669	6.61344997220948	0.0253936534012723	4
"pt_2_ard"	64.7056170854074	9.76853244994999	0.00524333652882499	2
"pt_3_eq"	71.5960155138261	16.6589308783686	0.000167254081552795	9
"pt_3_ard"	80.3759752413056	25.4388906058482	2.0741143408358e-06	2
