"AICc"	"Delta_AICc"	"AICcWt"	"K_rates"
"pt_1_eq"	56.6957830851008	0	0.64956688622277	1
"pt_1_ard"	58.5207016446657	1.82491855956495	0.260824177820742	2
"pt_2_eq"	60.9985383213168	4.30275523621597	0.075560086982046	4
"pt_2_ard"	64.4034139783213	7.7076308932205	0.0137699731837093	2
"pt_3_eq"	72.240042354025	15.5442592689242	0.000273672314012181	9
"pt_3_ard"	80.1652512621921	23.4694681770913	5.20347672087628e-06	2
