"AICc"	"Delta_AICc"	"AICcWt"	"K_rates"
"pt_1_eq"	55.6843962340935	0	0.70553228371787	1
"pt_1_ard"	57.6589202043944	1.97452397030086	0.262878131155972	2
"pt_2_eq"	62.28757083719	6.60317460309645	0.0259809929098546	4
"pt_2_ard"	65.4387033050498	9.75430707095629	0.00537521726623249	2
"pt_3_eq"	71.7570031810357	16.0726069469421	0.000228241512986387	9
"pt_3_ard"	79.3462609890887	23.6618647549952	5.13343708434937e-06	2
