"AICc"	"Delta_AICc"	"AICcWt"	"K_rates"
"pt_1_eq"	57.1773422520876	0	0.665209624127067	1
"pt_1_ard"	59.1397790060982	1.96243675401062	0.249356559546453	2
"pt_2_eq"	61.615634359919	4.43829210783142	0.0723095465549414	4
"pt_2_ard"	65.0684754863796	7.89113323429198	0.0128653235891122	6
"pt_3_eq"	72.9081950384763	15.7308527863887	0.000255297900619219	9
"pt_3_ard"	81.4045446028673	24.2272023507797	3.64828180653411e-06	12
