"AICc"	"Delta_AICc"	"AICcWt"	"K_rates"
"pt_1_eq"	56.9835235383446	0	0.677027067274487	1
"pt_1_ard"	58.9154969458079	1.93197340746332	0.257681557567321	2
"pt_2_eq"	62.0198527547903	5.0363292164457	0.0545734033038783	4
"pt_2_ard"	65.3145945665464	8.33107102820183	0.0105084084264915	2
"pt_3_eq"	73.168159525284	16.1846359869394	0.000207088976448834	9
"pt_3_ard"	82.0224191952631	25.0388956569185	2.47445137266587e-06	2
