"AICc"	"Delta_AICc"	"AICcWt"	"K_rates"
"pt_1_eq"	56.469350161783	0	0.667650059240684	1
"pt_1_ard"	58.4566669468275	1.98731678504447	0.247177272180148	2
"pt_2_eq"	60.6523155880941	4.18296542631112	0.0824573722417022	4
"pt_2_ard"	67.7113640673896	11.2420139056066	0.0024175562600172	2
"pt_3_eq"	71.9125912446047	15.4432410828218	0.000295863710393848	9
"pt_3_ard"	82.033714087098	25.564363925315	1.87636705391876e-06	2
