"AICc"	"Delta_AICc"	"AICcWt"	"K_rates"
"pt_1_eq"	55.6084592177774	0	0.670548003710537	1
"pt_1_ard"	57.6285744861391	2.02011526836171	0.244212234287488	2
"pt_2_eq"	60.0231393908259	4.41468017304844	0.0737554733613787	4
"pt_2_ard"	63.7866530396969	8.17819382191951	0.0112346009113833	2
"pt_3_eq"	71.4378730414724	15.829413823695	0.000244971937016531	9
"pt_3_ard"	79.3383265273429	23.7298673095655	4.71579219679332e-06	2
