"AICc"	"Delta_AICc"	"AICcWt"	"K_rates"
"pt_1_eq"	55.5567716958677	0	0.685299958689181	1
"pt_1_ard"	57.3285946009323	1.77182290506465	0.282575334484591	2
"pt_2_eq"	62.1599462959349	6.60317460006723	0.0252359442731246	4
"pt_2_ard"	64.8300834610999	9.27331176523224	0.00664058960642335	6
"pt_3_eq"	71.4244786840272	15.8677069881596	0.000245613318497517	9
"pt_3_ard"	80.5522715169191	24.9954998210514	2.55962818258913e-06	12
