"AICc"	"Delta_AICc"	"AICcWt"	"K_rates"
"pt_1_eq"	53.9676815130216	0	0.693331051079807	1
"pt_1_ard"	55.9634793010567	1.99579778803518	0.255598715814907	2
"pt_2_eq"	59.420748045817	5.45306653279545	0.0453755913910793	4
"pt_2_ard"	63.6244327323168	9.65675121929521	0.00554630523510943	6
"pt_3_eq"	70.9024566281066	16.934775115085	0.000145747447723997	9
"pt_3_ard"	78.9636396182292	24.9959581052076	2.58903137348221e-06	12
