"AICc"	"Delta_AICc"	"AICcWt"	"K_rates"
"pt_1_eq"	57.0900148292874	0	0.656109137442901	1
"pt_1_ard"	59.0156837366186	1.92566890733119	0.250508459269601	2
"pt_2_eq"	61.2930754417185	4.20306061243105	0.0802219234260894	4
"pt_2_ard"	64.9536923433924	7.86367751410496	0.0128647162060349	2
"pt_3_eq"	72.5384871605815	15.4484723312941	0.000289989946893385	9
"pt_3_ard"	80.3715504903249	23.2815356610375	5.77370848030679e-06	2
