"AICc"	"Delta_AICc"	"AICcWt"	"K_rates"
"pt_1_eq"	58.657619035414	0	0.689095846899428	1
"pt_1_ard"	60.5497936898158	1.89217465440188	0.267546409379835	2
"pt_2_eq"	65.2710689309368	6.61344989552282	0.0252456893853636	4
"pt_2_ard"	65.9535665594361	7.2959475240221	0.0179467063794203	2
"pt_3_eq"	75.3520676579629	16.6944486225489	0.000163352646480624	9
"pt_3_ard"	84.1622920118725	25.5046729764585	1.9953094722585e-06	2
