"AICc"	"Delta_AICc"	"AICcWt"	"K_rates"
"pt_1_eq"	56.3224513570748	0	0.704127447388405	1
"pt_1_ard"	58.3201401585591	1.99768880148427	0.259333524395489	2
"pt_2_eq"	62.9256259594683	6.60317460239349	0.0259292602859511	4
"pt_2_ard"	64.761570127701	8.43911877062618	0.01035428027832	6
"pt_3_eq"	72.2028515320199	15.8804001749451	0.000250764578442821	9
"pt_3_ard"	80.1469612007909	23.8245098437161	4.72307339223902e-06	12
