"AICc"	"Delta_AICc"	"AICcWt"	"K_rates"
"pt_1_eq"	57.1585989477436	0	0.630435111458742	1
"pt_1_ard"	59.1655490836364	2.00695013589282	0.231119563183429	2
"pt_2_eq"	60.4838113830205	3.32521243527687	0.119558287799409	4
"pt_2_ard"	64.218486130883	7.05988718313937	0.0184758900674905	2
"pt_3_eq"	71.864343367436	14.7057444196924	0.000403950886797989	9
"pt_3_ard"	79.9197114410482	22.7611124933046	7.1966041320418e-06	2
