"AICc"	"Delta_AICc"	"AICcWt"	"K_rates"
"pt_1_eq"	55.8732528847718	0	0.689577870030439	1
"pt_1_ard"	57.7612508049006	1.88799792012879	0.268293268522078	2
"pt_2_eq"	62.476427474011	6.60317458923917	0.0253934770805622	4
"pt_2_ard"	63.3567322627099	7.48347937793814	0.016351831981137	6
"pt_3_eq"	70.908937715298	15.0356848305262	0.000374650087937908	9
"pt_3_ard"	78.3883038416762	22.5150509569045	8.90229784585223e-06	12
