"AICc"	"Delta_AICc"	"AICcWt"	"K_rates"
"pt_1_eq"	53.4733738732742	0	0.666056617318293	1
"pt_1_ard"	55.3495623076957	1.87618843442149	0.260676574489363	2
"pt_2_eq"	58.2238958591963	4.75052198592213	0.061936748880088	4
"pt_2_ard"	61.6609823088779	8.18760843560368	0.0111069435757921	2
"pt_3_eq"	69.4898762071805	16.0165023339062	0.000221601071454429	9
"pt_3_ard"	79.4612451899277	25.9878713166535	1.51466500934996e-06	2
