"AICc"	"Delta_AICc"	"AICcWt"	"K_rates"
"pt_1_eq"	56.6120843801052	0	0.668112016406836	1
"pt_1_ard"	58.4698856766788	1.85780129657351	0.263896030159499	2
"pt_2_eq"	61.3182687974609	4.70618441735564	0.0635205604453696	4
"pt_2_ard"	66.6787500540385	10.0666656739333	0.00435412212675904	2
"pt_3_eq"	73.9738765609098	17.3617921808046	0.000113444648243214	9
"pt_3_ard"	80.7527554002562	24.1406710201509	3.82621329243201e-06	2
