"AICc"	"Delta_AICc"	"AICcWt"	"K_rates"
"pt_1_eq"	57.726475170882	0	0.697717694953193	1
"pt_1_ard"	59.7376663148021	2.01119114392012	0.255243757543239	2
"pt_2_eq"	64.3296497678889	6.60317459700692	0.0256932233424226	4
"pt_2_ard"	64.7306565567888	7.00418138590688	0.02102524543987	6
"pt_3_eq"	73.1512433939962	15.4247682231143	0.000312056961446587	9
"pt_3_ard"	80.4732992181057	22.7468240472237	8.02175982878436e-06	12
