"AICc"	"Delta_AICc"	"AICcWt"	"K_rates"
"pt_1_eq"	57.0871068621134	0	0.668256816154836	1
"pt_1_ard"	58.9180435099513	1.83093664783792	0.267522648771156	2
"pt_2_eq"	61.9237348292437	4.83662796713026	0.0595227487497016	4
"pt_2_ard"	67.101952669046	10.0148458069326	0.0044693797987143	2
"pt_3_eq"	73.0885029870686	16.0013961249552	0.000224018753980743	9
"pt_3_ard"	80.9543195447306	23.8672126826172	4.38777161157421e-06	2
