"AICc"	"Delta_AICc"	"AICcWt"	"K_rates"
"pt_1_eq"	58.2992901272135	0	0.670724808003405	1
"pt_1_ard"	60.2477843499344	1.94849422272093	0.253182815650396	2
"pt_2_eq"	62.9456127767694	4.64632264955593	0.0657064836208279	4
"pt_2_ard"	66.684220878273	8.38493075105952	0.0101339741387187	2
"pt_3_eq"	74.107698911943	15.8084087847295	0.000247623591574078	9
"pt_3_ard"	82.2166177270509	23.9173275998375	4.29499507911465e-06	2
