"AICc"	"Delta_AICc"	"AICcWt"	"K_rates"
"pt_1_eq"	56.5100577152147	0	0.690143184580577	1
"pt_1_ard"	58.4168440132031	1.90678629798845	0.266002562170157	2
"pt_2_eq"	63.1132323066362	6.60317459142148	0.0254142945742398	4
"pt_2_ard"	63.7976141826733	7.28755646745861	0.018049551850055	2
"pt_3_eq"	71.5027376451661	14.9926799299514	0.000383107030810725	9
"pt_3_ard"	79.4236741519508	22.9136164367361	7.29979416047985e-06	2
