"AICc"	"Delta_AICc"	"AICcWt"	"K_rates"
"pt_1_eq"	57.5148492108278	0	0.686018275421142	1
"pt_1_ard"	59.3427302482194	1.82788103739162	0.275052984283758	2
"pt_2_eq"	64.1282986258564	6.61344941502855	0.0251329456311965	4
"pt_2_ard"	65.3720223991736	7.85717318834576	0.0134949787762113	2
"pt_3_eq"	73.0214375519065	15.5065883410787	0.000294525438028868	9
"pt_3_ard"	80.7141031908625	23.1992539800346	6.29044966413871e-06	2
