"AICc"	"Delta_AICc"	"AICcWt"	"K_rates"
"pt_1_eq"	57.0916843903601	0	0.662523254750308	1
"pt_1_ard"	58.8855323943091	1.79384800394902	0.270191686412629	2
"pt_2_eq"	61.8542359118052	4.76255152144509	0.0612387340133984	4
"pt_2_ard"	66.5726850524171	9.48100066205704	0.00578666034277868	2
"pt_3_eq"	72.8163601653117	15.7246757749516	0.000255053429397714	9
"pt_3_ard"	80.8423944267491	23.750710036389	4.61105148817662e-06	2
