"AICc"	"Delta_AICc"	"AICcWt"	"K_rates"
"pt_1_eq"	55.6728776456959	0	0.655286554460812	1
"pt_1_ard"	57.6118604085357	1.93898276283976	0.248534394962803	2
"pt_2_eq"	59.8069045524606	4.13402690676465	0.0829351663554607	4
"pt_2_ard"	63.5185135129455	7.84563586724958	0.0129650165313762	2
"pt_3_eq"	71.2325163893991	15.5596387437032	0.00027396723934966	9
"pt_3_ard"	79.2798793029907	23.6070016572948	4.90045019793923e-06	2
