"AICc"	"Delta_AICc"	"AICcWt"	"K_rates"
"pt_1_eq"	57.2141734375104	0	0.644444854061823	1
"pt_1_ard"	59.1141958510835	1.90002241357307	0.249230469331538	2
"pt_2_eq"	61.1011531121034	3.88697967459296	0.0922866429419181	4
"pt_2_ard"	64.9076012182601	7.69342778074972	0.0137587552156809	2
"pt_3_eq"	72.7422962813675	15.528122843857	0.000273713821054403	9
"pt_3_ard"	80.5336022378033	23.3194288002928	5.5646279861718e-06	2
