"AICc"	"Delta_AICc"	"AICcWt"	"K_rates"
"pt_1_eq"	56.3063699109904	0	0.705307632750124	1
"pt_1_ard"	58.3476549621214	2.04128505113101	0.254167002361945	2
"pt_2_eq"	62.9095444811543	6.60317457016397	0.0259727206399703	4
"pt_2_ard"	64.1104610912339	7.80409118024359	0.0142476000647837	2
"pt_3_eq"	71.8383921407688	15.5320222297784	0.000298980463036052	9
"pt_3_ard"	79.6345016085225	23.3281316975321	6.06372014086593e-06	2
