"AICc"	"Delta_AICc"	"AICcWt"	"K_rates"
"pt_1_eq"	57.1062430506774	0	0.667000546382008	1
"pt_1_ard"	58.9785277711677	1.87228472049025	0.261556024878081	2
"pt_2_eq"	61.7134765793104	4.60723352863303	0.0666312775883786	4
"pt_2_ard"	67.0279147143591	9.92167166368173	0.00467371862021446	2
"pt_3_eq"	74.0885330457209	16.9822899950434	0.000136920593258825	9
"pt_3_ard"	83.1005507174508	25.9943076667734	1.51193805903903e-06	2
