"AICc"	"Delta_AICc"	"AICcWt"	"K_rates"
"pt_1_eq"	55.4468897364634	0	0.670421803440321	1
"pt_1_ard"	57.4340521460175	1.98716240955409	0.24822258576889	2
"pt_2_eq"	59.8069949695813	4.36010523311793	0.07578151936794	4
"pt_2_ard"	65.127463172925	9.68057343646164	0.00529954174408489	2
"pt_3_eq"	71.0776874145005	15.6307976780372	0.000270497677320481	9
"pt_3_ard"	79.4797925524479	24.0329028159846	4.05200144362222e-06	2
