"AICc"	"Delta_AICc"	"AICcWt"	"K_rates"
"pt_1_eq"	57.0126732140834	0	0.653235013562016	1
"pt_1_ard"	59.0339008140746	2.02122759999127	0.237774599211982	2
"pt_2_eq"	60.8700771662988	3.85740395221544	0.0949390386001792	4
"pt_2_ard"	64.732731252563	7.72005803847964	0.0137619555868743	2
"pt_3_eq"	72.5021894361271	15.4895162220437	0.000282854924166352	9
"pt_3_ard"	80.0367599690743	23.0240867549909	6.53811478194303e-06	2
