"AICc"	"Delta_AICc"	"AICcWt"	"K_rates"
"pt_1_eq"	56.3701581265186	0	0.685895225565204	1
"pt_1_ard"	58.285862340686	1.91570421416736	0.263189097722214	2
"pt_2_eq"	61.8695093562261	5.49935122970749	0.0438620406692955	4
"pt_2_ard"	65.5703237070341	9.20016558051548	0.00689393537109666	2
"pt_3_eq"	73.1253817779386	16.75522365142	0.000157727417416627	9
"pt_3_ard"	81.8877497546013	25.5175916280827	1.97325477326455e-06	2
