"AICc"	"Delta_AICc"	"AICcWt"	"K_rates"
"pt_1_eq"	56.493055608256	0	0.64243522728945	1
"pt_1_ard"	58.4135030821423	1.92044747388631	0.245928848704252	2
"pt_2_eq"	60.0929060713471	3.59985046309106	0.10620176907062	4
"pt_2_ard"	66.168157844821	9.67510223656492	0.00509222506705811	2
"pt_3_eq"	71.6090503872759	15.1159947790199	0.000335299407904344	9
"pt_3_ard"	79.4557495800033	22.9626939717473	6.63046071508709e-06	2
