"AICc"	"Delta_AICc"	"AICcWt"	"K_rates"
"pt_1_eq"	56.4567399994536	0	0.668776183311409	1
"pt_1_ard"	58.3665441341596	1.90980413470605	0.257378401839993	2
"pt_2_eq"	61.1358489082595	4.67910890880592	0.0644503394120473	4
"pt_2_ard"	65.0324936881225	8.57575368866892	0.00918500814762597	2
"pt_3_eq"	72.6300046643804	16.1732646649268	0.000205731597929948	9
"pt_3_ard"	80.3493874641335	23.8926474646799	4.33569099540786e-06	2
