"AICc"	"Delta_AICc"	"AICcWt"	"K_rates"
"pt_1_eq"	56.1216456836118	0	0.673458857823238	1
"pt_1_ard"	57.9951915044469	1.8735458208351	0.26392210332529	2
"pt_2_eq"	61.2098720727115	5.08822638909969	0.0528952589678787	4
"pt_2_ard"	64.6367129971231	8.51506731351123	0.00953427547293194	2
"pt_3_eq"	72.4923394912975	16.3706938076856	0.000187698186528175	9
"pt_3_ard"	81.7795329509729	25.657887267361	1.80622413339446e-06	2
