"AICc"	"Delta_AICc"	"AICcWt"	"K_rates"
"pt_1_eq"	59.5318485675251	0	0.644124043249733	1
"pt_1_ard"	61.5854291757667	2.05358060824157	0.230696043989866	2
"pt_2_eq"	63.1109493361088	3.57910076858374	0.107591423468243	4
"pt_2_ard"	66.7767254292163	7.24487686169121	0.0172093508549922	2
"pt_3_eq"	74.4402432364484	14.9083946689233	0.000372951828734167	9
"pt_3_ard"	82.6383677167982	23.1065191492731	6.18660843156377e-06	2
