"AICc"	"Delta_AICc"	"AICcWt"	"K_rates"
"pt_1_eq"	56.6906974346335	0	0.651281861982234	1
"pt_1_ard"	58.5184392651226	1.82774183048911	0.26114390119837	2
"pt_2_eq"	60.9883560978372	4.29765866320367	0.075952882780715	4
"pt_2_ard"	64.7884672846085	8.09776984997497	0.0113595362708551	2
"pt_3_eq"	72.3651121240379	15.6744146894044	0.000257106514026698	9
"pt_3_ard"	80.3641848810994	23.6734874464659	4.71125379901084e-06	2
