"AICc"	"Delta_AICc"	"AICcWt"	"K_rates"
"pt_1_eq"	53.9689285509703	0	0.685436021754516	1
"pt_1_ard"	55.9363111487542	1.9673825977839	0.256303903891616	2
"pt_2_eq"	59.051667483984	5.08273893301371	0.0539838915463882	4
"pt_2_ard"	64.1814929296825	10.2125643787123	0.00415275917396536	2
"pt_3_eq"	71.2747858705333	17.305857319563	0.000119687213193018	9
"pt_3_ard"	78.2082933969765	24.2393648460063	3.7364203217197e-06	2
