"AICc"	"Delta_AICc"	"AICcWt"	"K_rates"
"pt_1_eq"	55.3166986777219	0	0.695983992859983	1
"pt_1_ard"	57.2718052871976	1.95510660947571	0.261850402160588	2
"pt_2_eq"	61.9198732793977	6.60317460167587	0.0256293802764411	4
"pt_2_ard"	62.8293691305297	7.5126704528078	0.0162646076112233	2
"pt_3_eq"	71.0791143829119	15.76241570519	0.000262926384904972	9
"pt_3_ard"	77.8983540029165	22.5816553251947	8.69070685955634e-06	2
