"AICc"	"Delta_AICc"	"AICcWt"	"K_rates"
"pt_1_eq"	56.778511125366	0	0.667872566964902	1
"pt_1_ard"	58.6343232921191	1.8558121667532	0.264063948754734	2
"pt_2_eq"	61.7266281239208	4.94811699855485	0.0562630991664657	4
"pt_2_ard"	64.8898749043654	8.11136377899949	0.0115699994980491	2
"pt_3_eq"	72.7385344155528	15.9600232901868	0.000228569659901165	9
"pt_3_ard"	82.4089924136587	25.6304812882928	1.81595594796663e-06	2
