"AICc"	"Delta_AICc"	"AICcWt"	"K_rates"
"pt_1_eq"	57.8112445488129	0	0.633295911089439	1
"pt_1_ard"	59.7300390457735	1.91879449696057	0.242630701030896	2
"pt_2_eq"	61.4096327293285	3.59838818051563	0.104767509161044	4
"pt_2_ard"	64.8342467758261	7.02300222701323	0.0189051935151726	6
"pt_3_eq"	72.5864636939066	14.7752191450937	0.000391930094457617	9
"pt_3_ard"	80.1893558517554	22.3781113029425	8.75510898957421e-06	12
