"AICc"	"Delta_AICc"	"AICcWt"	"K_rates"
"pt_1_eq"	55.7210865154593	0	0.638517628740715	1
"pt_1_ard"	57.7120742021906	1.99098768673136	0.235958381841021	2
"pt_2_eq"	59.2374345674451	3.51634805198589	0.110054451694353	4
"pt_2_ard"	63.2044773350974	7.48339081963818	0.0151417204087108	6
"pt_3_eq"	70.9070954951647	15.1860089797054	0.000321790294426672	9
"pt_3_ard"	78.862390000597	23.1413034851377	6.02702077282202e-06	12
