"AICc"	"Delta_AICc"	"AICcWt"	"K_rates"
"pt_1_eq"	57.4471605348178	0	0.659248718710847	1
"pt_1_ard"	59.5343626459507	2.08720211113292	0.232176956882973	2
"pt_2_eq"	61.1224713965355	3.67531086171767	0.104945949485714	4
"pt_2_ard"	67.9634221128018	10.516261577984	0.00343140601015914	2
"pt_3_eq"	73.7263606492233	16.2792001144055	0.000192338358225613	9
"pt_3_ard"	81.1795206543269	23.732360119509	4.63055208080047e-06	2
