"AICc"	"Delta_AICc"	"AICcWt"	"K_rates"
"pt_1_eq"	57.0166997677038	0	0.626161050118542	1
"pt_1_ard"	59.0614927679169	2.04479300021308	0.22525004729737	2
"pt_2_eq"	60.170691382971	3.15399161526722	0.129361627833758	4
"pt_2_ard"	64.0124347534723	6.99573498576853	0.0189487906905105	6
"pt_3_eq"	72.4877362221075	15.4710364544037	0.000273648560813453	9
"pt_3_ard"	80.559456877166	23.5427571094622	4.83549900702222e-06	12
