"AICc"	"Delta_AICc"	"AICcWt"	"K_rates"
"pt_1_eq"	54.5657117661966	0	0.665705260158573	1
"pt_1_ard"	56.5300912745804	1.96437950838374	0.249300068694468	2
"pt_2_eq"	58.984645878303	4.41893411210637	0.0730672291222819	4
"pt_2_ard"	62.6514147225299	8.08570295633331	0.0116813732364635	2
"pt_3_eq"	70.4173844164866	15.85167265029	0.000240511035490357	9
"pt_3_ard"	77.9525286846179	23.3868169184213	5.55775272297749e-06	2
