"AICc"	"Delta_AICc"	"AICcWt"	"K_rates"
"pt_1_eq"	54.9081458103376	0	0.66989136579344	1
"pt_1_ard"	56.8088929384901	1.90074712815254	0.258977709569004	2
"pt_2_eq"	59.7412741175954	4.83312830725787	0.0597728416628645	4
"pt_2_ard"	63.1048764234479	8.19673061311031	0.0111200551915259	6
"pt_3_eq"	70.8377760775301	15.9296302671925	0.00023277113183382	9
"pt_3_ard"	78.4188990951259	23.5107532847883	5.25665133253587e-06	12
