"AICc"	"Delta_AICc"	"AICcWt"	"K_rates"
"pt_1_eq"	58.4872508218933	0	0.694228902364787	1
"pt_1_ard"	60.4865719167191	1.9993210948258	0.255479249021529	2
"pt_2_eq"	65.1006975392879	6.61344671739458	0.0254337842271418	4
"pt_2_ard"	65.1883197405281	6.7010689186348	0.0243435585184894	2
"pt_3_eq"	72.9461585782285	14.4589077563352	0.000503258088760039	9
"pt_3_ard"	80.5480234272003	22.060772605307	1.12477792925801e-05	2
