"AICc"	"Delta_AICc"	"AICcWt"	"K_rates"
"pt_1_eq"	55.2447697487342	0	0.678034492575182	1
"pt_1_ard"	57.1009430847461	1.85617333601181	0.268033371329514	2
"pt_2_eq"	60.6948624787259	5.45009272999167	0.0444405257675857	4
"pt_2_ard"	63.8216073849217	8.57683763618748	0.00930711668588271	2
"pt_3_eq"	71.699333462104	16.4545637133697	0.000181212718754662	9
"pt_3_ard"	79.7224270080622	24.4776572593279	3.28092308110569e-06	2
