"AICc"	"Delta_AICc"	"AICcWt"	"K_rates"
"pt_1_eq"	57.5822418736287	0	0.658145951443143	1
"pt_1_ard"	59.5099792300597	1.92773735643099	0.251026381507797	2
"pt_2_eq"	61.8333013909133	4.25105951728457	0.0785626942413136	4
"pt_2_ard"	65.5882705431792	8.0060286695505	0.012018082404654	2
"pt_3_eq"	73.3925144621245	15.8102725884958	0.000242753300207621	9
"pt_3_ard"	81.5366143536425	23.9543724800138	4.13710288403775e-06	2
