"AICc"	"Delta_AICc"	"AICcWt"	"K_rates"
"pt_1_eq"	55.1233510304389	0	0.699702987093116	1
"pt_1_ard"	57.036954602191	1.91360357175208	0.268769505381572	2
"pt_2_eq"	61.7265256287323	6.60317459829336	0.0257663310522547	4
"pt_2_ard"	64.8138012770295	9.69045024659057	0.00550375627133476	2
"pt_3_eq"	70.9542687763847	15.8309177459458	0.000255431008274573	9
"pt_3_ard"	80.664714961709	25.5413639312701	1.98919344825614e-06	2
