"AICc"	"Delta_AICc"	"AICcWt"	"K_rates"
"pt_1_eq"	59.8060684850394	0	0.651998409116658	1
"pt_1_ard"	61.8241115196965	2.01804303465715	0.237702669439193	2
"pt_2_eq"	63.6063448310576	3.80027634601823	0.097505028292955	4
"pt_2_ard"	67.7062971285809	7.9002286435415	0.0125525998080994	2
"pt_3_eq"	75.6448412776635	15.8387727926241	0.000237083169228147	9
"pt_3_ard"	83.7066553961542	23.9005869111148	4.21017386669239e-06	2
