"AICc"	"Delta_AICc"	"AICcWt"	"K_rates"
"pt_1_eq"	55.2559774434864	0	0.697779511775052	1
"pt_1_ard"	57.224577137538	1.96859969405161	0.260760749964761	2
"pt_2_eq"	61.8591520461404	6.60317460265399	0.025695499653889	4
"pt_2_ard"	62.8666898034042	7.61071235991778	0.0155264805248471	2
"pt_3_eq"	71.2900409276161	16.0340634841297	0.000230125935348401	9
"pt_3_ard"	78.1025561810185	22.846578737532	7.63214610246125e-06	2
